Workbook
Name AREAland.C: [1]input!$L$287
Name AREAland.R: [1]input!$L$259
Name AREAsea.C: [1]input!$L$288
Name AREAsea.R: [1]input!$L$260
Name DEPTHfreshwater.C: [1]input!$L$300
Name DEPTHfreshwater.R: [1]input!$L$270
Name DEPTHlake.C: [1]input!$L$299
Name DEPTHlake.R: [1]input!$L$269
Name FRACagsoil.C: [1]input!$L$294
Name FRACfresh.C: [1]input!$L$292
Name FRAClake.C: [1]input!$L$291
Name FRACnatsoil.C: [1]input!$L$293
Name FRACothersoil.C: [1]input!$L$295
Name période_sélectionnée: [2]Echéancier!$H$2
Name PériodeDansPlan: [2]Echéancier!A$5=MEDIAN([2]Echéancier!A$5,[2]Echéancier!$C1,[2]Echéancier!$C1+[2]Echéancier!$D1-1)
Name PériodeDansRéel: [2]Echéancier!A$5=MEDIAN([2]Echéancier!A$5,[2]Echéancier!$E1,[2]Echéancier!$E1+[2]Echéancier!$F1-1)
Name Plan: PériodeDansPlan*([2]Echéancier!$C1>0)
Name PourcentageAccompli: PourcentageAccompliAuDelà*PériodeDansPlan
Name Réel: (PériodeDansRéel*([2]Echéancier!$E1>0))*PériodeDansPlan
Name RéelAuDelà: PériodeDansRéel*([2]Echéancier!$E1>0)
Name RegionBaseRowNr: [3]Run!$F$10
Name SYSTEMAREA.C: [1]continental!$L$16
Name SYSTEMAREA.R: [1]regional!$L$16

Sheet description
B3: SUPPORTING INFORMATION FOR:
B5: Louvet, J., Quik, J.T.K., Boulay A.-M. (under review). Regionalized Characterization Factors for Microplastics Emissions in Life Cycle Assessment Considering Multimedia Fate Modelling
B9: Description:
B10: Supplementary information with derivation of input data for SimpleBox object-oriented (SBoo): degradation data, landscape data, UV intensity calculations, exposure and effect factors (EEFs), SDFs.
B14: Table of content:
B16: 1.1 Fate Factors calculated (in days)
B17: 2.1 SSDRs for water compartments
B18: 2.2 SSDRs for sediment compartments
B19: 2.3 SSDRs for soil compartments
B20: 3.1 Default sedimentation rates for low-density polymers
B21: 4.1. Regionalization parameters
B22: 4.2. Calculations of regionalized depth and surface area for lake and river
B23: 5. References

Sheet 1.1.SSDR_water
B2: SSDR water
B4: SSDR values are taken from Louvet et al. (2026), Saadi et al. (2025), Saadi & Boulay (2026), and Corella-Puertas et al. (2023). SBoo requires [m/s] as an input for Kssdr. It is assumed that SSDRs are log-normally distributed (Corella-Puertas et al., 2023), and that the lower to upper limit represents the 99% confidence interval (CI), from which the distribution parameters are derived and used as an input in SBoo (for probabilistic solver). However, when plasticFADE model empirical degradation constants (and their CI) are available, they are used as input to compute degradation rates, ignoring the values below.
I5: log-normal distribution | J5: z_0.995 = | K5: 2.576
B6: Polymer type | C6: Geometric mean SSDR [µm/year] | D6: Lower limit SSDR [µm/year] | E6: Upper limit SSDR [µm/year] | F6: Geometric mean SSDR [m/s] | G6: Lower limit SSDR [m/s] | H6: Upper limit SSDR [m/s] | I6: mu | J6: sigma
B7: EPS | C7: =GEOMEAN(D7,E7) -> 0.031622777 | D7: 0.001 | E7: 1 | F7: =GEOMEAN(G7:H7) -> 1.0027517e-15 | G7: =(D7*0.000001)/(365*24*3600) -> 3.1709792e-17 | H7: =(E7*0.000001)/(365*24*3600) -> 3.1709792e-14 | I7: =LN(F7) -> -34.536029 | J7: =(LN(H7)-LN(G7))/(2*$K$5) -> 1.340791
B8: HDPE | C8: =GEOMEAN(D8,E8) -> 0.10954451 | D8: 0.001 | E8: 12 | F8: =GEOMEAN(G8:H8) -> 3.4736337e-15 | G8: =(D8*0.000001)/(365*24*3600) -> 3.1709792e-17 | H8: =(E8*0.000001)/(365*24*3600) -> 3.805175e-13 | I8: =LN(F8) -> -33.293575 | J8: =(LN(H8)-LN(G8))/(2*$K$5) -> 1.8231098
B9: LDPE | C9: =GEOMEAN(D9,E9) -> 0.19498718 | D9: 0.001 | E9: 38.02 | F9: =GEOMEAN(G9:H9) -> 6.1830029e-15 | G9: =(D9*0.000001)/(365*24*3600) -> 3.1709792e-17 | H9: =(E9*0.000001)/(365*24*3600) -> 1.2056063e-12 | I9: =LN(F9) -> -32.716972 | J9: =(LN(H9)-LN(G9))/(2*$K$5) -> 2.0469464
B10: PA_Nylon | C10: =GEOMEAN(D10,E10) -> 3.2 | D10: 0.032 | E10: 320 | F10: =GEOMEAN(G10:H10) -> 1.0147133e-13 | G10: =(D10*0.000001)/(365*24*3600) -> 1.0147133e-15 | H10: =(E10*0.000001)/(365*24*3600) -> 1.0147133e-11 | I10: =LN(F10) -> -29.919 | J10: =(LN(H10)-LN(G10))/(2*$K$5) -> 1.7877213
B11: PET | C11: =GEOMEAN(D11,E11) -> 0.32403703 | D11: 0.001 | E11: 105 | F11: =GEOMEAN(G11:H11) -> 1.0275147e-14 | G11: =(D11*0.000001)/(365*24*3600) -> 3.1709792e-17 | H11: =(E11*0.000001)/(365*24*3600) -> 3.3295282e-12 | I11: =LN(F11) -> -32.209048 | J11: =(LN(H11)-LN(G11))/(2*$K$5) -> 2.2441218
B12: PP | C12: =GEOMEAN(D12,E12) -> 1.2328828 | D12: 0.2 | E12: 7.6 | F12: =GEOMEAN(G12:H12) -> 3.9094457e-14 | G12: =(D12*0.000001)/(365*24*3600) -> 6.3419584e-15 | H12: =(E12*0.000001)/(365*24*3600) -> 2.4099442e-13 | I12: =LN(F12) -> -30.872796 | J12: =(LN(H12)-LN(G12))/(2*$K$5) -> 0.70605321
B13: PS | C13: =GEOMEAN(D13,E13) -> 0.031622777 | D13: 0.001 | E13: 1 | F13: =GEOMEAN(G13:H13) -> 1.0027517e-15 | G13: =(D13*0.000001)/(365*24*3600) -> 3.1709792e-17 | H13: =(E13*0.000001)/(365*24*3600) -> 3.1709792e-14 | I13: =LN(F13) -> -34.536029 | J13: =(LN(H13)-LN(G13))/(2*$K$5) -> 1.340791
B14: PVC | C14: =GEOMEAN(D14,E14) -> 0.01 | D14: 0.001 | E14: 0.1 | F14: =GEOMEAN(G14:H14) -> 3.1709792e-16 | G14: =(D14*0.000001)/(365*24*3600) -> 3.1709792e-17 | H14: =(E14*0.000001)/(365*24*3600) -> 3.1709792e-15 | I14: =LN(F14) -> -35.687321 | J14: =(LN(H14)-LN(G14))/(2*$K$5) -> 0.89386067
B15: PU | C15: =GEOMEAN(D15,E15) -> 0.25248762 | D15: 0.001 | E15: 63.75 | F15: =GEOMEAN(G15:H15) -> 8.00633e-15 | G15: =(D15*0.000001)/(365*24*3600) -> 3.1709792e-17 | H15: =(E15*0.000001)/(365*24*3600) -> 2.0214992e-12 | I15: =LN(F15) -> -32.458544 | J15: =(LN(H15)-LN(G15))/(2*$K$5) -> 2.1472679
B16: PAN | C16: =GEOMEAN(D16,E16) -> 0.01 | D16: 0.001 | E16: 0.1 | F16: =GEOMEAN(G16:H16) -> 3.1709792e-16 | G16: =(D16*0.000001)/(365*24*3600) -> 3.1709792e-17 | H16: =(E16*0.000001)/(365*24*3600) -> 3.1709792e-15 | I16: =LN(F16) -> -35.687321 | J16: =(LN(H16)-LN(G16))/(2*$K$5) -> 0.89386067
B17: TRWP | C17: - | D17: - | E17: - | F17: =GEOMEAN(G17:H17) -> 3.3287916e-15 | G17: 3.16881e-17 | H17: 3.49685e-13 | I17: =LN(F17) -> -33.336167 | J17: =(LN(H17)-LN(G17))/(2*$K$5) -> 1.8068414
B18: PHA | C18: =GEOMEAN(D18,E18) -> 112.62327 | D18: 7.55 | E18: 1680 | F18: =GEOMEAN(G18:H18) -> 3.5712603e-12 | G18: =(D18*0.000001)/(365*24*3600) -> 2.3940893e-13 | H18: =(E18*0.000001)/(365*24*3600) -> 5.3272451e-11 | I18: =LN(F18) -> -26.358103 | J18: =(LN(H18)-LN(G18))/(2*$K$5) -> 1.0491074
B19: PLA | C19: =GEOMEAN(D19,E19) -> 0.08660254 | D19: 0.001 | E19: 7.5 | F19: =GEOMEAN(G19:H19) -> 2.7461485e-15 | G19: =(D19*0.000001)/(365*24*3600) -> 3.1709792e-17 | H19: =(E19*0.000001)/(365*24*3600) -> 2.3782344e-13 | I19: =LN(F19) -> -33.528577 | J19: =(LN(H19)-LN(G19))/(2*$K$5) -> 1.7318824
B20: PCL | C20: =GEOMEAN(D20,E20) -> 14.839903 | D20: 1.31416 | E20: 167.5768 | F20: =GEOMEAN(G20:H20) -> 4.7057024e-13 | G20: =(D20*0.000001)/(365*24*3600) -> 4.167174e-14 | H20: =(E20*0.000001)/(365*24*3600) -> 5.3138255e-12 | I20: =LN(F20) -> -28.384831 | J20: =(LN(H20)-LN(G20))/(2*$K$5) -> 0.94104116
B21: PBSA | C21: =GEOMEAN(D21,E21) -> 1.5655184 | D21: 0.608 | E21: 4.031 | F21: =GEOMEAN(G21:H21) -> 4.9642264e-14 | G21: =(D21*0.000001)/(365*24*3600) -> 1.9279554e-14 | H21: =(E21*0.000001)/(365*24*3600) -> 1.2782217e-13 | I21: =LN(F21) -> -30.633934 | J21: =(LN(H21)-LN(G21))/(2*$K$5) -> 0.36715739
B22: starch_blend | C22: 101.29 | D22: =C22/10 -> 10.129 | E22: =C22*10 -> 1012.9 | F22: =GEOMEAN(G22:H22) -> 3.2118848e-12 | G22: =(D22*0.000001)/(365*24*3600) -> 3.2118848e-13 | H22: =(E22*0.000001)/(365*24*3600) -> 3.2118848e-11 | I22: =LN(F22) -> -26.464163 | J22: =(LN(H22)-LN(G22))/(2*$K$5) -> 0.89386067
B23: PBAT | C23: =GEOMEAN(D23,E23) -> 11.752936 | D23: 10.27 | E23: 13.45 | F23: =GEOMEAN(G23:H23) -> 3.7268315e-13 | G23: =(D23*0.000001)/(365*24*3600) -> 3.2565956e-13 | H23: =(E23*0.000001)/(365*24*3600) -> 4.264967e-13 | I23: =LN(F23) -> -28.618048 | J23: =(LN(H23)-LN(G23))/(2*$K$5) -> 0.052358712
B24: Cotton | C24: =GEOMEAN(D24,E24) -> 18.300786 | D24: 5.9971847 | E24: 55.845997 | F24: =GEOMEAN(G24:H24) -> 5.8031411e-13 | G24: =(D24*0.000001)/(365*24*3600) -> 1.9016948e-13 | H24: =(E24*0.000001)/(365*24*3600) -> 1.770865e-12 | I24: =LN(F24) -> -28.175207 | J24: =(LN(H24)-LN(G24))/(2*$K$5) -> 0.43309544
B25: Linen | C25: =GEOMEAN(D25,E25) -> 32.689902 | D25: 21.74 | E25: 49.155 | F25: =GEOMEAN(G25:H25) -> 1.03659e-12 | G25: =(D25*0.000001)/(365*24*3600) -> 6.8937088e-13 | H25: =(E25*0.000001)/(365*24*3600) -> 1.5586948e-12 | I25: =LN(F25) -> -27.595085 | J25: =(LN(H25)-LN(G25))/(2*$K$5) -> 0.15835107
B26: Viscose | C26: =GEOMEAN(D26,E26) -> 24.559331 | D26: 21.922321 | E26: 27.513544 | F26: =GEOMEAN(G26:H26) -> 7.7877128e-13 | G26: =(D26*0.000001)/(365*24*3600) -> 6.9515223e-13 | H26: =(E26*0.000001)/(365*24*3600) -> 8.7244877e-13 | I26: =LN(F26) -> -27.881059 | J26: =(LN(H26)-LN(G26))/(2*$K$5) -> 0.044094154
B27: Rayon | C27: =GEOMEAN(D27,E27) -> 24.559331 | D27: 21.922321 | E27: 27.513544 | F27: =GEOMEAN(G27:H27) -> 7.7877128e-13 | G27: =(D27*0.000001)/(365*24*3600) -> 6.9515223e-13 | H27: =(E27*0.000001)/(365*24*3600) -> 8.7244877e-13 | I27: =LN(F27) -> -27.881059 | J27: =(LN(H27)-LN(G27))/(2*$K$5) -> 0.044094154
B28: Lyocell | C28: =GEOMEAN(D28,E28) -> 39.899771 | D28: 37.799367 | E28: 42.116889 | F28: =GEOMEAN(G28:H28) -> 1.2652134e-12 | G28: =(D28*0.000001)/(365*24*3600) -> 1.1986101e-12 | H28: =(E28*0.000001)/(365*24*3600) -> 1.3355178e-12 | I28: =LN(F28) -> -27.39578 | J28: =(LN(H28)-LN(G28))/(2*$K$5) -> 0.020993104
B29: Modal | C29: =GEOMEAN(D29,E29) -> 51.909814 | D29: 49.834159 | E29: 54.071923 | F29: =GEOMEAN(G29:H29) -> 1.6460494e-12 | G29: =(D29*0.000001)/(365*24*3600) -> 1.5802308e-12 | H29: =(E29*0.000001)/(365*24*3600) -> 1.7146094e-12 | I29: =LN(F29) -> -27.132643 | J29: =(LN(H29)-LN(G29))/(2*$K$5) -> 0.015841305

Sheet 1.2.SSDR_sediment
B2: SSDR sediment
B4: SSDR values are taken from Louvet et al. (2026), Saadi et al. (2025), Saadi & Boulay (2026), and Corella-Puertas et al. (2023). SBoo requires [m/s] as an input for Kssdr. It is assumed that SSDRs are log-normally distributed (Corella-Puertas et al., 2023), and that the lower to upper limit represents the 99% confidence interval (CI), from which the distribution parameters are derived and used as an input in SBoo (for probabilistic solver). However, when plasticFADE model empirical degradation constants (and their CI) are available, they are used as input to compute degradation rates, ignoring the values below.
I5: log-normal distribution | J5: z_0.995 = | K5: 2.576
B6: Polymer type | C6: Geometric mean SSDR [µm/year] | D6: Lower limit SSDR [µm/year] | E6: Upper limit SSDR [µm/year] | F6: Geometric mean SSDR [m/s] | G6: Lower limit SSDR [m/s] | H6: Upper limit SSDR [m/s] | I6: mu | J6: sigma
B7: EPS | C7: =GEOMEAN(D7,E7) -> 0.031622777 | D7: 0.001 | E7: 1 | F7: =GEOMEAN(G7:H7) -> 1.0027517e-15 | G7: =(D7*0.000001)/(365*24*3600) -> 3.1709792e-17 | H7: =(E7*0.000001)/(365*24*3600) -> 3.1709792e-14 | I7: =LN(F7) -> -34.536029 | J7: =(LN(H7)-LN(G7))/(2*$K$5) -> 1.340791
B8: HDPE | C8: =GEOMEAN(D8,E8) -> 0.10954451 | D8: 0.001 | E8: 12 | F8: =GEOMEAN(G8:H8) -> 3.4736337e-15 | G8: =(D8*0.000001)/(365*24*3600) -> 3.1709792e-17 | H8: =(E8*0.000001)/(365*24*3600) -> 3.805175e-13 | I8: =LN(F8) -> -33.293575 | J8: =(LN(H8)-LN(G8))/(2*$K$5) -> 1.8231098
B9: LDPE | C9: =GEOMEAN(D9,E9) -> 0.70413067 | D9: 0.67 | E9: 0.74 | F9: =GEOMEAN(G9:H9) -> 2.2327837e-14 | G9: =(D9*0.000001)/(365*24*3600) -> 2.1245561e-14 | H9: =(E9*0.000001)/(365*24*3600) -> 2.3465246e-14 | I9: =LN(F9) -> -31.432942 | J9: =(LN(H9)-LN(G9))/(2*$K$5) -> 0.019288135
B10: PA_Nylon | C10: =GEOMEAN(D10,E10) -> 3.2 | D10: 0.032 | E10: 320 | F10: =GEOMEAN(G10:H10) -> 1.0147133e-13 | G10: =(D10*0.000001)/(365*24*3600) -> 1.0147133e-15 | H10: =(E10*0.000001)/(365*24*3600) -> 1.0147133e-11 | I10: =LN(F10) -> -29.919 | J10: =(LN(H10)-LN(G10))/(2*$K$5) -> 1.7877213
B11: PET | C11: =GEOMEAN(D11,E11) -> 0.32403703 | D11: 0.001 | E11: 105 | F11: =GEOMEAN(G11:H11) -> 1.0275147e-14 | G11: =(D11*0.000001)/(365*24*3600) -> 3.1709792e-17 | H11: =(E11*0.000001)/(365*24*3600) -> 3.3295282e-12 | I11: =LN(F11) -> -32.209048 | J11: =(LN(H11)-LN(G11))/(2*$K$5) -> 2.2441218
B12: PP | C12: =GEOMEAN(D12,E12) -> 1.2328828 | D12: 0.2 | E12: 7.6 | F12: =GEOMEAN(G12:H12) -> 3.9094457e-14 | G12: =(D12*0.000001)/(365*24*3600) -> 6.3419584e-15 | H12: =(E12*0.000001)/(365*24*3600) -> 2.4099442e-13 | I12: =LN(F12) -> -30.872796 | J12: =(LN(H12)-LN(G12))/(2*$K$5) -> 0.70605321
B13: PS | C13: =GEOMEAN(D13,E13) -> 0.031622777 | D13: 0.001 | E13: 1 | F13: =GEOMEAN(G13:H13) -> 1.0027517e-15 | G13: =(D13*0.000001)/(365*24*3600) -> 3.1709792e-17 | H13: =(E13*0.000001)/(365*24*3600) -> 3.1709792e-14 | I13: =LN(F13) -> -34.536029 | J13: =(LN(H13)-LN(G13))/(2*$K$5) -> 1.340791
B14: PVC | C14: =GEOMEAN(D14,E14) -> 0.01 | D14: 0.001 | E14: 0.1 | F14: =GEOMEAN(G14:H14) -> 3.1709792e-16 | G14: =(D14*0.000001)/(365*24*3600) -> 3.1709792e-17 | H14: =(E14*0.000001)/(365*24*3600) -> 3.1709792e-15 | I14: =LN(F14) -> -35.687321 | J14: =(LN(H14)-LN(G14))/(2*$K$5) -> 0.89386067
B15: PU | C15: =GEOMEAN(D15,E15) -> 0.25248762 | D15: 0.001 | E15: 63.75 | F15: =GEOMEAN(G15:H15) -> 8.00633e-15 | G15: =(D15*0.000001)/(365*24*3600) -> 3.1709792e-17 | H15: =(E15*0.000001)/(365*24*3600) -> 2.0214992e-12 | I15: =LN(F15) -> -32.458544 | J15: =(LN(H15)-LN(G15))/(2*$K$5) -> 2.1472679
B16: PAN | C16: =GEOMEAN(D16,E16) -> 0.01 | D16: 0.001 | E16: 0.1 | F16: =GEOMEAN(G16:H16) -> 3.1709792e-16 | G16: =(D16*0.000001)/(365*24*3600) -> 3.1709792e-17 | H16: =(E16*0.000001)/(365*24*3600) -> 3.1709792e-15 | I16: =LN(F16) -> -35.687321 | J16: =(LN(H16)-LN(G16))/(2*$K$5) -> 0.89386067
B17: TRWP | C17: - | D17: - | E17: - | F17: =GEOMEAN(G17:H17) -> 3.3287916e-15 | G17: 3.16881e-17 | H17: 3.49685e-13 | I17: =LN(F17) -> -33.336167 | J17: =(LN(H17)-LN(G17))/(2*$K$5) -> 1.8068414
B18: PHA | C18: =GEOMEAN(D18,E18) -> 6.1773214 | D18: 0.23 | E18: 165.91 | F18: =GEOMEAN(G18:H18) -> 1.9588158e-13 | G18: =(D18*0.000001)/(365*24*3600) -> 7.2932522e-15 | H18: =(E18*0.000001)/(365*24*3600) -> 5.2609716e-12 | I18: =LN(F18) -> -29.261266 | J18: =(LN(H18)-LN(G18))/(2*$K$5) -> 1.2773916
B19: PLA | C19: =GEOMEAN(D19,E19) -> 0.08660254 | D19: 0.001 | E19: 7.5 | F19: =GEOMEAN(G19:H19) -> 2.7461485e-15 | G19: =(D19*0.000001)/(365*24*3600) -> 3.1709792e-17 | H19: =(E19*0.000001)/(365*24*3600) -> 2.3782344e-13 | I19: =LN(F19) -> -33.528577 | J19: =(LN(H19)-LN(G19))/(2*$K$5) -> 1.7318824
B20: PCL | C20: =GEOMEAN(D20,E20) -> 14.839903 | D20: 1.31416 | E20: 167.5768 | F20: =GEOMEAN(G20:H20) -> 4.7057024e-13 | G20: =(D20*0.000001)/(365*24*3600) -> 4.167174e-14 | H20: =(E20*0.000001)/(365*24*3600) -> 5.3138255e-12 | I20: =LN(F20) -> -28.384831 | J20: =(LN(H20)-LN(G20))/(2*$K$5) -> 0.94104116
B21: PBSA | C21: =GEOMEAN(D21,E21) -> 1.5655184 | D21: 0.608 | E21: 4.031 | F21: =GEOMEAN(G21:H21) -> 4.9642264e-14 | G21: =(D21*0.000001)/(365*24*3600) -> 1.9279554e-14 | H21: =(E21*0.000001)/(365*24*3600) -> 1.2782217e-13 | I21: =LN(F21) -> -30.633934 | J21: =(LN(H21)-LN(G21))/(2*$K$5) -> 0.36715739
B22: starch_blend | C22: 101.29 | D22: =C22/10 -> 10.129 | E22: =C22*10 -> 1012.9 | F22: =GEOMEAN(G22:H22) -> 3.2118848e-12 | G22: =(D22*0.000001)/(365*24*3600) -> 3.2118848e-13 | H22: =(E22*0.000001)/(365*24*3600) -> 3.2118848e-11 | I22: =LN(F22) -> -26.464163 | J22: =(LN(H22)-LN(G22))/(2*$K$5) -> 0.89386067
B23: PBAT | C23: =GEOMEAN(D23,E23) -> 11.752936 | D23: 10.27 | E23: 13.45 | F23: =GEOMEAN(G23:H23) -> 3.7268315e-13 | G23: =(D23*0.000001)/(365*24*3600) -> 3.2565956e-13 | H23: =(E23*0.000001)/(365*24*3600) -> 4.264967e-13 | I23: =LN(F23) -> -28.618048 | J23: =(LN(H23)-LN(G23))/(2*$K$5) -> 0.052358712
B24: Cotton | C24: =GEOMEAN(D24,E24) -> 18.300786 | D24: 5.9971847 | E24: 55.845997 | F24: =GEOMEAN(G24:H24) -> 5.8031411e-13 | G24: =(D24*0.000001)/(365*24*3600) -> 1.9016948e-13 | H24: =(E24*0.000001)/(365*24*3600) -> 1.770865e-12 | I24: =LN(F24) -> -28.175207 | J24: =(LN(H24)-LN(G24))/(2*$K$5) -> 0.43309544
B25: Linen | C25: =GEOMEAN(D25,E25) -> 32.689902 | D25: 21.74 | E25: 49.155 | F25: =GEOMEAN(G25:H25) -> 1.03659e-12 | G25: =(D25*0.000001)/(365*24*3600) -> 6.8937088e-13 | H25: =(E25*0.000001)/(365*24*3600) -> 1.5586948e-12 | I25: =LN(F25) -> -27.595085 | J25: =(LN(H25)-LN(G25))/(2*$K$5) -> 0.15835107
B26: Viscose | C26: =GEOMEAN(D26,E26) -> 24.559331 | D26: 21.922321 | E26: 27.513544 | F26: =GEOMEAN(G26:H26) -> 7.7877128e-13 | G26: =(D26*0.000001)/(365*24*3600) -> 6.9515223e-13 | H26: =(E26*0.000001)/(365*24*3600) -> 8.7244877e-13 | I26: =LN(F26) -> -27.881059 | J26: =(LN(H26)-LN(G26))/(2*$K$5) -> 0.044094154
B27: Rayon | C27: =GEOMEAN(D27,E27) -> 24.559331 | D27: 21.922321 | E27: 27.513544 | F27: =GEOMEAN(G27:H27) -> 7.7877128e-13 | G27: =(D27*0.000001)/(365*24*3600) -> 6.9515223e-13 | H27: =(E27*0.000001)/(365*24*3600) -> 8.7244877e-13 | I27: =LN(F27) -> -27.881059 | J27: =(LN(H27)-LN(G27))/(2*$K$5) -> 0.044094154
B28: Lyocell | C28: =GEOMEAN(D28,E28) -> 39.899771 | D28: 37.799367 | E28: 42.116889 | F28: =GEOMEAN(G28:H28) -> 1.2652134e-12 | G28: =(D28*0.000001)/(365*24*3600) -> 1.1986101e-12 | H28: =(E28*0.000001)/(365*24*3600) -> 1.3355178e-12 | I28: =LN(F28) -> -27.39578 | J28: =(LN(H28)-LN(G28))/(2*$K$5) -> 0.020993104
B29: Modal | C29: =GEOMEAN(D29,E29) -> 51.909814 | D29: 49.834159 | E29: 54.071923 | F29: =GEOMEAN(G29:H29) -> 1.6460494e-12 | G29: =(D29*0.000001)/(365*24*3600) -> 1.5802308e-12 | H29: =(E29*0.000001)/(365*24*3600) -> 1.7146094e-12 | I29: =LN(F29) -> -27.132643 | J29: =(LN(H29)-LN(G29))/(2*$K$5) -> 0.015841305

Sheet 1.3.SSDR_soil
B2: SSDR soil
B4: SSDR values are taken from Louvet et al. (2026), Saadi et al. (2025), Saadi & Boulay (2026), and Corella-Puertas et al. (2023). SBoo requires [m/s] as an input for Kssdr. It is assumed that SSDRs are log-normally distributed (Corella-Puertas et al., 2023), and that the lower to upper limit represents the 99% confidence interval (CI), from which the distribution parameters are derived and used as an input in SBoo (for probabilistic solver). However, when plasticFADE model empirical degradation constants (and their CI) are available, they are used as input to compute degradation rates, ignoring the values below.
I5: log-normal distribution | J5: z_0.995 = | K5: 2.576
B6: Polymer type | C6: Geometric mean SSDR [µm/year] | D6: Lower limit SSDR [µm/year] | E6: Upper limit SSDR [µm/year] | F6: Geometric mean SSDR [m/s] | G6: Lower limit SSDR [m/s] | H6: Upper limit SSDR [m/s] | I6: mu | J6: sigma | K6: Note
B7: EPS | C7: =GEOMEAN(D7,E7) -> 0.031622777 | D7: 0.001 | E7: 1 | F7: =GEOMEAN(G7:H7) -> 1.0027517e-15 | G7: =(D7*0.000001)/(365*24*3600) -> 3.1709792e-17 | H7: =(E7*0.000001)/(365*24*3600) -> 3.1709792e-14 | I7: =LN(F7) -> -34.536029 | J7: =(LN(H7)-LN(G7))/(2*$K$5) -> 1.340791
B8: HDPE | C8: =GEOMEAN(D8,E8) -> 1.1401754 | D8: 1 | E8: 1.3 | F8: =GEOMEAN(G8:H8) -> 3.6154726e-14 | G8: =(D8*0.000001)/(365*24*3600) -> 3.1709792e-14 | H8: =(E8*0.000001)/(365*24*3600) -> 4.122273e-14 | I8: =LN(F8) -> -30.950969 | J8: =(LN(H8)-LN(G8))/(2*$K$5) -> 0.050924741
B9: LDPE | C9: =GEOMEAN(D9,E9) -> 15.556349 | D9: 11 | E9: 22 | F9: =GEOMEAN(G9:H9) -> 4.932886e-13 | G9: =(D9*0.000001)/(365*24*3600) -> 3.4880771e-13 | H9: =(E9*0.000001)/(365*24*3600) -> 6.9761542e-13 | I9: =LN(F9) -> -28.337682 | J9: =(LN(H9)-LN(G9))/(2*$K$5) -> 0.13453944
B10: PA_Nylon | C10: =GEOMEAN(D10,E10) -> 3.2 | D10: 0.032 | E10: 320 | F10: =GEOMEAN(G10:H10) -> 1.0147133e-13 | G10: =(D10*0.000001)/(365*24*3600) -> 1.0147133e-15 | H10: =(E10*0.000001)/(365*24*3600) -> 1.0147133e-11 | I10: =LN(F10) -> -29.919 | J10: =(LN(H10)-LN(G10))/(2*$K$5) -> 1.7877213
B11: PET | C11: =GEOMEAN(D11,E11) -> 0.59219929 | D11: 0.21 | E11: 1.67 | F11: =GEOMEAN(G11:H11) -> 1.8778516e-14 | G11: =(D11*0.000001)/(365*24*3600) -> 6.6590563e-15 | H11: =(E11*0.000001)/(365*24*3600) -> 5.2955353e-14 | I11: =LN(F11) -> -31.606063 | J11: =(LN(H11)-LN(G11))/(2*$K$5) -> 0.40245951
B12: PP | C12: =GEOMEAN(D12,E12) -> 0.69107852 | D12: 0.29775984 | E12: 1.603942 | F12: =GEOMEAN(G12:H12) -> 2.1913956e-14 | G12: =(D12*0.000001)/(365*24*3600) -> 9.4419026e-15 | H12: =(E12*0.000001)/(365*24*3600) -> 5.0860667e-14 | I12: =LN(F12) -> -31.451653 | J12: =(LN(H12)-LN(G12))/(2*$K$5) -> 0.32685023
B13: PS | C13: =GEOMEAN(D13,E13) -> 0.031622777 | D13: 0.001 | E13: 1 | F13: =GEOMEAN(G13:H13) -> 1.0027517e-15 | G13: =(D13*0.000001)/(365*24*3600) -> 3.1709792e-17 | H13: =(E13*0.000001)/(365*24*3600) -> 3.1709792e-14 | I13: =LN(F13) -> -34.536029 | J13: =(LN(H13)-LN(G13))/(2*$K$5) -> 1.340791
B14: PVC | C14: =GEOMEAN(D14,E14) -> 0.01 | D14: 0.001 | E14: 0.1 | F14: =GEOMEAN(G14:H14) -> 3.1709792e-16 | G14: =(D14*0.000001)/(365*24*3600) -> 3.1709792e-17 | H14: =(E14*0.000001)/(365*24*3600) -> 3.1709792e-15 | I14: =LN(F14) -> -35.687321 | J14: =(LN(H14)-LN(G14))/(2*$K$5) -> 0.89386067
B15: PU | C15: =GEOMEAN(D15,E15) -> 0.25248762 | D15: 0.001 | E15: 63.75 | F15: =GEOMEAN(G15:H15) -> 8.00633e-15 | G15: =(D15*0.000001)/(365*24*3600) -> 3.1709792e-17 | H15: =(E15*0.000001)/(365*24*3600) -> 2.0214992e-12 | I15: =LN(F15) -> -32.458544 | J15: =(LN(H15)-LN(G15))/(2*$K$5) -> 2.1472679
B16: PAN | C16: =GEOMEAN(D16,E16) -> 0.01 | D16: 0.001 | E16: 0.1 | F16: =GEOMEAN(G16:H16) -> 3.1709792e-16 | G16: =(D16*0.000001)/(365*24*3600) -> 3.1709792e-17 | H16: =(E16*0.000001)/(365*24*3600) -> 3.1709792e-15 | I16: =LN(F16) -> -35.687321 | J16: =(LN(H16)-LN(G16))/(2*$K$5) -> 0.89386067
B17: TRWP | C17: - | D17: - | E17: - | F17: =GEOMEAN(G17:H17) -> 2.6740142e-13 | G17: 6.15047e-14 | H17: 1.16257e-12 | I17: =LN(F17) -> -28.950025 | J17: =(LN(H17)-LN(G17))/(2*$K$5) -> 0.5705114
B18: PHA | C18: =GEOMEAN(D18,E18) -> 1194.7446 | D18: 912.5 | E18: 1564.29 | F18: =GEOMEAN(G18:H18) -> 3.7885102e-11 | G18: =(D18*0.000001)/(365*24*3600) -> 2.8935185e-11 | H18: =(E18*0.000001)/(365*24*3600) -> 4.9603311e-11 | I18: =LN(F18) -> -23.996463 | J18: =(LN(H18)-LN(G18))/(2*$K$5) -> 0.10461942
B19: PLA | C19: =GEOMEAN(D19,E19) -> 121.05227 | D19: 78.69 | E19: 186.22 | F19: =GEOMEAN(G19:H19) -> 3.8385423e-12 | G19: =(D19*0.000001)/(365*24*3600) -> 2.4952435e-12 | H19: =(E19*0.000001)/(365*24*3600) -> 5.9049975e-12 | I19: =LN(F19) -> -26.285928 | J19: =(LN(H19)-LN(G19))/(2*$K$5) -> 0.16719967
B20: PCL | C20: =GEOMEAN(D20,E20) -> 14.839903 | D20: 1.31416 | E20: 167.5768 | F20: =GEOMEAN(G20:H20) -> 4.7057024e-13 | G20: =(D20*0.000001)/(365*24*3600) -> 4.167174e-14 | H20: =(E20*0.000001)/(365*24*3600) -> 5.3138255e-12 | I20: =LN(F20) -> -28.384831 | J20: =(LN(H20)-LN(G20))/(2*$K$5) -> 0.94104116
B21: PBSA | C21: =GEOMEAN(D21,E21) -> 44.72287 | D21: 39.673913 | E21: 50.414365 | F21: =GEOMEAN(G21:H21) -> 1.4181529e-12 | G21: =(D21*0.000001)/(365*24*3600) -> 1.2580515e-12 | H21: =(E21*0.000001)/(365*24*3600) -> 1.598629e-12 | I21: =LN(F21) -> -27.281666 | J21: =(LN(H21)-LN(G21))/(2*$K$5) -> 0.046502771
B22: starch_blend | C22: 101.29 | D22: 42.74 | E22: 2556.9 | F22: =GEOMEAN(G22:H22) -> 1.0482564e-11 | G22: =(D22*0.000001)/(365*24*3600) -> 1.3552765e-12 | H22: =(E22*0.000001)/(365*24*3600) -> 8.1078767e-11 | I22: =LN(F22) -> -25.281308 | J22: =(LN(H22)-LN(G22))/(2*$K$5) -> 0.79414123
B23: PBAT | C23: =GEOMEAN(D23,E23) -> 5.4221767 | D23: 1.96 | E23: 15 | F23: =GEOMEAN(G23:H23) -> 1.7193609e-13 | G23: =(D23*0.000001)/(365*24*3600) -> 6.2151192e-14 | H23: =(E23*0.000001)/(365*24*3600) -> 4.7564688e-13 | I23: =LN(F23) -> -29.391654 | J23: =(LN(H23)-LN(G23))/(2*$K$5) -> 0.39501276
B24: Cotton | C24: =GEOMEAN(D24,E24) -> 3.9632422 | D24: =H35 -> 1.8766595 | E24: =H36 -> 8.3698127 | F24: =GEOMEAN(G24:H24) -> 1.2567359e-13 | G24: =(D24*0.000001)/(365*24*3600) -> 5.9508483e-14 | H24: =(E24*0.000001)/(365*24*3600) -> 2.6540502e-13 | I24: =LN(F24) -> -29.705088 | J24: =(LN(H24)-LN(G24))/(2*$K$5) -> 0.29020539
B25: Linen | C25: =GEOMEAN(D25,E25) -> 3.9632422 | D25: =D24 -> 1.8766595 | E25: =E24 -> 8.3698127 | F25: =GEOMEAN(G25:H25) -> 1.2567359e-13 | G25: =(D25*0.000001)/(365*24*3600) -> 5.9508483e-14 | H25: =(E25*0.000001)/(365*24*3600) -> 2.6540502e-13 | I25: =LN(F25) -> -29.705088 | J25: =(LN(H25)-LN(G25))/(2*$K$5) -> 0.29020539 | K25: No degradation data in soil available. The SSDR of cotton was chosen as a proxy, given their common cellulosic composition
B26: Viscose | C26: =GEOMEAN(D26,E26) -> 3.9632422 | D26: =D25 -> 1.8766595 | E26: =E25 -> 8.3698127 | F26: =GEOMEAN(G26:H26) -> 1.2567359e-13 | G26: =(D26*0.000001)/(365*24*3600) -> 5.9508483e-14 | H26: =(E26*0.000001)/(365*24*3600) -> 2.6540502e-13 | I26: =LN(F26) -> -29.705088 | J26: =(LN(H26)-LN(G26))/(2*$K$5) -> 0.29020539
B27: Rayon | C27: =GEOMEAN(D27,E27) -> 3.9632422 | D27: =D26 -> 1.8766595 | E27: =E26 -> 8.3698127 | F27: =GEOMEAN(G27:H27) -> 1.2567359e-13 | G27: =(D27*0.000001)/(365*24*3600) -> 5.9508483e-14 | H27: =(E27*0.000001)/(365*24*3600) -> 2.6540502e-13 | I27: =LN(F27) -> -29.705088 | J27: =(LN(H27)-LN(G27))/(2*$K$5) -> 0.29020539
B28: Lyocell | C28: =GEOMEAN(D28,E28) -> 3.9632422 | D28: =D27 -> 1.8766595 | E28: =E27 -> 8.3698127 | F28: =GEOMEAN(G28:H28) -> 1.2567359e-13 | G28: =(D28*0.000001)/(365*24*3600) -> 5.9508483e-14 | H28: =(E28*0.000001)/(365*24*3600) -> 2.6540502e-13 | I28: =LN(F28) -> -29.705088 | J28: =(LN(H28)-LN(G28))/(2*$K$5) -> 0.29020539
B29: Modal | C29: =GEOMEAN(D29,E29) -> 3.9632422 | D29: =D28 -> 1.8766595 | E29: =E28 -> 8.3698127 | F29: =GEOMEAN(G29:H29) -> 1.2567359e-13 | G29: =(D29*0.000001)/(365*24*3600) -> 5.9508483e-14 | H29: =(E29*0.000001)/(365*24*3600) -> 2.6540502e-13 | I29: =LN(F29) -> -29.705088 | J29: =(LN(H29)-LN(G29))/(2*$K$5) -> 0.29020539
B32: Additional SSDRs are computed, based on the approach of Maga et al. (2022)
B34: Material | C34: Reference | D34: shape factor (1, 2, 3) | E34: % Reduction in mass | F34: time (yr) | G34: Initial size (um) | H34: SSDR (um/yr) | I34: SSDR (m/s)
B35: Cotton | C35: Smith et al. (2021) | D35: 2 | E35: 0.2 | F35: =154/365 -> 0.42191781 | G35: 15 | H35: =1/2*G35/F35*(1-(1-E35)^(1/D35)) -> 1.8766595 | I35: =H35/(365*24*3600)/1000000 -> 5.9508483e-14
B36: Cotton | C36: Smith et al. (2021) | D36: 2 | E36: 0.72 | F36: =154/365 -> 0.42191781 | G36: 15 | H36: =1/2*G36/F36*(1-(1-E36)^(1/D36)) -> 8.3698127 | I36: =H36/(365*24*3600)/1000000 -> 2.6540502e-13
B37: Cotton | C37: Li et al. (2010) | D37: 2 | E37: 0.16 | F37: =90/365 -> 0.24657534 | G37: 15 | H37: =1/2*G37/F37*(1-(1-E37)^(1/D37)) -> 2.5393312 | I37: =H37/(365*24*3600)/1000000 -> 8.0521664e-14
B38: Cotton | C38: Li et al. (2010) | D38: 2 | E38: 0.28 | F38: =90/365 -> 0.24657534 | G38: 15 | H38: =1/2*G38/F38*(1-(1-E38)^(1/D38)) -> 4.6072692 | I38: =H38/(365*24*3600)/1000000 -> 1.4609555e-13

Sheet 1.4.plasticFADE constants
B2: PlasticFADE
B4: plasticFADE empirical constants are taken from Tang & Boulay (under review). SBoo requires the empirical constants as an input. To derive the uncertainty associated with the degradation model, the mean and standard deviation of plasticFADE are used. The standard deviation defined in plasticFADE corresponds to the std. dev. of normal distribution in log-space, while the fitted value is the mean value from which we take the log.
C6: HDPE | G6: LDPE | K6: PET | O6: PP | S6: PS
B7: Polymer type | C7: Fitted value | D7: Standard deviation | E7: mu | F7: sigma | G7: Fitted value | H7: Standard deviation | I7: mu | J7: sigma | K7: Fitted value | L7: Standard deviation | M7: mu | N7: sigma | O7: Fitted value | P7: Standard deviation | Q7: mu | R7: sigma | S7: Fitted value | T7: Standard deviation | U7: mu | V7: sigma
B8: degx | C8: 0.010262753 | D8: 0.00088522569 | E8: =LN(C8) -> -4.5792341 | F8: =D8 -> 0.00088522569 | G8: 0.01105059 | H8: 0.0057046217 | I8: =LN(G8) -> -4.5052715 | J8: =H8 -> 0.0057046217 | K8: 0.00024327627 | L8: 0.00029524826 | M8: =LN(K8) -> -8.3213129 | N8: =L8 -> 0.00029524826 | O8: 0.0054981915 | P8: 0.0050951617 | Q8: =LN(O8) -> -5.2033361 | R8: =P8 -> 0.0050951617 | S8: 0.00027325415 | T8: 0.00020039698 | U8: =LN(S8) -> -8.2051082 | V8: =T8 -> 0.00020039698
B9: degtau | C9: 3.3584081e-11 | D9: 0.18031552 | E9: =LN(C9) -> -24.116969 | F9: =D9 -> 0.18031552 | G9: 5e-13 | H9: 0.10974721 | I9: =LN(G9) -> -28.324168 | J9: =H9 -> 0.10974721 | K9: 0.79097577 | L9: 0.1933289 | M9: =LN(K9) -> -0.23448794 | N9: =L9 -> 0.1933289 | O9: 0.013720791 | P9: 0.11216725 | Q9: =LN(O9) -> -4.288843 | R9: =P9 -> 0.11216725 | S9: 0.24329239 | T9: 0.067550473 | U9: =LN(S9) -> -1.4134913 | V9: =T9 -> 0.067550473
B10: degy | C10: 0.0021825284 | D10: 0.004283861 | E10: =LN(C10) -> -6.1272713 | F10: =D10 -> 0.004283861 | G10: 0.01031456 | H10: 0.0061122893 | I10: =LN(G10) -> -4.5741988 | J10: =H10 -> 0.0061122893 | K10: 1.3261956e-05 | L10: 2.1960389e-05 | M10: =LN(K10) -> -11.230611 | N10: =L10 -> 2.1960389e-05 | O10: 0.01724523 | P10: 0.0016245855 | Q10: =LN(O10) -> -4.0602197 | R10: =P10 -> 0.0016245855 | S10: 0.014446952 | T10: 4.3872181e-06 | U10: =LN(S10) -> -4.2372718 | V10: =T10 -> 4.3872181e-06
B11: degtheta | C11: 0.29904863 | D11: 0.56576349 | E11: =LN(C11) -> -1.2071491 | F11: =D11 -> 0.56576349 | G11: 0.0043620223 | H11: 3.6211087e-05 | I11: =LN(G11) -> -5.4348195 | J11: =H11 -> 3.6211087e-05 | K11: 1.8763022 | L11: 0.22318783 | M11: =LN(K11) -> 0.62930293 | N11: =L11 -> 0.22318783 | O11: 0.70549282 | P11: 0.3804722 | Q11: =LN(O11) -> -0.34885869 | R11: =P11 -> 0.3804722 | S11: 1.0090732 | T11: 0.16004413 | U11: =LN(S11) -> 0.0090322632 | V11: =T11 -> 0.16004413
B12: degz | C12: 0.00037803206 | D12: 0.0010821863 | E12: =LN(C12) -> -7.8805316 | F12: =D12 -> 0.0010821863 | G12: 0.00010475543 | H12: 0.00044412819 | I12: =LN(G12) -> -9.1638822 | J12: =H12 -> 0.00044412819 | K12: 0.015217891 | L12: 4.4013893e-06 | M12: =LN(K12) -> -4.1852835 | N12: =L12 -> 4.4013893e-06 | O12: 1.6158544e-05 | P12: 3.8147496e-05 | Q12: =LN(O12) -> -11.033062 | R12: =P12 -> 3.8147496e-05 | S12: 6.2330522e-05 | T12: 0.00017657694 | U12: =LN(S12) -> -9.6830593 | V12: =T12 -> 0.00017657694
B13: degeta | C13: 0.21648777 | D13: 0.17415974 | E13: =LN(C13) -> -1.5302212 | F13: =D13 -> 0.17415974 | G13: 0.32405972 | H13: 0.19223313 | I13: =LN(G13) -> -1.1268275 | J13: =H13 -> 0.19223313 | K13: 0.07846195 | L13: 0.045684842 | M13: =LN(K13) -> -2.5451415 | N13: =L13 -> 0.045684842 | O13: 0.44210919 | P13: 0.11138573 | Q13: =LN(O13) -> -0.8161984 | R13: =P13 -> 0.11138573 | S13: 0.49603679 | T13: 0.1221179 | U13: =LN(S13) -> -0.70110518 | V13: =T13 -> 0.1221179

Sheet 2.1. Sed_rates
B2: Default sedimentation rates for low-density polymers
B4: Default sedimentation rates are taken from Corella-Puertas et al. (2023). They are only used when SBoo returns a settling velocity of 0 m/s (for particles with density lower than that of water). For the marine environment, these default settling velocities are not used, as TrackMPD is used to derive settling velocities.
D5: 100 | E5: m
B6: polymer type | C6: default sed rate [s-1] | D6: default sed velocity [m.s-1]
B7: EPS | C7: 8.35e-13 | D7: =C7*$D$5 -> 8.35e-11 | E7: m/s
B8: PP | C8: 5.67e-10 | D8: =C8*$D$5 -> 5.67e-08 | E8: m/s
B9: HDPE | C9: 5.67e-10 | D9: =C9*$D$5 -> 5.67e-08 | E9: m/s
B10: LDPE | C10: 5.67e-10 | D10: =C10*$D$5 -> 5.67e-08 | E10: m/s

Sheet 4.1.Regio_param (2)
B2: Regionalization parameters
A4: regions | B4: CONTINENTAL SCALE | U4: GLOBAL SCALE
A5: parameter | B5: area_land_C | C5: area_sea_C | D5: areafrac_rw_C | E5: areafrac_lw_C | F5: areafrac_nat_soil_C | G5: areafrac_agr_soil_C | H5: fracsf_rw_C | I5: fracsf_lw_C | J5: temp_C | K5: wind_speed_C | L5: rain_rate_C | M5: depth_rw_C | N5: depth_lw_C | O5: depth_sw_C | P5: frac_runoff_rw_C | Q5: frac_runoff_lw_C | R5: frac_infiltr_C | S5: soil_ero_C | T5: irrig_C | U5: area_land_G | V5: area_sea_G | W5: areafrac_rw_G | X5: areafrac_lw_G | Y5: areafrac_nat_soil_G | Z5: areafrac_agr_soil_G | AA5: fracsf_rw_G | AB5: fracsf_lw_G | AC5: temp_G | AD5: wind_speed_G | AE5: rain_rate_G | AF5: depth_rw_G | AG5: depth_lw_G | AH5: depth_sw_G | AI5: frac_runoff_rw_G | AJ5: frac_runoff_lw_G | AK5: frac_infiltr_G | AL5: soil_ero_G | AM5: irrig_G | AO5: depth soil | AP5: 0.1
A6: description | B6: area of land | C6: area of sea | D6: fraction of land area allocated to river | E6: fraction of land area allocated to lake | F6: fraction of land area allocated to natural soil | G6: fraction of land area allocated to agricultural soil | H6: fraction of surface water allocated to river | I6: fraction of surface water allocated to lake | J6: temperature | K6: wind speed | L6: rain rate | M6: depth river water | N6: depth lake water | O6: depth sea water | P6: fraction runoff to river | Q6: fraction runoff to lake | R6: fraction infiltration | S6: soil erosion | T6: irrigation | U6: area of land | V6: area of sea | W6: fraction of land area allocated to river | X6: fraction of land area allocated to lake | Y6: fraction of land area allocated to natural soil | Z6: fraction of land area allocated to agricultural soil | AA6: fraction of surface water allocated to river | AB6: fraction of surface water allocated to lake | AC6: temperature | AD6: wind speed | AE6: rain rate | AF6: depth river water | AG6: depth lake water | AH6: depth sea water | AI6: fraction runoff to river | AJ6: fraction runoff to lake | AK6: fraction infiltration | AL6: soil erosion | AM6: irrigation
A7: unit | B7: [m2] | C7: [m2] | D7: - | E7: - | F7: - | G7: - | H7: - | I7: - | J7: K | K7: [m*s-1] | L7: [m*s-1] | M7: [m] | N7: [m] | O7: [m] | P7: - | Q7: - | R7: - | S7: [m*s-1] | T7: [m3] | U7: [m2] | V7: [m2] | W7: - | X7: - | Y7: - | Z7: - | AA7: - | AB7: - | AC7: K | AD7: [m*s-1] | AE7: [m*s-1] | AF7: [m] | AG7: [m] | AH7: [m] | AI7: - | AJ7: - | AK7: - | AL7: [m*s-1] | AM7: [m3] | AO7: marine | AR7: freshwater | AU7: terrestrial
A8: source | B8: USEtox | C8: USEtox | D8: Calculated with HydroATLAS | E8: Calculated with HydroATLAS | F8: USEtox | G8: USEtox | H8: Calculated with HydroATLAS | I8: Calculated with HydroATLAS | J8: USEtox | K8: USEtox | L8: USEtox | M8: Calculated with HydroATLAS | N8: Calculated with HydroATLAS | O8: USEtox | P8: Fraction runoff in USEtox * Fraction of surface water allocated to river | Q8: Fraction runoff in USEtox * Fraction of surface water allocated to lake | R8: USEtox | S8: USEtox | T8: USEtox | U8: USEtox | V8: USEtox | W8: Calculated with HydroATLAS | X8: Calculated with HydroATLAS | Y8: USEtox | Z8: USEtox | AA8: Calculated with HydroATLAS | AB8: Calculated with HydroATLAS | AC8: USEtox | AD8: USEtox | AE8: USEtox | AF8: Calculated with HydroATLAS | AG8: Calculated with HydroATLAS | AH8: USEtox | AI8: Fraction runoff in USEtox * Fraction of surface water allocated to river | AJ8: Fraction runoff in USEtox * Fraction of surface water allocated to lake | AK8: USEtox | AL8: USEtox | AM8: USEtox | AO8: continental | AP8: global | AQ8: total | AR8: continental | AS8: global | AT8: total | AU8: continental | AV8: global | AW8: total
A9: North America | B9: 1.448998e+13 | C9: 1.8374074e+12 | D9: 0.0034304356 | E9: 0.083169844 | F9: 0.63128839 | G9: 0.28211133 | H9: 0.039612292 | I9: 0.96038771 | J9: 285.15 | K9: 3 | L9: 2.2427398e-08 | M9: 2.3696042 | N9: 29.533 | O9: 100 | P9: 0.014496812 | Q9: 0.3514707 | R9: 0.26947836 | S9: 9.5129376e-13 | T9: 1.9675113e+11 | U9: 1.2391012e+14 | V9: 3.6203119e+14 | W9: 0.0037256943 | X9: 0.023643521 | Y9: 0.60856223 | Z9: 0.36406856 | AA9: 0.13612719 | AB9: 0.86387281 | AC9: 285.15 | AD9: 3 | AE9: 2.2196854e-08 | AF9: 3.3481105 | AG9: 90.805257 | AH9: 3682 | AI9: 0.034031797 | AJ9: 0.2159682 | AK9: 0.25 | AL9: 9.5129376e-13 | AM9: 2722000000000 | AO9: =C9*O9 -> 183740737794961 | AP9: =V9*AH9 -> 1.3329988e+18 | AQ9: =AP9+AO9 -> 1.3331826e+18 | AR9: =B9*E9*N9+B9*D9*M9 -> 3.5708871e+13 | AS9: =U9*X9*AG9+U9*W9*AF9 -> 2.6757523e+14 | AT9: =AS9+AR9 -> 3.032841e+14 | AU9: =B9*F9*$AP$5+B9*G9*$AP$5 -> 1.3235143e+12 | AV9: =U9*Y9*$AP$5+U9*Z9*$AP$5 -> 1.2051879e+13 | AW9: =AV9+AU9 -> 1.3375394e+13
A10: Latin America | B10: 2.08779e+13 | C10: 2.9728967e+12 | D10: 0.0064487285 | E10: 0.012684412 | F10: 0.65377256 | G10: 0.3270943 | H10: 0.33704496 | I10: 0.66295504 | J10: 285.15 | K10: 3 | L10: 5.1120312e-08 | M10: 4.3917246 | N10: 25.706 | O10: 100 | P10: 0.12852081 | Q10: 0.25279571 | R10: 0.26947836 | S10: 9.5129376e-13 | T10: 232770200000 | U10: 1.175222e+14 | V10: 3.608957e+14 | W10: 0.0027612917 | X10: 0.033374003 | Y10: 0.60333262 | Z10: 0.36053209 | AA10: 0.076415366 | AB10: 0.92358463 | AC10: 285.15 | AD10: 3 | AE10: 2.2196854e-08 | AF10: 2.7350201 | AG10: 66.519703 | AH10: 3682 | AI10: 0.019103841 | AJ10: 0.23089616 | AK10: 0.25 | AL10: 9.5129376e-13 | AM10: 2722000000000 | AO10: =C10*O10 -> 297289672214318 | AP10: =V10*AH10 -> 1.328818e+18 | AQ10: =AP10+AO10 -> 1.3291152e+18 | AR10: =B10*E10*N10+B10*D10*M10 -> 7.3988466e+12 | AS10: =U10*X10*AG10+U10*W10*AF10 -> 2.617902e+14 | AT10: =AS10+AR10 -> 2.6918905e+14 | AU10: =B10*F10*$AP$5+B10*G10*$AP$5 -> 2.047844e+12 | AV10: =U10*Y10*$AP$5+U10*Z10*$AP$5 -> 1.132755e+13 | AW10: =AV10+AU10 -> 1.3375394e+13
A11: Europe | B11: 8.5662136e+12 | C11: 1.7001869e+12 | D11: 0.0050055029 | E11: 0.025460718 | F11: 0.584526 | G11: 0.38500778 | H11: 0.16429681 | I11: 0.83570319 | J11: 285.15 | K11: 3 | L11: 1.7523958e-08 | M11: 1.9467369 | N11: 26.89 | O11: 100 | P11: 0.028291286 | Q11: 0.14390491 | R11: 0.26947836 | S11: 9.5129376e-13 | T11: 1.154305e+11 | U11: 1.2983388e+14 | V11: 3.6216841e+14 | W11: 0.0032048504 | X11: 0.030570453 | Y11: 0.61268443 | Z11: 0.35354027 | AA11: 0.094887391 | AB11: 0.90511261 | AC11: 285.15 | AD11: 3 | AE11: 2.2196854e-08 | AF11: 3.2415889 | AG11: 65.10935 | AH11: 3682 | AI11: 0.023721848 | AJ11: 0.22627815 | AK11: 0.25 | AL11: 9.5129376e-13 | AM11: 2722000000000 | AO11: =C11*O11 -> 170018686238713 | AP11: =V11*AH11 -> 1.3335041e+18 | AQ11: =AP11+AO11 -> 1.3336741e+18 | AR11: =B11*E11*N11+B11*D11*M11 -> 5.9482339e+12 | AS11: =U11*X11*AG11+U11*W11*AF11 -> 2.5977308e+14 | AT11: =AS11+AR11 -> 2.6572131e+14 | AU11: =B11*F11*$AP$5+B11*G11*$AP$5 -> 8.3052334e+11 | AV11: =U11*Y11*$AP$5+U11*Z11*$AP$5 -> 1.254487e+13 | AW11: =AV11+AU11 -> 1.3375394e+13
A12: Africa & Middle East | B12: 3.429833e+13 | C12: 1.5904011e+12 | D12: 0.00013076169 | E12: 0.013897746 | F12: 0.58847302 | G12: 0.39749848 | H12: 0.0093211403 | I12: 0.99067886 | J12: 285.15 | K12: 3 | L12: 2.0870339e-08 | M12: 2.4790569 | N12: 115.865 | O12: 100 | P12: 0.0017166348 | Q12: 0.18244911 | R12: 0.26947836 | S12: 9.5129376e-13 | T12: 272246800000 | U12: 1.0410177e+14 | V12: 3.6227819e+14 | W12: 0.0041965315 | X12: 0.03581244 | Y12: 0.61834427 | Z12: 0.34164676 | AA12: 0.10488976 | AB12: 0.89511024 | AC12: 285.15 | AD12: 3 | AE12: 2.2196854e-08 | AF12: 3.1902083 | AG12: 58.82413 | AH12: 3682 | AI12: 0.026222441 | AJ12: 0.22377756 | AK12: 0.25 | AL12: 9.5129376e-13 | AM12: 2722000000000 | AO12: =C12*O12 -> 159040112105118 | AP12: =V12*AH12 -> 1.3339083e+18 | AQ12: =AP12+AO12 -> 1.3340673e+18 | AR12: =B12*E12*N12+B12*D12*M12 -> 5.5240427e+13 | AS12: =U12*X12*AG12+U12*W12*AF12 -> 2.2069818e+14 | AT12: =AS12+AR12 -> 2.7593861e+14 | AU12: =B12*F12*$AP$5+B12*G12*$AP$5 -> 3.3817176e+12 | AV12: =U12*Y12*$AP$5+U12*Z12*$AP$5 -> 9.9936761e+12 | AW12: =AV12+AU12 -> 1.3375394e+13
A13: Central Asia | B13: 1.6876936e+13 | C13: 7.3629569e+11 | D13: 0.0022461359 | E13: 0.027333048 | F13: 0.5213891 | G13: 0.44903172 | H13: 0.075936371 | I13: 0.92406363 | J13: 285.15 | K13: 3 | L13: 6.9029435e-09 | M13: 2.2211414 | N13: 33.135 | O13: 100 | P13: 0.035221577 | Q13: 0.42860856 | R13: 0.26947836 | S13: 9.5129376e-13 | T13: 2.2477736e+11 | U13: 1.2152316e+14 | V13: 3.631323e+14 | W13: 0.0033368619 | X13: 0.030787933 | Y13: 0.62337847 | Z13: 0.34249673 | AA13: 0.097784086 | AB13: 0.90221591 | AC13: 285.15 | AD13: 3 | AE13: 2.2196854e-08 | AF13: 3.2236167 | AG13: 65.859719 | AH13: 3682 | AI13: 0.024446021 | AJ13: 0.22555398 | AK13: 0.25 | AL13: 9.5129376e-13 | AM13: 2722000000000 | AO13: =C13*O13 -> 7.3629569e+13 | AP13: =V13*AH13 -> 1.3370531e+18 | AQ13: =AP13+AO13 -> 1.3371267e+18 | AR13: =B13*E13*N13+B13*D13*M13 -> 1.5369311e+13 | AS13: =U13*X13*AG13+U13*W13*AF13 -> 2.4771784e+14 | AT13: =AS13+AR13 -> 2.6308715e+14 | AU13: =B13*F13*$AP$5+B13*G13*$AP$5 -> 1.637773e+12 | AV13: =U13*Y13*$AP$5+U13*Z13*$AP$5 -> 1.1737621e+13 | AW13: =AV13+AU13 -> 1.3375394e+13
A14: Southeast Asia | B14: 1.6866064e+13 | C14: 5.3374046e+12 | D14: 0.012328111 | E14: 0.026854951 | F14: 0.49742035 | G14: 0.46339659 | H14: 0.31462858 | I14: 0.68537142 | J14: 285.15 | K14: 3 | L14: 4.8075939e-08 | M14: 3.3070096 | N14: 17.388 | O14: 100 | P14: 0.082847468 | Q14: 0.18047085 | R14: 0.26947836 | S14: 9.5129376e-13 | T14: 1.6684885e+12 | U14: 1.2153403e+14 | V14: 3.5853119e+14 | W14: 0.0026678907 | X14: 0.030123706 | Y14: 0.62669565 | Z14: 0.34051276 | AA14: 0.081358975 | AB14: 0.91864103 | AC14: 285.15 | AD14: 3 | AE14: 2.2196854e-08 | AF14: 3.1509464 | AG14: 66.64602 | AH14: 3682 | AI14: 0.020339744 | AJ14: 0.22966026 | AK14: 0.25 | AL14: 9.5129376e-13 | AM14: 2722000000000 | AO14: =C14*O14 -> 5.3374046e+14 | AP14: =V14*AH14 -> 1.3201118e+18 | AQ14: =AP14+AO14 -> 1.3206456e+18 | AR14: =B14*E14*N14+B14*D14*M14 -> 8.5632896e+12 | AS14: =U14*X14*AG14+U14*W14*AF14 -> 2.4501643e+14 | AT14: =AS14+AR14 -> 2.5357972e+14 | AU14: =B14*F14*$AP$5+B14*G14*$AP$5 -> 1.62052e+12 | AV14: =U14*Y14*$AP$5+U14*Z14*$AP$5 -> 1.1754874e+13 | AW14: =AV14+AU14 -> 1.3375394e+13
A15: Northern regions | B15: 1.8299925e+13 | C15: 5.6248619e+12 | D15: 0.0046867292 | E15: 0.051861908 | F15: 0.82125082 | G15: 0.12220054 | H15: 0.082879614 | I15: 0.91712039 | J15: 285.15 | K15: 3 | L15: 1.5527965e-08 | M15: 2.9280377 | N15: 131.869 | O15: 100 | P15: 0.029771738 | Q15: 0.32944492 | R15: 0.26947836 | S15: 9.5129376e-13 | T15: 9.689203e+08 | U15: 1.2010017e+14 | V15: 3.5824373e+14 | W15: 0.0030580701 | X15: 0.027011189 | Y15: 0.57889629 | Z15: 0.39103445 | AA15: 0.10170088 | AB15: 0.89829912 | AC15: 285.15 | AD15: 3 | AE15: 2.2196854e-08 | AF15: 3.2600325 | AG15: 39.143976 | AH15: 3682 | AI15: 0.02542522 | AJ15: 0.22457478 | AK15: 0.25 | AL15: 9.5129376e-13 | AM15: 2722000000000 | AO15: =C15*O15 -> 562486190588604 | AP15: =V15*AH15 -> 1.3190534e+18 | AQ15: =AP15+AO15 -> 1.3196159e+18 | AR15: =B15*E15*N15+B15*D15*M15 -> 1.2540391e+14 | AS15: =U15*X15*AG15+U15*W15*AF15 -> 1.2818228e+14 | AT15: =AS15+AR15 -> 2.5358619e+14 | AU15: =B15*F15*$AP$5+B15*G15*$AP$5 -> 1.7265089e+12 | AV15: =U15*Y15*$AP$5+U15*Z15*$AP$5 -> 1.1648885e+13 | AW15: =AV15+AU15 -> 1.3375394e+13
A16: Oceania | B16: 8.1247481e+12 | C16: 2.2405685e+12 | D16: 0.0008998234 | E16: 0.0058477675 | F16: 0.53527812 | G16: 0.45797429 | H16: 0.13335477 | I16: 0.86664523 | J16: 285.15 | K16: 3 | L16: 4.1085817e-08 | M16: 1.0055754 | N16: 8.809 | O16: 100 | P16: 0.025343262 | Q16: 0.16470065 | R16: 0.26947836 | S16: 9.5129376e-13 | T16: 1.0566e+10 | U16: 1.3027535e+14 | V16: 3.6162802e+14 | W16: 0.0033812262 | X16: 0.031862099 | Y16: 0.6156604 | Z16: 0.34909628 | AA16: 0.095939476 | AB16: 0.90406052 | AC16: 285.15 | AD16: 3 | AE16: 2.2196854e-08 | AF16: 3.2466419 | AG16: 65.281448 | AH16: 3682 | AI16: 0.023984869 | AJ16: 0.22601513 | AK16: 0.25 | AL16: 9.5129376e-13 | AM16: 2722000000000 | AO16: =C16*O16 -> 224056853128933 | AP16: =V16*AH16 -> 1.3315144e+18 | AQ16: =AP16+AO16 -> 1.3317384e+18 | AR16: =B16*E16*N16+B16*D16*M16 -> 4.2588162e+11 | AS16: =U16*X16*AG16+U16*W16*AF16 -> 2.7240335e+14 | AT16: =AS16+AR16 -> 2.7282924e+14 | AU16: =B16*F16*$AP$5+B16*G16*$AP$5 -> 8.0699256e+11 | AV16: =U16*Y16*$AP$5+U16*Z16*$AP$5 -> 1.2568401e+13 | AW16: =AV16+AU16 -> 1.3375394e+13
A17: regions | B17: dens_fw_species_C | C17: dens_fw_species_RoW | D17: dens_marine_species_C | E17: dens_marine_species_RoW | F17: dens_ter_species_C | G17: dens_ter_species_RoW
A18: North America | B18: 0.075 | C18: 0.925 | D18: 0.2332 | E18: 0.7668 | F18: 0.0324 | G18: 0.9676
A19: Latin America | B19: 0.2989 | C19: 0.7011 | D19: 0.2657 | E19: 0.7343 | F19: 0.3433 | G19: 0.6567
A20: Europe | B20: 0.1022 | C20: 0.8978 | D20: 0.0402 | E20: 0.9598 | F20: 0.0831 | G20: 0.9169
A21: Africa & Middle East | B21: 0.2268 | C21: 0.7732 | D21: 0.2293 | E21: 0.7707 | F21: 0.2283 | G21: 0.7717
A22: Central Asia | B22: 0.1225 | C22: 0.8775 | D22: 0.2538 | E22: 0.7462 | F22: 0.076 | G22: 0.924
A23: Southeast Asia | B23: 0.288 | C23: 0.712 | D23: 0.3822 | E23: 0.6178 | F23: 0.2298 | G23: 0.7702
A24: Northern regions | B24: 0.057 | C24: 0.943 | D24: 0.2129 | E24: 0.7871 | F24: 0.0214 | G24: 0.9786
A25: Oceania | B25: 0.0892 | C25: 0.9108 | D25: 0.1637 | E25: 0.8363 | F25: 0.131 | G25: 0.869

Sheet 4.1.Regio_param
B2: Regionalization parameters
B4: Python Input (Louvet et al., 2026) | C4: SB4P input in R
A5: regions | B5: parameter | C5: Variable | D5: Scale | E5: SubCompart | F5: North America | G5: Latin America | H5: Europe | I5: Africa & Middle East | J5: Central Asia | K5: Southeast Asia | L5: Northern regions | M5: Oceania | N5: description | O5: unit | P5: source | Q5: SB4P notes
A6: CONTINENTAL SCALE | B6: area_land_C | D6: Regional | F6: 1.448998e+13 | G6: 2.08779e+13 | H6: 8.5662136e+12 | I6: 3.429833e+13 | J6: 1.6876936e+13 | K6: 1.6866064e+13 | L6: 1.8299925e+13 | M6: 8.1247481e+12 | N6: area of land | O6: [m2] | P6: USEtox
B7: area_sea_C | D7: Regional | F7: 1.8374074e+12 | G7: 2.9728967e+12 | H7: 1.7001869e+12 | I7: 1.5904011e+12 | J7: 7.3629569e+11 | K7: 5.3374046e+12 | L7: 5.6248619e+12 | M7: 2.2405685e+12 | N7: area of sea | O7: [m2] | P7: USEtox
C8: TotalArea | D8: Regional | F8: =F6+F7 -> 1.6327387e+13 | G8: =G6+G7 -> 2.3850797e+13 | H8: =H6+H7 -> 1.02664e+13 | I8: =I6+I7 -> 3.5888731e+13 | J8: =J6+J7 -> 1.7613232e+13 | K8: =K6+K7 -> 2.2203468e+13 | L8: =L6+L7 -> 2.3924787e+13 | M8: =M6+M7 -> 1.0365317e+13
C9: FRACsea | D9: Regional | F9: =F7/F8 -> 0.1125353 | G9: =G7/G8 -> 0.12464559 | H9: =H7/H8 -> 0.16560691 | I9: =I7/I8 -> 0.044314777 | J9: =J7/J8 -> 0.041803555 | K9: =K7/K8 -> 0.24038608 | L9: =L7/L8 -> 0.23510604 | M9: =M7/M8 -> 0.21616016
B10: areafrac_rw_C | C10: landFRAC | D10: Regional | E10: river | F10: 0.0034304356 | G10: 0.0064487285 | H10: 0.0050055029 | I10: 0.00013076169 | J10: 0.0022461359 | K10: 0.012328111 | L10: 0.0046867292 | M10: 0.0008998234 | N10: fraction of land area allocated to river | O10: - | P10: Calculated with HydroATLAS
B11: areafrac_lw_C | C11: landFRAC | D11: Regional | E11: lake | F11: 0.083169844 | G11: 0.012684412 | H11: 0.025460718 | I11: 0.013897746 | J11: 0.027333048 | K11: 0.026854951 | L11: 0.051861908 | M11: 0.0058477675 | N11: fraction of land area allocated to lake | O11: - | P11: Calculated with HydroATLAS
B12: areafrac_nat_soil_C | C12: landFRAC | D12: Regional | E12: naturalsoil | F12: 0.63128839 | G12: 0.65377256 | H12: 0.584526 | I12: 0.58847302 | J12: 0.5213891 | K12: 0.49742035 | L12: 0.82125082 | M12: 0.53527812 | N12: fraction of land area allocated to natural soil | O12: - | P12: USEtox
B13: areafrac_agr_soil_C | C13: landFRAC | D13: Regional | E13: agriculturalsoil | F13: 0.28211133 | G13: 0.3270943 | H13: 0.38500778 | I13: 0.39749848 | J13: 0.44903172 | K13: 0.46339659 | L13: 0.12220054 | M13: 0.45797429 | N13: fraction of land area allocated to agricultural soil | O13: - | P13: USEtox
B14: areafrac_agr_soil_C | C14: landFRAC | D14: Regional | E14: othersoil | F14: 1e-20 | G14: 1e-20 | H14: 1e-20 | I14: 1e-20 | J14: 1e-20 | K14: 1e-20 | L14: 1e-20 | M14: 1e-20 | N14: fraction of land area allocated to other soil | O14: - | P14: - | Q14: Set to 0 to get rid of it
B15: fracsf_rw_C | D15: Regional | F15: 0.039612292 | G15: 0.33704496 | H15: 0.16429681 | I15: 0.0093211403 | J15: 0.075936371 | K15: 0.31462858 | L15: 0.082879614 | M15: 0.13335477 | N15: fraction of surface water allocated to river | O15: - | P15: Calculated with HydroATLAS
B16: fracsf_lw_C | D16: Regional | F16: 0.96038771 | G16: 0.66295504 | H16: 0.83570319 | I16: 0.99067886 | J16: 0.92406363 | K16: 0.68537142 | L16: 0.91712039 | M16: 0.86664523 | N16: fraction of surface water allocated to lake | O16: - | P16: Calculated with HydroATLAS
B17: temp_C | C17: Temp | D17: Regional | F17: 285.15 | G17: 285.15 | H17: 285.15 | I17: 285.15 | J17: 285.15 | K17: 285.15 | L17: 285.15 | M17: 285.15 | N17: temperature | O17: K | P17: USEtox
B18: wind_speed_C | C18: WINDspeed | D18: Regional | F18: 3 | G18: 3 | H18: 3 | I18: 3 | J18: 3 | K18: 3 | L18: 3 | M18: 3 | N18: wind speed | O18: [m*s-1] | P18: USEtox
B19: rain_rate_C | D19: Regional | F19: 2.2427398e-08 | G19: 5.1120312e-08 | H19: 1.7523958e-08 | I19: 2.0870339e-08 | J19: 6.9029435e-09 | K19: 4.8075939e-08 | L19: 1.5527965e-08 | M19: 4.1085817e-08 | N19: rain rate | O19: [m*s-1] | P19: USEtox
C20: RAINrate | D20: Regional | F20: =F19*1000*365*24*3600 -> 707.27042 | G20: =G19*1000*365*24*3600 -> 1612.1301 | H20: =H19*1000*365*24*3600 -> 552.63553 | I20: =I19*1000*365*24*3600 -> 658.16701 | J20: =J19*1000*365*24*3600 -> 217.69123 | K20: =K19*1000*365*24*3600 -> 1516.1228 | L20: =L19*1000*365*24*3600 -> 489.68992 | M20: =M19*1000*365*24*3600 -> 1295.6823 | N20: rain rate | O20: [mm*yr-1] | P20: USEtox
B21: depth_rw_C | C21: VertDistance | D21: Regional | E21: river | F21: 2.3696042 | G21: 4.3917246 | H21: 1.9467369 | I21: 2.4790569 | J21: 2.2211414 | K21: 3.3070096 | L21: 2.9280377 | M21: 1.0055754 | N21: depth river water | O21: [m] | P21: Calculated with HydroATLAS
B22: depth_lw_C | C22: VertDistance | D22: Regional | E22: lake | F22: 29.533 | G22: 25.706 | H22: 26.89 | I22: 115.865 | J22: 33.135 | K22: 17.388 | L22: 131.869 | M22: 8.809 | N22: depth lake water | O22: [m] | P22: Calculated with HydroATLAS
B23: depth_sw_C | C23: VertDistance | D23: Regional | E23: sea | F23: 10 | G23: 10 | H23: 10 | I23: 10 | J23: 10 | K23: 10 | L23: 10 | M23: 10 | N23: depth sea water | O23: [m] | P23: USEtox
C24: VertDistance | D24: Regional | E24: deepocean | F24: 90 | G24: 90 | H24: 90 | I24: 90 | J24: 90 | K24: 90 | L24: 90 | M24: 90 | N24: depth water column | P24: Hajjar et al.
B25: frac_runoff_rw_C | D25: Regional | F25: 0.014496812 | G25: 0.12852081 | H25: 0.028291286 | I25: 0.0017166348 | J25: 0.035221577 | K25: 0.082847468 | L25: 0.029771738 | M25: 0.025343262 | N25: fraction runoff to river | O25: - | P25: Fraction runoff in USEtox * Fraction of surface water allocated to river
B26: frac_runoff_lw_C | D26: Regional | F26: 0.3514707 | G26: 0.25279571 | H26: 0.14390491 | I26: 0.18244911 | J26: 0.42860856 | K26: 0.18047085 | L26: 0.32944492 | M26: 0.16470065 | N26: fraction runoff to lake | O26: - | P26: Fraction runoff in USEtox * Fraction of surface water allocated to lake
C27: FRACrun | D27: Regional | F27: 0.36596752 | G27: 0.38131652 | H27: 0.1721962 | I27: 0.18416575 | J27: 0.46383013 | K27: 0.26331831 | L27: 0.35921666 | M27: 0.19004392 | N27: fraction runoff | O27: - | P27: USEtox
B28: frac_infiltr_C | C28: FRACinf | D28: Regional | F28: 0.26947836 | G28: 0.26947836 | H28: 0.26947836 | I28: 0.26947836 | J28: 0.26947836 | K28: 0.26947836 | L28: 0.26947836 | M28: 0.26947836 | N28: fraction infiltration | O28: - | P28: USEtox
B29: soil_ero_C | D29: Regional | F29: 9.5129376e-13 | G29: 9.5129376e-13 | H29: 9.5129376e-13 | I29: 9.5129376e-13 | J29: 9.5129376e-13 | K29: 9.5129376e-13 | L29: 9.5129376e-13 | M29: 9.5129376e-13 | N29: soil erosion | O29: [m*s-1] | P29: USEtox | Q29: Not changed - same value
B30: irrig_C | D30: Regional | F30: 1.9675113e+11 | G30: 232770200000 | H30: 1.154305e+11 | I30: 272246800000 | J30: 2.2477736e+11 | K30: 1.6684885e+12 | L30: 9.689203e+08 | M30: 1.0566e+10 | N30: irrigation | O30: [m3] | P30: USEtox
B31: dens_fw_species_C | C31: dens_fw_species_C | F31: 0.075 | G31: 0.2989 | H31: 0.1022 | I31: 0.2268 | J31: 0.1225 | K31: 0.288 | L31: 0.057 | M31: 0.0892 | P31: Louvet et al. (2025)
B32: dens_marine_species_C | C32: dens_marine_species_C | F32: 0.087273953 | G32: 0.16039537 | H32: 0.009041896 | I32: 0.096315849 | J32: 0.075367854 | K32: 0.27636752 | L32: 0.031955521 | M32: 0.13029316 | P32: Louvet et al. (2025)
B33: dens_ter_species_C | C33: dens_ter_species_C | F33: 0.0324 | G33: 0.3433 | H33: 0.0831 | I33: 0.2283 | J33: 0.076 | K33: 0.2298 | L33: 0.0214 | M33: 0.131 | P33: Louvet et al. (2025)
C34: UVintensity | D34: Regional | E34: agriculturalsoil | F34: {=_xlfn.XLOOKUP($E34, UVintensity!$L$3:$L$14, _xlfn.XLOOKUP(F$5, UVintensity!$M$2:$U$2, UVintensity!$M$3:$U$14))} -> 0 | G34: {=_xlfn.XLOOKUP($E34, UVintensity!$L$3:$L$14, _xlfn.XLOOKUP(G$5, UVintensity!$M$2:$U$2, UVintensity!$M$3:$U$14))} -> 0 | H34: {=_xlfn.XLOOKUP($E34, UVintensity!$L$3:$L$14, _xlfn.XLOOKUP(H$5, UVintensity!$M$2:$U$2, UVintensity!$M$3:$U$14))} -> 0 | I34: {=_xlfn.XLOOKUP($E34, UVintensity!$L$3:$L$14, _xlfn.XLOOKUP(I$5, UVintensity!$M$2:$U$2, UVintensity!$M$3:$U$14))} -> 0 | J34: {=_xlfn.XLOOKUP($E34, UVintensity!$L$3:$L$14, _xlfn.XLOOKUP(J$5, UVintensity!$M$2:$U$2, UVintensity!$M$3:$U$14))} -> 0 | K34: {=_xlfn.XLOOKUP($E34, UVintensity!$L$3:$L$14, _xlfn.XLOOKUP(K$5, UVintensity!$M$2:$U$2, UVintensity!$M$3:$U$14))} -> 0 | L34: {=_xlfn.XLOOKUP($E34, UVintensity!$L$3:$L$14, _xlfn.XLOOKUP(L$5, UVintensity!$M$2:$U$2, UVintensity!$M$3:$U$14))} -> 0 | M34: {=_xlfn.XLOOKUP($E34, UVintensity!$L$3:$L$14, _xlfn.XLOOKUP(M$5, UVintensity!$M$2:$U$2, UVintensity!$M$3:$U$14))} -> 0 | O34: [W*m-2] | P34: PlasticFADE model | T34: 0.087273953
C35: UVintensity | D35: Regional | E35: air | F35: {=_xlfn.XLOOKUP($E35, UVintensity!$L$3:$L$14, _xlfn.XLOOKUP(F$5, UVintensity!$M$2:$U$2, UVintensity!$M$3:$U$14))} -> 8.02 | G35: {=_xlfn.XLOOKUP($E35, UVintensity!$L$3:$L$14, _xlfn.XLOOKUP(G$5, UVintensity!$M$2:$U$2, UVintensity!$M$3:$U$14))} -> 11.78 | H35: {=_xlfn.XLOOKUP($E35, UVintensity!$L$3:$L$14, _xlfn.XLOOKUP(H$5, UVintensity!$M$2:$U$2, UVintensity!$M$3:$U$14))} -> 5.23 | I35: {=_xlfn.XLOOKUP($E35, UVintensity!$L$3:$L$14, _xlfn.XLOOKUP(I$5, UVintensity!$M$2:$U$2, UVintensity!$M$3:$U$14))} -> 13.82 | J35: {=_xlfn.XLOOKUP($E35, UVintensity!$L$3:$L$14, _xlfn.XLOOKUP(J$5, UVintensity!$M$2:$U$2, UVintensity!$M$3:$U$14))} -> 5.63 | K35: {=_xlfn.XLOOKUP($E35, UVintensity!$L$3:$L$14, _xlfn.XLOOKUP(K$5, UVintensity!$M$2:$U$2, UVintensity!$M$3:$U$14))} -> 13.65 | L35: {=_xlfn.XLOOKUP($E35, UVintensity!$L$3:$L$14, _xlfn.XLOOKUP(L$5, UVintensity!$M$2:$U$2, UVintensity!$M$3:$U$14))} -> 3.64 | M35: {=_xlfn.XLOOKUP($E35, UVintensity!$L$3:$L$14, _xlfn.XLOOKUP(M$5, UVintensity!$M$2:$U$2, UVintensity!$M$3:$U$14))} -> 11.85 | O35: [W*m-2] | P35: PlasticFADE model | T35: 0.16039537
C36: UVintensity | D36: Regional | E36: cloudwater | F36: {=_xlfn.XLOOKUP($E36, UVintensity!$L$3:$L$14, _xlfn.XLOOKUP(F$5, UVintensity!$M$2:$U$2, UVintensity!$M$3:$U$14))} -> 8.02 | G36: {=_xlfn.XLOOKUP($E36, UVintensity!$L$3:$L$14, _xlfn.XLOOKUP(G$5, UVintensity!$M$2:$U$2, UVintensity!$M$3:$U$14))} -> 11.78 | H36: {=_xlfn.XLOOKUP($E36, UVintensity!$L$3:$L$14, _xlfn.XLOOKUP(H$5, UVintensity!$M$2:$U$2, UVintensity!$M$3:$U$14))} -> 5.23 | I36: {=_xlfn.XLOOKUP($E36, UVintensity!$L$3:$L$14, _xlfn.XLOOKUP(I$5, UVintensity!$M$2:$U$2, UVintensity!$M$3:$U$14))} -> 13.82 | J36: {=_xlfn.XLOOKUP($E36, UVintensity!$L$3:$L$14, _xlfn.XLOOKUP(J$5, UVintensity!$M$2:$U$2, UVintensity!$M$3:$U$14))} -> 5.63 | K36: {=_xlfn.XLOOKUP($E36, UVintensity!$L$3:$L$14, _xlfn.XLOOKUP(K$5, UVintensity!$M$2:$U$2, UVintensity!$M$3:$U$14))} -> 13.65 | L36: {=_xlfn.XLOOKUP($E36, UVintensity!$L$3:$L$14, _xlfn.XLOOKUP(L$5, UVintensity!$M$2:$U$2, UVintensity!$M$3:$U$14))} -> 3.64 | M36: {=_xlfn.XLOOKUP($E36, UVintensity!$L$3:$L$14, _xlfn.XLOOKUP(M$5, UVintensity!$M$2:$U$2, UVintensity!$M$3:$U$14))} -> 11.85 | O36: [W*m-2] | P36: PlasticFADE model | T36: 0.009041896
C37: UVintensity | D37: Regional | E37: freshwatersediment | F37: {=_xlfn.XLOOKUP($E37, UVintensity!$L$3:$L$14, _xlfn.XLOOKUP(F$5, UVintensity!$M$2:$U$2, UVintensity!$M$3:$U$14))} -> 0 | G37: {=_xlfn.XLOOKUP($E37, UVintensity!$L$3:$L$14, _xlfn.XLOOKUP(G$5, UVintensity!$M$2:$U$2, UVintensity!$M$3:$U$14))} -> 0 | H37: {=_xlfn.XLOOKUP($E37, UVintensity!$L$3:$L$14, _xlfn.XLOOKUP(H$5, UVintensity!$M$2:$U$2, UVintensity!$M$3:$U$14))} -> 0 | I37: {=_xlfn.XLOOKUP($E37, UVintensity!$L$3:$L$14, _xlfn.XLOOKUP(I$5, UVintensity!$M$2:$U$2, UVintensity!$M$3:$U$14))} -> 0 | J37: {=_xlfn.XLOOKUP($E37, UVintensity!$L$3:$L$14, _xlfn.XLOOKUP(J$5, UVintensity!$M$2:$U$2, UVintensity!$M$3:$U$14))} -> 0 | K37: {=_xlfn.XLOOKUP($E37, UVintensity!$L$3:$L$14, _xlfn.XLOOKUP(K$5, UVintensity!$M$2:$U$2, UVintensity!$M$3:$U$14))} -> 0 | L37: {=_xlfn.XLOOKUP($E37, UVintensity!$L$3:$L$14, _xlfn.XLOOKUP(L$5, UVintensity!$M$2:$U$2, UVintensity!$M$3:$U$14))} -> 0 | M37: {=_xlfn.XLOOKUP($E37, UVintensity!$L$3:$L$14, _xlfn.XLOOKUP(M$5, UVintensity!$M$2:$U$2, UVintensity!$M$3:$U$14))} -> 0 | O37: [W*m-2] | P37: PlasticFADE model | T37: 0.096315849
C38: UVintensity | D38: Regional | E38: lake | F38: {=_xlfn.XLOOKUP($E38, UVintensity!$L$3:$L$14, _xlfn.XLOOKUP(F$5, UVintensity!$M$2:$U$2, UVintensity!$M$3:$U$14))} -> 0.067966102 | G38: {=_xlfn.XLOOKUP($E38, UVintensity!$L$3:$L$14, _xlfn.XLOOKUP(G$5, UVintensity!$M$2:$U$2, UVintensity!$M$3:$U$14))} -> 0.11459144 | H38: {=_xlfn.XLOOKUP($E38, UVintensity!$L$3:$L$14, _xlfn.XLOOKUP(H$5, UVintensity!$M$2:$U$2, UVintensity!$M$3:$U$14))} -> 0.048605948 | I38: {=_xlfn.XLOOKUP($E38, UVintensity!$L$3:$L$14, _xlfn.XLOOKUP(I$5, UVintensity!$M$2:$U$2, UVintensity!$M$3:$U$14))} -> 0.029810181 | J38: {=_xlfn.XLOOKUP($E38, UVintensity!$L$3:$L$14, _xlfn.XLOOKUP(J$5, UVintensity!$M$2:$U$2, UVintensity!$M$3:$U$14))} -> 0.042522659 | K38: {=_xlfn.XLOOKUP($E38, UVintensity!$L$3:$L$14, _xlfn.XLOOKUP(K$5, UVintensity!$M$2:$U$2, UVintensity!$M$3:$U$14))} -> 0.19612069 | L38: {=_xlfn.XLOOKUP($E38, UVintensity!$L$3:$L$14, _xlfn.XLOOKUP(L$5, UVintensity!$M$2:$U$2, UVintensity!$M$3:$U$14))} -> 0.006899166 | M38: {=_xlfn.XLOOKUP($E38, UVintensity!$L$3:$L$14, _xlfn.XLOOKUP(M$5, UVintensity!$M$2:$U$2, UVintensity!$M$3:$U$14))} -> 0.33664773 | O38: [W*m-2] | P38: PlasticFADE model | T38: 0.075367854
C39: UVintensity | D39: Regional | E39: lakesediment | F39: {=_xlfn.XLOOKUP($E39, UVintensity!$L$3:$L$14, _xlfn.XLOOKUP(F$5, UVintensity!$M$2:$U$2, UVintensity!$M$3:$U$14))} -> 0 | G39: {=_xlfn.XLOOKUP($E39, UVintensity!$L$3:$L$14, _xlfn.XLOOKUP(G$5, UVintensity!$M$2:$U$2, UVintensity!$M$3:$U$14))} -> 0 | H39: {=_xlfn.XLOOKUP($E39, UVintensity!$L$3:$L$14, _xlfn.XLOOKUP(H$5, UVintensity!$M$2:$U$2, UVintensity!$M$3:$U$14))} -> 0 | I39: {=_xlfn.XLOOKUP($E39, UVintensity!$L$3:$L$14, _xlfn.XLOOKUP(I$5, UVintensity!$M$2:$U$2, UVintensity!$M$3:$U$14))} -> 0 | J39: {=_xlfn.XLOOKUP($E39, UVintensity!$L$3:$L$14, _xlfn.XLOOKUP(J$5, UVintensity!$M$2:$U$2, UVintensity!$M$3:$U$14))} -> 0 | K39: {=_xlfn.XLOOKUP($E39, UVintensity!$L$3:$L$14, _xlfn.XLOOKUP(K$5, UVintensity!$M$2:$U$2, UVintensity!$M$3:$U$14))} -> 0 | L39: {=_xlfn.XLOOKUP($E39, UVintensity!$L$3:$L$14, _xlfn.XLOOKUP(L$5, UVintensity!$M$2:$U$2, UVintensity!$M$3:$U$14))} -> 0 | M39: {=_xlfn.XLOOKUP($E39, UVintensity!$L$3:$L$14, _xlfn.XLOOKUP(M$5, UVintensity!$M$2:$U$2, UVintensity!$M$3:$U$14))} -> 0 | O39: [W*m-2] | P39: PlasticFADE model | T39: 0.27636752
C40: UVintensity | D40: Regional | E40: marinesediment | F40: {=_xlfn.XLOOKUP($E40, UVintensity!$L$3:$L$14, _xlfn.XLOOKUP(F$5, UVintensity!$M$2:$U$2, UVintensity!$M$3:$U$14))} -> 0 | G40: {=_xlfn.XLOOKUP($E40, UVintensity!$L$3:$L$14, _xlfn.XLOOKUP(G$5, UVintensity!$M$2:$U$2, UVintensity!$M$3:$U$14))} -> 0 | H40: {=_xlfn.XLOOKUP($E40, UVintensity!$L$3:$L$14, _xlfn.XLOOKUP(H$5, UVintensity!$M$2:$U$2, UVintensity!$M$3:$U$14))} -> 0 | I40: {=_xlfn.XLOOKUP($E40, UVintensity!$L$3:$L$14, _xlfn.XLOOKUP(I$5, UVintensity!$M$2:$U$2, UVintensity!$M$3:$U$14))} -> 0 | J40: {=_xlfn.XLOOKUP($E40, UVintensity!$L$3:$L$14, _xlfn.XLOOKUP(J$5, UVintensity!$M$2:$U$2, UVintensity!$M$3:$U$14))} -> 0 | K40: {=_xlfn.XLOOKUP($E40, UVintensity!$L$3:$L$14, _xlfn.XLOOKUP(K$5, UVintensity!$M$2:$U$2, UVintensity!$M$3:$U$14))} -> 0 | L40: {=_xlfn.XLOOKUP($E40, UVintensity!$L$3:$L$14, _xlfn.XLOOKUP(L$5, UVintensity!$M$2:$U$2, UVintensity!$M$3:$U$14))} -> 0 | M40: {=_xlfn.XLOOKUP($E40, UVintensity!$L$3:$L$14, _xlfn.XLOOKUP(M$5, UVintensity!$M$2:$U$2, UVintensity!$M$3:$U$14))} -> 0 | O40: [W*m-2] | P40: PlasticFADE model | T40: 0.031955521
C41: UVintensity | D41: Regional | E41: naturalsoil | F41: {=_xlfn.XLOOKUP($E41, UVintensity!$L$3:$L$14, _xlfn.XLOOKUP(F$5, UVintensity!$M$2:$U$2, UVintensity!$M$3:$U$14))} -> 0 | G41: {=_xlfn.XLOOKUP($E41, UVintensity!$L$3:$L$14, _xlfn.XLOOKUP(G$5, UVintensity!$M$2:$U$2, UVintensity!$M$3:$U$14))} -> 0 | H41: {=_xlfn.XLOOKUP($E41, UVintensity!$L$3:$L$14, _xlfn.XLOOKUP(H$5, UVintensity!$M$2:$U$2, UVintensity!$M$3:$U$14))} -> 0 | I41: {=_xlfn.XLOOKUP($E41, UVintensity!$L$3:$L$14, _xlfn.XLOOKUP(I$5, UVintensity!$M$2:$U$2, UVintensity!$M$3:$U$14))} -> 0 | J41: {=_xlfn.XLOOKUP($E41, UVintensity!$L$3:$L$14, _xlfn.XLOOKUP(J$5, UVintensity!$M$2:$U$2, UVintensity!$M$3:$U$14))} -> 0 | K41: {=_xlfn.XLOOKUP($E41, UVintensity!$L$3:$L$14, _xlfn.XLOOKUP(K$5, UVintensity!$M$2:$U$2, UVintensity!$M$3:$U$14))} -> 0 | L41: {=_xlfn.XLOOKUP($E41, UVintensity!$L$3:$L$14, _xlfn.XLOOKUP(L$5, UVintensity!$M$2:$U$2, UVintensity!$M$3:$U$14))} -> 0 | M41: {=_xlfn.XLOOKUP($E41, UVintensity!$L$3:$L$14, _xlfn.XLOOKUP(M$5, UVintensity!$M$2:$U$2, UVintensity!$M$3:$U$14))} -> 0 | O41: [W*m-2] | P41: PlasticFADE model | T41: 0.13029316
C42: UVintensity | D42: Regional | E42: othersoil | F42: {=_xlfn.XLOOKUP($E42, UVintensity!$L$3:$L$14, _xlfn.XLOOKUP(F$5, UVintensity!$M$2:$U$2, UVintensity!$M$3:$U$14))} -> 0 | G42: {=_xlfn.XLOOKUP($E42, UVintensity!$L$3:$L$14, _xlfn.XLOOKUP(G$5, UVintensity!$M$2:$U$2, UVintensity!$M$3:$U$14))} -> 0 | H42: {=_xlfn.XLOOKUP($E42, UVintensity!$L$3:$L$14, _xlfn.XLOOKUP(H$5, UVintensity!$M$2:$U$2, UVintensity!$M$3:$U$14))} -> 0 | I42: {=_xlfn.XLOOKUP($E42, UVintensity!$L$3:$L$14, _xlfn.XLOOKUP(I$5, UVintensity!$M$2:$U$2, UVintensity!$M$3:$U$14))} -> 0 | J42: {=_xlfn.XLOOKUP($E42, UVintensity!$L$3:$L$14, _xlfn.XLOOKUP(J$5, UVintensity!$M$2:$U$2, UVintensity!$M$3:$U$14))} -> 0 | K42: {=_xlfn.XLOOKUP($E42, UVintensity!$L$3:$L$14, _xlfn.XLOOKUP(K$5, UVintensity!$M$2:$U$2, UVintensity!$M$3:$U$14))} -> 0 | L42: {=_xlfn.XLOOKUP($E42, UVintensity!$L$3:$L$14, _xlfn.XLOOKUP(L$5, UVintensity!$M$2:$U$2, UVintensity!$M$3:$U$14))} -> 0 | M42: {=_xlfn.XLOOKUP($E42, UVintensity!$L$3:$L$14, _xlfn.XLOOKUP(M$5, UVintensity!$M$2:$U$2, UVintensity!$M$3:$U$14))} -> 0 | O42: [W*m-2] | P42: PlasticFADE model
C43: UVintensity | D43: Regional | E43: river | F43: {=_xlfn.XLOOKUP($E43, UVintensity!$L$3:$L$14, _xlfn.XLOOKUP(F$5, UVintensity!$M$2:$U$2, UVintensity!$M$3:$U$14))} -> 0.33416667 | G43: {=_xlfn.XLOOKUP($E43, UVintensity!$L$3:$L$14, _xlfn.XLOOKUP(G$5, UVintensity!$M$2:$U$2, UVintensity!$M$3:$U$14))} -> 0.26772727 | H43: {=_xlfn.XLOOKUP($E43, UVintensity!$L$3:$L$14, _xlfn.XLOOKUP(H$5, UVintensity!$M$2:$U$2, UVintensity!$M$3:$U$14))} -> 0.27526316 | I43: {=_xlfn.XLOOKUP($E43, UVintensity!$L$3:$L$14, _xlfn.XLOOKUP(I$5, UVintensity!$M$2:$U$2, UVintensity!$M$3:$U$14))} -> 0.5528 | J43: {=_xlfn.XLOOKUP($E43, UVintensity!$L$3:$L$14, _xlfn.XLOOKUP(J$5, UVintensity!$M$2:$U$2, UVintensity!$M$3:$U$14))} -> 0.25590909 | K43: {=_xlfn.XLOOKUP($E43, UVintensity!$L$3:$L$14, _xlfn.XLOOKUP(K$5, UVintensity!$M$2:$U$2, UVintensity!$M$3:$U$14))} -> 0.41363636 | L43: {=_xlfn.XLOOKUP($E43, UVintensity!$L$3:$L$14, _xlfn.XLOOKUP(L$5, UVintensity!$M$2:$U$2, UVintensity!$M$3:$U$14))} -> 0.12551724 | M43: {=_xlfn.XLOOKUP($E43, UVintensity!$L$3:$L$14, _xlfn.XLOOKUP(M$5, UVintensity!$M$2:$U$2, UVintensity!$M$3:$U$14))} -> 1.1849462 | O43: [W*m-2] | P43: PlasticFADE model
C44: UVintensity | D44: Regional | E44: deepocean | F44: {=_xlfn.XLOOKUP($E44, UVintensity!$L$3:$L$14, _xlfn.XLOOKUP(F$5, UVintensity!$M$2:$U$2, UVintensity!$M$3:$U$14))} -> 0 | G44: {=_xlfn.XLOOKUP($E44, UVintensity!$L$3:$L$14, _xlfn.XLOOKUP(G$5, UVintensity!$M$2:$U$2, UVintensity!$M$3:$U$14))} -> 0 | H44: {=_xlfn.XLOOKUP($E44, UVintensity!$L$3:$L$14, _xlfn.XLOOKUP(H$5, UVintensity!$M$2:$U$2, UVintensity!$M$3:$U$14))} -> 0 | I44: {=_xlfn.XLOOKUP($E44, UVintensity!$L$3:$L$14, _xlfn.XLOOKUP(I$5, UVintensity!$M$2:$U$2, UVintensity!$M$3:$U$14))} -> 0 | J44: {=_xlfn.XLOOKUP($E44, UVintensity!$L$3:$L$14, _xlfn.XLOOKUP(J$5, UVintensity!$M$2:$U$2, UVintensity!$M$3:$U$14))} -> 0 | K44: {=_xlfn.XLOOKUP($E44, UVintensity!$L$3:$L$14, _xlfn.XLOOKUP(K$5, UVintensity!$M$2:$U$2, UVintensity!$M$3:$U$14))} -> 0 | L44: {=_xlfn.XLOOKUP($E44, UVintensity!$L$3:$L$14, _xlfn.XLOOKUP(L$5, UVintensity!$M$2:$U$2, UVintensity!$M$3:$U$14))} -> 0 | M44: {=_xlfn.XLOOKUP($E44, UVintensity!$L$3:$L$14, _xlfn.XLOOKUP(M$5, UVintensity!$M$2:$U$2, UVintensity!$M$3:$U$14))} -> 0 | O44: [W*m-2] | P44: PlasticFADE model
C45: UVintensity | D45: Regional | E45: sea | F45: {=_xlfn.XLOOKUP($E45, UVintensity!$L$3:$L$14, _xlfn.XLOOKUP(F$5, UVintensity!$M$2:$U$2, UVintensity!$M$3:$U$14))} -> 3.4673055 | G45: {=_xlfn.XLOOKUP($E45, UVintensity!$L$3:$L$14, _xlfn.XLOOKUP(G$5, UVintensity!$M$2:$U$2, UVintensity!$M$3:$U$14))} -> 5.0928752 | H45: {=_xlfn.XLOOKUP($E45, UVintensity!$L$3:$L$14, _xlfn.XLOOKUP(H$5, UVintensity!$M$2:$U$2, UVintensity!$M$3:$U$14))} -> 2.2610982 | I45: {=_xlfn.XLOOKUP($E45, UVintensity!$L$3:$L$14, _xlfn.XLOOKUP(I$5, UVintensity!$M$2:$U$2, UVintensity!$M$3:$U$14))} -> 5.9748332 | J45: {=_xlfn.XLOOKUP($E45, UVintensity!$L$3:$L$14, _xlfn.XLOOKUP(J$5, UVintensity!$M$2:$U$2, UVintensity!$M$3:$U$14))} -> 2.4340312 | K45: {=_xlfn.XLOOKUP($E45, UVintensity!$L$3:$L$14, _xlfn.XLOOKUP(K$5, UVintensity!$M$2:$U$2, UVintensity!$M$3:$U$14))} -> 5.9013367 | L45: {=_xlfn.XLOOKUP($E45, UVintensity!$L$3:$L$14, _xlfn.XLOOKUP(L$5, UVintensity!$M$2:$U$2, UVintensity!$M$3:$U$14))} -> 1.5736898 | M45: {=_xlfn.XLOOKUP($E45, UVintensity!$L$3:$L$14, _xlfn.XLOOKUP(M$5, UVintensity!$M$2:$U$2, UVintensity!$M$3:$U$14))} -> 5.1231384 | O45: [W*m-2] | P45: PlasticFADE model
C46: MICROBconc | D46: Regional | E46: agriculturalsoil | F46: 121000000 | G46: 121000000 | H46: 121000000 | I46: 121000000 | J46: 121000000 | K46: 121000000 | L46: 121000000 | M46: 121000000 | O46: [CFU*mL-1] | P46: PlasticFADE model
C47: MICROBconc | D47: Regional | E47: air | F47: 0.5 | G47: 0.5 | H47: 0.5 | I47: 0.5 | J47: 0.5 | K47: 0.5 | L47: 0.5 | M47: 0.5 | O47: [CFU*mL-1] | P47: PlasticFADE model
C48: MICROBconc | D48: Regional | E48: cloudwater | F48: 0.5 | G48: 0.5 | H48: 0.5 | I48: 0.5 | J48: 0.5 | K48: 0.5 | L48: 0.5 | M48: 0.5 | O48: [CFU*mL-1] | P48: PlasticFADE model
C49: MICROBconc | D49: Regional | E49: freshwatersediment | F49: 482000 | G49: 482000 | H49: 482000 | I49: 482000 | J49: 482000 | K49: 482000 | L49: 482000 | M49: 482000 | O49: [CFU*mL-1] | P49: PlasticFADE model
C50: MICROBconc | D50: Regional | E50: lake | F50: 250000 | G50: 250000 | H50: 250000 | I50: 250000 | J50: 250000 | K50: 250000 | L50: 250000 | M50: 250000 | O50: [CFU*mL-1] | P50: PlasticFADE model
C51: MICROBconc | D51: Regional | E51: lakesediment | F51: 482000 | G51: 482000 | H51: 482000 | I51: 482000 | J51: 482000 | K51: 482000 | L51: 482000 | M51: 482000 | O51: [CFU*mL-1] | P51: PlasticFADE model
C52: MICROBconc | D52: Regional | E52: marinesediment | F52: 482000 | G52: 482000 | H52: 482000 | I52: 482000 | J52: 482000 | K52: 482000 | L52: 482000 | M52: 482000 | O52: [CFU*mL-1] | P52: PlasticFADE model
C53: MICROBconc | D53: Regional | E53: naturalsoil | F53: 121000000 | G53: 121000000 | H53: 121000000 | I53: 121000000 | J53: 121000000 | K53: 121000000 | L53: 121000000 | M53: 121000000 | O53: [CFU*mL-1] | P53: PlasticFADE model
C54: MICROBconc | D54: Regional | E54: othersoil | F54: 121000000 | G54: 121000000 | H54: 121000000 | I54: 121000000 | J54: 121000000 | K54: 121000000 | L54: 121000000 | M54: 121000000 | O54: [CFU*mL-1] | P54: PlasticFADE model
C55: MICROBconc | D55: Regional | E55: river | F55: 250000 | G55: 250000 | H55: 250000 | I55: 250000 | J55: 250000 | K55: 250000 | L55: 250000 | M55: 250000 | O55: [CFU*mL-1] | P55: PlasticFADE model
C56: MICROBconc | D56: Regional | E56: deepocean | F56: 250000 | G56: 250000 | H56: 250000 | I56: 250000 | J56: 250000 | K56: 250000 | L56: 250000 | M56: 250000 | O56: [CFU*mL-1] | P56: PlasticFADE model
C57: MICROBconc | D57: Regional | E57: sea | F57: 250000 | G57: 250000 | H57: 250000 | I57: 250000 | J57: 250000 | K57: 250000 | L57: 250000 | M57: 250000 | O57: [CFU*mL-1] | P57: PlasticFADE model
A58: GLOBAL SCALE | B58: area_land_G | D58: Continental | F58: 1.2391012e+14 | G58: 1.175222e+14 | H58: 1.2983388e+14 | I58: 1.0410177e+14 | J58: 1.2152316e+14 | K58: 1.2153403e+14 | L58: 1.2010017e+14 | M58: 1.3027535e+14 | N58: area of land | O58: [m2] | P58: USEtox
B59: area_sea_G | D59: Continental | F59: 3.6203119e+14 | G59: 3.608957e+14 | H59: 3.6216841e+14 | I59: 3.6227819e+14 | J59: 3.631323e+14 | K59: 3.5853119e+14 | L59: 3.5824373e+14 | M59: 3.6162802e+14 | N59: area of sea | O59: [m2] | P59: USEtox
C60: TotalArea | D60: Continental | F60: =F59+F58+F8 -> 5.0226869e+14 | G60: =G59+G58+G8 -> 502268688752959 | H60: =H59+H58+H8 -> 5.0226869e+14 | I60: =I59+I58+I8 -> 5.0226869e+14 | J60: =J59+J58+J8 -> 5.0226869e+14 | K60: =K59+K58+K8 -> 502268688752959 | L60: =L59+L58+L8 -> 5.0226869e+14 | M60: =M59+M58+M8 -> 5.0226869e+14 | Q60: Total area needs to include the size of nested scales. We add the area of continental scale
C61: FRACsea | D61: Continental | F61: =(F59+F7)/F60 -> 0.72445008 | G61: =(G59+G7)/G60 -> 0.72445008 | H61: =(H59+H7)/H60 -> 0.72445008 | I61: =(I59+I7)/I60 -> 0.72445008 | J61: =(J59+J7)/J60 -> 0.72445008 | K61: =(K59+K7)/K60 -> 0.72445008 | L61: =(L59+L7)/L60 -> 0.72445008 | M61: =(M59+M7)/M60 -> 0.72445008 | Q61: Adapted so include nested compartment
B62: areafrac_rw_G | C62: landFRAC | D62: Continental | E62: river | F62: 0.0037256943 | G62: 0.0027612917 | H62: 0.0032048504 | I62: 0.0041965315 | J62: 0.0033368619 | K62: 0.0026678907 | L62: 0.0030580701 | M62: 0.0033812262 | N62: fraction of land area allocated to river | O62: - | P62: Calculated with HydroATLAS
B63: areafrac_lw_G | C63: landFRAC | D63: Continental | E63: lake | F63: 0.023643521 | G63: 0.033374003 | H63: 0.030570453 | I63: 0.03581244 | J63: 0.030787933 | K63: 0.030123706 | L63: 0.027011189 | M63: 0.031862099 | N63: fraction of land area allocated to lake | O63: - | P63: Calculated with HydroATLAS
B64: areafrac_nat_soil_G | C64: landFRAC | D64: Continental | E64: naturalsoil | F64: 0.60856223 | G64: 0.60333262 | H64: 0.61268443 | I64: 0.61834427 | J64: 0.62337847 | K64: 0.62669565 | L64: 0.57889629 | M64: 0.6156604 | N64: fraction of land area allocated to natural soil | O64: - | P64: USEtox
B65: areafrac_agr_soil_G | C65: landFRAC | D65: Continental | E65: agriculturalsoil | F65: 0.36406856 | G65: 0.36053209 | H65: 0.35354027 | I65: 0.34164676 | J65: 0.34249673 | K65: 0.34051276 | L65: 0.39103445 | M65: 0.34909628 | N65: fraction of land area allocated to agricultural soil | O65: - | P65: USEtox
B66: areafrac_agr_soil_C | C66: landFRAC | D66: Continental | E66: othersoil | F66: 1e-20 | G66: 1e-20 | H66: 1e-20 | I66: 1e-20 | J66: 1e-20 | K66: 1e-20 | L66: 1e-20 | M66: 1e-20 | N66: fraction of land area allocated to other soil | O66: - | P66: - | Q66: Set to 0 to get rid of it
B67: fracsf_rw_G | D67: Continental | F67: 0.13612719 | G67: 0.076415366 | H67: 0.094887391 | I67: 0.10488976 | J67: 0.097784086 | K67: 0.081358975 | L67: 0.10170088 | M67: 0.095939476 | N67: fraction of surface water allocated to river | O67: - | P67: Calculated with HydroATLAS
B68: fracsf_lw_G | D68: Continental | F68: 0.86387281 | G68: 0.92358463 | H68: 0.90511261 | I68: 0.89511024 | J68: 0.90221591 | K68: 0.91864103 | L68: 0.89829912 | M68: 0.90406052 | N68: fraction of surface water allocated to lake | O68: - | P68: Calculated with HydroATLAS
B69: temp_G | C69: Temp | D69: Continental | F69: 285.15 | G69: 285.15 | H69: 285.15 | I69: 285.15 | J69: 285.15 | K69: 285.15 | L69: 285.15 | M69: 285.15 | N69: temperature | O69: K | P69: USEtox
B70: wind_speed_G | C70: WINDspeed | D70: Continental | F70: 3 | G70: 3 | H70: 3 | I70: 3 | J70: 3 | K70: 3 | L70: 3 | M70: 3 | N70: wind speed | O70: [m*s-1] | P70: USEtox
B71: rain_rate_G | D71: Continental | F71: 2.2196854e-08 | G71: 2.2196854e-08 | H71: 2.2196854e-08 | I71: 2.2196854e-08 | J71: 2.2196854e-08 | K71: 2.2196854e-08 | L71: 2.2196854e-08 | M71: 2.2196854e-08 | N71: rain rate | O71: [m*s-1] | P71: USEtox
C72: RAINrate | D72: Continental | F72: =F71*1000*365*24*3600 -> 700 | G72: =G71*1000*365*24*3600 -> 700 | H72: =H71*1000*365*24*3600 -> 700 | I72: =I71*1000*365*24*3600 -> 700 | J72: =J71*1000*365*24*3600 -> 700 | K72: =K71*1000*365*24*3600 -> 700 | L72: =L71*1000*365*24*3600 -> 700 | M72: =M71*1000*365*24*3600 -> 700 | N72: rain rate | O72: [mm*yr-1] | P72: USEtox
B73: depth_rw_G | C73: VertDistance | D73: Continental | E73: river | F73: 3.3481105 | G73: 2.7350201 | H73: 3.2415889 | I73: 3.1902083 | J73: 3.2236167 | K73: 3.1509464 | L73: 3.2600325 | M73: 3.2466419 | N73: depth river water | O73: [m] | P73: Calculated with HydroATLAS
B74: depth_lw_G | C74: VertDistance | D74: Continental | E74: lake | F74: 90.805257 | G74: 66.519703 | H74: 65.10935 | I74: 58.82413 | J74: 65.859719 | K74: 66.64602 | L74: 39.143976 | M74: 65.281448 | N74: depth lake water | O74: [m] | P74: Calculated with HydroATLAS
B75: depth_sw_G | C75: VertDistance | D75: Continental | E75: sea | F75: 3682 | G75: 3682 | H75: 3682 | I75: 3682 | J75: 3682 | K75: 3682 | L75: 3682 | M75: 3682 | N75: depth sea water | O75: [m] | P75: USEtox
C76: VertDistance | D76: Continental | E76: deepocean | F76: 1000 | G76: 1000 | H76: 1000 | I76: 1000 | J76: 1000 | K76: 1000 | L76: 1000 | M76: 1000 | N76: depth water column | P76: Hajjar et al.
B77: frac_runoff_rw_G | D77: Continental | F77: 0.034031797 | G77: 0.019103841 | H77: 0.023721848 | I77: 0.026222441 | J77: 0.024446021 | K77: 0.020339744 | L77: 0.02542522 | M77: 0.023984869 | N77: fraction runoff to river | O77: - | P77: Fraction runoff in USEtox * Fraction of surface water allocated to river
B78: frac_runoff_lw_G | D78: Continental | F78: 0.2159682 | G78: 0.23089616 | H78: 0.22627815 | I78: 0.22377756 | J78: 0.22555398 | K78: 0.22966026 | L78: 0.22457478 | M78: 0.22601513 | N78: fraction runoff to lake | O78: - | P78: Fraction runoff in USEtox * Fraction of surface water allocated to lake
C79: FRACrun | D79: Continental | F79: 0.25 | G79: 0.25 | H79: 0.25 | I79: 0.25 | J79: 0.25 | K79: 0.25 | L79: 0.25 | M79: 0.25 | N79: fraction runoff | O79: - | P79: USEtox
B80: frac_infiltr_G | C80: FRACinf | D80: Continental | F80: 0.25 | G80: 0.25 | H80: 0.25 | I80: 0.25 | J80: 0.25 | K80: 0.25 | L80: 0.25 | M80: 0.25 | N80: fraction infiltration | O80: - | P80: USEtox
B81: soil_ero_G | D81: Continental | F81: 9.5129376e-13 | G81: 9.5129376e-13 | H81: 9.5129376e-13 | I81: 9.5129376e-13 | J81: 9.5129376e-13 | K81: 9.5129376e-13 | L81: 9.5129376e-13 | M81: 9.5129376e-13 | N81: soil erosion | O81: [m*s-1] | P81: USEtox | Q81: Not changed - same value
B82: irrig_G | D82: Continental | F82: 2722000000000 | G82: 2722000000000 | H82: 2722000000000 | I82: 2722000000000 | J82: 2722000000000 | K82: 2722000000000 | L82: 2722000000000 | M82: 2722000000000 | N82: irrigation | O82: [m3] | P82: USEtox
B83: dens_fw_species_RoW | C83: dens_fw_species_RoW | F83: 0.925 | G83: 0.7011 | H83: 0.8978 | I83: 0.7732 | J83: 0.8775 | K83: 0.712 | L83: 0.943 | M83: 0.9108 | P83: Louvet et al. (2025)
B84: dens_marine_species_RoW | C84: dens_marine_species_RoW | F84: 0.29669774 | G84: 0.29669774 | H84: 0.29669774 | I84: 0.29669774 | J84: 0.29669774 | K84: 0.29669774 | L84: 0.29669774 | M84: 0.29669774 | P84: Louvet et al. (2025)
B85: dens_ter_species_RoW | C85: dens_ter_species_RoW | F85: 0.9676 | G85: 0.6567 | H85: 0.9169 | I85: 0.7717 | J85: 0.924 | K85: 0.7702 | L85: 0.9786 | M85: 0.869 | P85: Louvet et al. (2025)
C86: UVintensity | D86: Continental | E86: agriculturalsoil | F86: =_xlfn.XLOOKUP($E86,UVintensity!$L$3:$L$14,UVintensity!$U$3:$U$14) -> 0 | G86: =_xlfn.XLOOKUP($E86,UVintensity!$L$3:$L$14,UVintensity!$U$3:$U$14) -> 0 | H86: =_xlfn.XLOOKUP($E86,UVintensity!$L$3:$L$14,UVintensity!$U$3:$U$14) -> 0 | I86: =_xlfn.XLOOKUP($E86,UVintensity!$L$3:$L$14,UVintensity!$U$3:$U$14) -> 0 | J86: =_xlfn.XLOOKUP($E86,UVintensity!$L$3:$L$14,UVintensity!$U$3:$U$14) -> 0 | K86: =_xlfn.XLOOKUP($E86,UVintensity!$L$3:$L$14,UVintensity!$U$3:$U$14) -> 0 | L86: =_xlfn.XLOOKUP($E86,UVintensity!$L$3:$L$14,UVintensity!$U$3:$U$14) -> 0 | M86: =_xlfn.XLOOKUP($E86,UVintensity!$L$3:$L$14,UVintensity!$U$3:$U$14) -> 0 | O86: [W*m-2] | P86: PlasticFADE model
C87: UVintensity | D87: Continental | E87: air | F87: =_xlfn.XLOOKUP($E87,UVintensity!$L$3:$L$14,UVintensity!$U$3:$U$14) -> 10 | G87: =_xlfn.XLOOKUP($E87,UVintensity!$L$3:$L$14,UVintensity!$U$3:$U$14) -> 10 | H87: =_xlfn.XLOOKUP($E87,UVintensity!$L$3:$L$14,UVintensity!$U$3:$U$14) -> 10 | I87: =_xlfn.XLOOKUP($E87,UVintensity!$L$3:$L$14,UVintensity!$U$3:$U$14) -> 10 | J87: =_xlfn.XLOOKUP($E87,UVintensity!$L$3:$L$14,UVintensity!$U$3:$U$14) -> 10 | K87: =_xlfn.XLOOKUP($E87,UVintensity!$L$3:$L$14,UVintensity!$U$3:$U$14) -> 10 | L87: =_xlfn.XLOOKUP($E87,UVintensity!$L$3:$L$14,UVintensity!$U$3:$U$14) -> 10 | M87: =_xlfn.XLOOKUP($E87,UVintensity!$L$3:$L$14,UVintensity!$U$3:$U$14) -> 10 | O87: [W*m-2] | P87: PlasticFADE model
C88: UVintensity | D88: Continental | E88: cloudwater | F88: =_xlfn.XLOOKUP($E88,UVintensity!$L$3:$L$14,UVintensity!$U$3:$U$14) -> 10 | G88: =_xlfn.XLOOKUP($E88,UVintensity!$L$3:$L$14,UVintensity!$U$3:$U$14) -> 10 | H88: =_xlfn.XLOOKUP($E88,UVintensity!$L$3:$L$14,UVintensity!$U$3:$U$14) -> 10 | I88: =_xlfn.XLOOKUP($E88,UVintensity!$L$3:$L$14,UVintensity!$U$3:$U$14) -> 10 | J88: =_xlfn.XLOOKUP($E88,UVintensity!$L$3:$L$14,UVintensity!$U$3:$U$14) -> 10 | K88: =_xlfn.XLOOKUP($E88,UVintensity!$L$3:$L$14,UVintensity!$U$3:$U$14) -> 10 | L88: =_xlfn.XLOOKUP($E88,UVintensity!$L$3:$L$14,UVintensity!$U$3:$U$14) -> 10 | M88: =_xlfn.XLOOKUP($E88,UVintensity!$L$3:$L$14,UVintensity!$U$3:$U$14) -> 10 | O88: [W*m-2] | P88: PlasticFADE model
C89: UVintensity | D89: Continental | E89: freshwatersediment | F89: =_xlfn.XLOOKUP($E89,UVintensity!$L$3:$L$14,UVintensity!$U$3:$U$14) -> 0 | G89: =_xlfn.XLOOKUP($E89,UVintensity!$L$3:$L$14,UVintensity!$U$3:$U$14) -> 0 | H89: =_xlfn.XLOOKUP($E89,UVintensity!$L$3:$L$14,UVintensity!$U$3:$U$14) -> 0 | I89: =_xlfn.XLOOKUP($E89,UVintensity!$L$3:$L$14,UVintensity!$U$3:$U$14) -> 0 | J89: =_xlfn.XLOOKUP($E89,UVintensity!$L$3:$L$14,UVintensity!$U$3:$U$14) -> 0 | K89: =_xlfn.XLOOKUP($E89,UVintensity!$L$3:$L$14,UVintensity!$U$3:$U$14) -> 0 | L89: =_xlfn.XLOOKUP($E89,UVintensity!$L$3:$L$14,UVintensity!$U$3:$U$14) -> 0 | M89: =_xlfn.XLOOKUP($E89,UVintensity!$L$3:$L$14,UVintensity!$U$3:$U$14) -> 0 | O89: [W*m-2] | P89: PlasticFADE model
C90: UVintensity | D90: Continental | E90: lake | F90: =_xlfn.XLOOKUP($E90,UVintensity!$L$3:$L$14,UVintensity!$U$3:$U$14) -> 0.10539549 | G90: =_xlfn.XLOOKUP($E90,UVintensity!$L$3:$L$14,UVintensity!$U$3:$U$14) -> 0.10539549 | H90: =_xlfn.XLOOKUP($E90,UVintensity!$L$3:$L$14,UVintensity!$U$3:$U$14) -> 0.10539549 | I90: =_xlfn.XLOOKUP($E90,UVintensity!$L$3:$L$14,UVintensity!$U$3:$U$14) -> 0.10539549 | J90: =_xlfn.XLOOKUP($E90,UVintensity!$L$3:$L$14,UVintensity!$U$3:$U$14) -> 0.10539549 | K90: =_xlfn.XLOOKUP($E90,UVintensity!$L$3:$L$14,UVintensity!$U$3:$U$14) -> 0.10539549 | L90: =_xlfn.XLOOKUP($E90,UVintensity!$L$3:$L$14,UVintensity!$U$3:$U$14) -> 0.10539549 | M90: =_xlfn.XLOOKUP($E90,UVintensity!$L$3:$L$14,UVintensity!$U$3:$U$14) -> 0.10539549 | O90: [W*m-2] | P90: PlasticFADE model
C91: UVintensity | D91: Continental | E91: lakesediment | F91: =_xlfn.XLOOKUP($E91,UVintensity!$L$3:$L$14,UVintensity!$U$3:$U$14) -> 0 | G91: =_xlfn.XLOOKUP($E91,UVintensity!$L$3:$L$14,UVintensity!$U$3:$U$14) -> 0 | H91: =_xlfn.XLOOKUP($E91,UVintensity!$L$3:$L$14,UVintensity!$U$3:$U$14) -> 0 | I91: =_xlfn.XLOOKUP($E91,UVintensity!$L$3:$L$14,UVintensity!$U$3:$U$14) -> 0 | J91: =_xlfn.XLOOKUP($E91,UVintensity!$L$3:$L$14,UVintensity!$U$3:$U$14) -> 0 | K91: =_xlfn.XLOOKUP($E91,UVintensity!$L$3:$L$14,UVintensity!$U$3:$U$14) -> 0 | L91: =_xlfn.XLOOKUP($E91,UVintensity!$L$3:$L$14,UVintensity!$U$3:$U$14) -> 0 | M91: =_xlfn.XLOOKUP($E91,UVintensity!$L$3:$L$14,UVintensity!$U$3:$U$14) -> 0 | O91: [W*m-2] | P91: PlasticFADE model
C92: UVintensity | D92: Continental | E92: marinesediment | F92: =_xlfn.XLOOKUP($E92,UVintensity!$L$3:$L$14,UVintensity!$U$3:$U$14) -> 0 | G92: =_xlfn.XLOOKUP($E92,UVintensity!$L$3:$L$14,UVintensity!$U$3:$U$14) -> 0 | H92: =_xlfn.XLOOKUP($E92,UVintensity!$L$3:$L$14,UVintensity!$U$3:$U$14) -> 0 | I92: =_xlfn.XLOOKUP($E92,UVintensity!$L$3:$L$14,UVintensity!$U$3:$U$14) -> 0 | J92: =_xlfn.XLOOKUP($E92,UVintensity!$L$3:$L$14,UVintensity!$U$3:$U$14) -> 0 | K92: =_xlfn.XLOOKUP($E92,UVintensity!$L$3:$L$14,UVintensity!$U$3:$U$14) -> 0 | L92: =_xlfn.XLOOKUP($E92,UVintensity!$L$3:$L$14,UVintensity!$U$3:$U$14) -> 0 | M92: =_xlfn.XLOOKUP($E92,UVintensity!$L$3:$L$14,UVintensity!$U$3:$U$14) -> 0 | O92: [W*m-2] | P92: PlasticFADE model
C93: UVintensity | D93: Continental | E93: naturalsoil | F93: =_xlfn.XLOOKUP($E93,UVintensity!$L$3:$L$14,UVintensity!$U$3:$U$14) -> 0 | G93: =_xlfn.XLOOKUP($E93,UVintensity!$L$3:$L$14,UVintensity!$U$3:$U$14) -> 0 | H93: =_xlfn.XLOOKUP($E93,UVintensity!$L$3:$L$14,UVintensity!$U$3:$U$14) -> 0 | I93: =_xlfn.XLOOKUP($E93,UVintensity!$L$3:$L$14,UVintensity!$U$3:$U$14) -> 0 | J93: =_xlfn.XLOOKUP($E93,UVintensity!$L$3:$L$14,UVintensity!$U$3:$U$14) -> 0 | K93: =_xlfn.XLOOKUP($E93,UVintensity!$L$3:$L$14,UVintensity!$U$3:$U$14) -> 0 | L93: =_xlfn.XLOOKUP($E93,UVintensity!$L$3:$L$14,UVintensity!$U$3:$U$14) -> 0 | M93: =_xlfn.XLOOKUP($E93,UVintensity!$L$3:$L$14,UVintensity!$U$3:$U$14) -> 0 | O93: [W*m-2] | P93: PlasticFADE model
C94: UVintensity | D94: Continental | E94: othersoil | F94: =_xlfn.XLOOKUP($E94,UVintensity!$L$3:$L$14,UVintensity!$U$3:$U$14) -> 0 | G94: =_xlfn.XLOOKUP($E94,UVintensity!$L$3:$L$14,UVintensity!$U$3:$U$14) -> 0 | H94: =_xlfn.XLOOKUP($E94,UVintensity!$L$3:$L$14,UVintensity!$U$3:$U$14) -> 0 | I94: =_xlfn.XLOOKUP($E94,UVintensity!$L$3:$L$14,UVintensity!$U$3:$U$14) -> 0 | J94: =_xlfn.XLOOKUP($E94,UVintensity!$L$3:$L$14,UVintensity!$U$3:$U$14) -> 0 | K94: =_xlfn.XLOOKUP($E94,UVintensity!$L$3:$L$14,UVintensity!$U$3:$U$14) -> 0 | L94: =_xlfn.XLOOKUP($E94,UVintensity!$L$3:$L$14,UVintensity!$U$3:$U$14) -> 0 | M94: =_xlfn.XLOOKUP($E94,UVintensity!$L$3:$L$14,UVintensity!$U$3:$U$14) -> 0 | O94: [W*m-2] | P94: PlasticFADE model
C95: UVintensity | D95: Continental | E95: river | F95: =_xlfn.XLOOKUP($E95,UVintensity!$L$3:$L$14,UVintensity!$U$3:$U$14) -> 0.42624575 | G95: =_xlfn.XLOOKUP($E95,UVintensity!$L$3:$L$14,UVintensity!$U$3:$U$14) -> 0.42624575 | H95: =_xlfn.XLOOKUP($E95,UVintensity!$L$3:$L$14,UVintensity!$U$3:$U$14) -> 0.42624575 | I95: =_xlfn.XLOOKUP($E95,UVintensity!$L$3:$L$14,UVintensity!$U$3:$U$14) -> 0.42624575 | J95: =_xlfn.XLOOKUP($E95,UVintensity!$L$3:$L$14,UVintensity!$U$3:$U$14) -> 0.42624575 | K95: =_xlfn.XLOOKUP($E95,UVintensity!$L$3:$L$14,UVintensity!$U$3:$U$14) -> 0.42624575 | L95: =_xlfn.XLOOKUP($E95,UVintensity!$L$3:$L$14,UVintensity!$U$3:$U$14) -> 0.42624575 | M95: =_xlfn.XLOOKUP($E95,UVintensity!$L$3:$L$14,UVintensity!$U$3:$U$14) -> 0.42624575 | O95: [W*m-2] | P95: PlasticFADE model
C96: UVintensity | D96: Continental | E96: deepocean | F96: =_xlfn.XLOOKUP($E96,UVintensity!$L$3:$L$14,UVintensity!$U$3:$U$14) -> 0 | G96: =_xlfn.XLOOKUP($E96,UVintensity!$L$3:$L$14,UVintensity!$U$3:$U$14) -> 0 | H96: =_xlfn.XLOOKUP($E96,UVintensity!$L$3:$L$14,UVintensity!$U$3:$U$14) -> 0 | I96: =_xlfn.XLOOKUP($E96,UVintensity!$L$3:$L$14,UVintensity!$U$3:$U$14) -> 0 | J96: =_xlfn.XLOOKUP($E96,UVintensity!$L$3:$L$14,UVintensity!$U$3:$U$14) -> 0 | K96: =_xlfn.XLOOKUP($E96,UVintensity!$L$3:$L$14,UVintensity!$U$3:$U$14) -> 0 | L96: =_xlfn.XLOOKUP($E96,UVintensity!$L$3:$L$14,UVintensity!$U$3:$U$14) -> 0 | M96: =_xlfn.XLOOKUP($E96,UVintensity!$L$3:$L$14,UVintensity!$U$3:$U$14) -> 0 | O96: [W*m-2] | P96: PlasticFADE model
C97: UVintensity | D97: Continental | E97: sea | F97: =_xlfn.XLOOKUP($E97,UVintensity!$L$3:$L$14,UVintensity!$U$3:$U$14) -> 3.9785385 | G97: =_xlfn.XLOOKUP($E97,UVintensity!$L$3:$L$14,UVintensity!$U$3:$U$14) -> 3.9785385 | H97: =_xlfn.XLOOKUP($E97,UVintensity!$L$3:$L$14,UVintensity!$U$3:$U$14) -> 3.9785385 | I97: =_xlfn.XLOOKUP($E97,UVintensity!$L$3:$L$14,UVintensity!$U$3:$U$14) -> 3.9785385 | J97: =_xlfn.XLOOKUP($E97,UVintensity!$L$3:$L$14,UVintensity!$U$3:$U$14) -> 3.9785385 | K97: =_xlfn.XLOOKUP($E97,UVintensity!$L$3:$L$14,UVintensity!$U$3:$U$14) -> 3.9785385 | L97: =_xlfn.XLOOKUP($E97,UVintensity!$L$3:$L$14,UVintensity!$U$3:$U$14) -> 3.9785385 | M97: =_xlfn.XLOOKUP($E97,UVintensity!$L$3:$L$14,UVintensity!$U$3:$U$14) -> 3.9785385 | O97: [W*m-2] | P97: PlasticFADE model
C98: MICROBconc | D98: Continental | E98: agriculturalsoil | F98: 121000000 | G98: 121000000 | H98: 121000000 | I98: 121000000 | J98: 121000000 | K98: 121000000 | L98: 121000000 | M98: 121000000 | O98: [CFU*mL-1] | P98: PlasticFADE model
C99: MICROBconc | D99: Continental | E99: air | F99: 0.5 | G99: 0.5 | H99: 0.5 | I99: 0.5 | J99: 0.5 | K99: 0.5 | L99: 0.5 | M99: 0.5 | O99: [CFU*mL-1] | P99: PlasticFADE model
C100: MICROBconc | D100: Continental | E100: cloudwater | F100: 0.5 | G100: 0.5 | H100: 0.5 | I100: 0.5 | J100: 0.5 | K100: 0.5 | L100: 0.5 | M100: 0.5 | O100: [CFU*mL-1] | P100: PlasticFADE model
C101: MICROBconc | D101: Continental | E101: freshwatersediment | F101: 482000 | G101: 482000 | H101: 482000 | I101: 482000 | J101: 482000 | K101: 482000 | L101: 482000 | M101: 482000 | O101: [CFU*mL-1] | P101: PlasticFADE model
C102: MICROBconc | D102: Continental | E102: lake | F102: 250000 | G102: 250000 | H102: 250000 | I102: 250000 | J102: 250000 | K102: 250000 | L102: 250000 | M102: 250000 | O102: [CFU*mL-1] | P102: PlasticFADE model
...

Sheet Polymer_list
A1: varName | B1: SubCompart | C1: EPS | D1: HDPE | E1: LDPE | F1: PA_Nylon | G1: PET | H1: PP | I1: PS | J1: PVC | K1: PU | L1: PAN | M1: TRWP | N1: PHA | O1: PLA | P1: PCL | Q1: PBSA | R1: starch_blend | S1: PBAT | T1: Cotton | U1: Linen | V1: Viscose | W1: Rayon | X1: Lyocell | Y1: Modal
A2: RhoS | C2: 36.5 | D2: 955 | E2: 925 | F2: 1240 | G2: 1350 | H2: 885 | I2: 1040 | J2: 1380 | K2: 1200 | L2: 1184 | M2: 1800 | N2: 1220 | O2: 1240 | P2: 1150 | Q2: 1240 | R2: 1250 | S2: 1260 | T2: 1540 | U2: 1500 | V2: 1520 | W2: 1520 | X2: 1500 | Y2: 1520
A3: Kssdr | B3: deepocean | C3: 9.51e-16 | D3: 3.17e-15 | E3: 6.34e-15 | F3: 1.01e-13 | G3: 9.51e-15 | H3: 3.9e-14 | I3: 9.51e-16 | J3: 3.17e-16 | K3: 8.00633e-15 | L3: 3.17e-17 | M3: 3.33e-15 | N3: 3.57e-12 | O3: 2.85e-15 | P3: 4.7057024e-13 | Q3: 4.9642264e-14 | R3: 3.21e-12 | S3: 3.73e-13 | T3: 5.8031411e-13 | U3: 1.227074e-12 | V3: 7.7877128e-13 | W3: 7.7877128e-13 | X3: 1.2652134e-12 | Y3: 1.6460494e-12
A4: Kssdr | B4: river | C4: 9.51e-16 | D4: 3.17e-15 | E4: 6.34e-15 | F4: 1.01e-13 | G4: 9.51e-15 | H4: 3.9e-14 | I4: 9.51e-16 | J4: 3.17e-16 | K4: 8.00633e-15 | L4: 3.17e-17 | M4: 3.33e-15 | N4: 3.57e-12 | O4: 2.85e-15 | P4: 4.7057024e-13 | Q4: 4.9642264e-14 | R4: 3.21e-12 | S4: 3.73e-13 | T4: 5.8031411e-13 | U4: 1.227074e-12 | V4: 7.7877128e-13 | W4: 7.7877128e-13 | X4: 1.2652134e-12 | Y4: 1.6460494e-12
A5: Kssdr | B5: sea | C5: 9.51e-16 | D5: 3.17e-15 | E5: 6.34e-15 | F5: 1.01e-13 | G5: 9.51e-15 | H5: 3.9e-14 | I5: 9.51e-16 | J5: 3.17e-16 | K5: 8.00633e-15 | L5: 3.17e-17 | M5: 3.33e-15 | N5: 3.57e-12 | O5: 2.85e-15 | P5: 4.7057024e-13 | Q5: 4.9642264e-14 | R5: 3.21e-12 | S5: 3.73e-13 | T5: 5.8031411e-13 | U5: 1.227074e-12 | V5: 7.7877128e-13 | W5: 7.7877128e-13 | X5: 1.2652134e-12 | Y5: 1.6460494e-12
A6: Kssdr | B6: lake | C6: 9.51e-16 | D6: 3.17e-15 | E6: 6.34e-15 | F6: 1.01e-13 | G6: 9.51e-15 | H6: 3.9e-14 | I6: 9.51e-16 | J6: 3.17e-16 | K6: 8.00633e-15 | L6: 3.17e-17 | M6: 3.33e-15 | N6: 3.57e-12 | O6: 2.85e-15 | P6: 4.7057024e-13 | Q6: 4.9642264e-14 | R6: 3.21e-12 | S6: 3.73e-13 | T6: 5.8031411e-13 | U6: 1.227074e-12 | V6: 7.7877128e-13 | W6: 7.7877128e-13 | X6: 1.2652134e-12 | Y6: 1.6460494e-12
A7: Kssdr | B7: marinesediment | C7: 9.51e-16 | D7: 3.17e-15 | E7: 2.23e-14 | F7: 1.01e-13 | G7: 9.51e-15 | H7: 2.85e-15 | I7: 9.51e-16 | J7: 3.17e-16 | K7: 8.00633e-15 | L7: 3.17e-17 | M7: 3.33e-15 | N7: 1.96e-13 | O7: 3.49e-17 | P7: 4.7057024e-13 | Q7: 4.9642264e-14 | R7: 3.21e-12 | S7: 3.73e-13 | T7: 5.8031411e-13 | U7: 1.227074e-12 | V7: 7.7877128e-13 | W7: 7.7877128e-13 | X7: 1.2652134e-12 | Y7: 1.6460494e-12
A8: Kssdr | B8: freshwatersediment | C8: 9.51e-16 | D8: 3.17e-15 | E8: 2.23e-14 | F8: 1.01e-13 | G8: 9.51e-15 | H8: 2.85e-15 | I8: 9.51e-16 | J8: 3.17e-16 | K8: 8.00633e-15 | L8: 3.17e-17 | M8: 3.33e-15 | N8: 1.96e-13 | O8: 3.49e-17 | P8: 4.7057024e-13 | Q8: 4.9642264e-14 | R8: 3.21e-12 | S8: 3.73e-13 | T8: 5.8031411e-13 | U8: 1.227074e-12 | V8: 7.7877128e-13 | W8: 7.7877128e-13 | X8: 1.2652134e-12 | Y8: 1.6460494e-12
A9: Kssdr | B9: lakesediment | C9: 9.51e-16 | D9: 3.17e-15 | E9: 2.23e-14 | F9: 1.01e-13 | G9: 9.51e-15 | H9: 2.85e-15 | I9: 9.51e-16 | J9: 3.17e-16 | K9: 8.00633e-15 | L9: 3.17e-17 | M9: 3.33e-15 | N9: 1.96e-13 | O9: 3.49e-17 | P9: 4.7057024e-13 | Q9: 4.9642264e-14 | R9: 3.21e-12 | S9: 3.73e-13 | T9: 5.8031411e-13 | U9: 1.227074e-12 | V9: 7.7877128e-13 | W9: 7.7877128e-13 | X9: 1.2652134e-12 | Y9: 1.6460494e-12
A10: Kssdr | B10: naturalsoil | C10: 9.51e-16 | D10: 3.62e-14 | E10: 4.93e-13 | F10: 1.01e-13 | G10: 1.88e-14 | H10: 2.2e-14 | I10: 9.51e-16 | J10: 3.17e-16 | K10: 8.00633e-15 | L10: 3.17e-17 | M10: 2.67e-13 | N10: 3.79e-11 | O10: 3.84e-12 | P10: 4.7057024e-13 | Q10: 4.9642264e-14 | R10: 1.05e-11 | S10: 1.72e-13 | T10: 1.2567359e-13 | U10: 1.2567359e-13 | V10: 1.2567359e-13 | W10: 1.2567359e-13 | X10: 1.2567359e-13 | Y10: 1.2567359e-13
A11: Kssdr | B11: othersoil | C11: 9.51e-16 | D11: 3.62e-14 | E11: 4.93e-13 | F11: 1.01e-13 | G11: 1.88e-14 | H11: 2.2e-14 | I11: 9.51e-16 | J11: 3.17e-16 | K11: 8.00633e-15 | L11: 3.17e-17 | M11: 2.67e-13 | N11: 3.79e-11 | O11: 3.84e-12 | P11: 4.7057024e-13 | Q11: 4.9642264e-14 | R11: 1.05e-11 | S11: 1.72e-13 | T11: 1.2567359e-13 | U11: 1.2567359e-13 | V11: 1.2567359e-13 | W11: 1.2567359e-13 | X11: 1.2567359e-13 | Y11: 1.2567359e-13
A12: Kssdr | B12: agriculturalsoil | C12: 9.51e-16 | D12: 3.62e-14 | E12: 4.93e-13 | F12: 1.01e-13 | G12: 1.88e-14 | H12: 2.2e-14 | I12: 9.51e-16 | J12: 3.17e-16 | K12: 8.00633e-15 | L12: 3.17e-17 | M12: 2.67e-13 | N12: 3.79e-11 | O12: 3.84e-12 | P12: 4.7057024e-13 | Q12: 4.9642264e-14 | R12: 1.05e-11 | S12: 1.72e-13 | T12: 1.2567359e-13 | U12: 1.2567359e-13 | V12: 1.2567359e-13 | W12: 1.2567359e-13 | X12: 1.2567359e-13 | Y12: 1.2567359e-13
A13: CorFacSSA | C13: 13 | D13: 1 | E13: 1 | F13: 1 | G13: 1 | H13: 1 | I13: 1 | J13: 1 | K13: 1 | L13: 1 | M13: 1 | N13: 1 | O13: 1 | P13: 1 | Q13: 1 | R13: 1 | S13: 1 | T13: 1 | U13: 1 | V13: 1 | W13: 1 | X13: 1 | Y13: 1
A14: MinSettVel | C14: ='2.1. Sed_rates'!D7 -> 8.35e-11 | D14: ='2.1. Sed_rates'!D9 -> 5.67e-08 | E14: ='2.1. Sed_rates'!D10 -> 5.67e-08 | H14: ='2.1. Sed_rates'!D8 -> 5.67e-08 | M14: 7.16e-07
A15: DegApproach | C15: Kssdr | D15: PlasticFADE | E15: PlasticFADE | F15: Kssdr | G15: PlasticFADE | H15: PlasticFADE | I15: PlasticFADE | J15: Kssdr | K15: Kssdr | L15: Kssdr | M15: Kssdr | N15: Kssdr | O15: Kssdr | P15: Kssdr | Q15: Kssdr | R15: Kssdr | S15: Kssdr | T15: Kssdr | U15: Kssdr | V15: Kssdr | W15: Kssdr | X15: Kssdr | Y15: Kssdr
A16: degx | C16: NA | D16: 0.0103 | E16: 0.0111 | F16: NA | G16: 0.000243 | H16: 0.0055 | I16: 0.000273 | J16: NA | K16: NA | L16: NA | M16: NA | N16: NA | O16: NA | P16: NA | Q16: NA | R16: NA | S16: NA | T16: NA | U16: NA | V16: NA | W16: NA | X16: NA | Y16: NA
A17: degtau | C17: NA | D17: 3.36e-11 | E17: 5e-13 | F17: NA | G17: 0.791 | H17: 0.0137 | I17: 0.243 | J17: NA | K17: NA | L17: NA | M17: NA | N17: NA | O17: NA | P17: NA | Q17: NA | R17: NA | S17: NA | T17: NA | U17: NA | V17: NA | W17: NA | X17: NA | Y17: NA
A18: degy | C18: NA | D18: 0.00218 | E18: 0.0103 | F18: NA | G18: 1.33e-05 | H18: 0.0172 | I18: 0.0144 | J18: NA | K18: NA | L18: NA | M18: NA | N18: NA | O18: NA | P18: NA | Q18: NA | R18: NA | S18: NA | T18: NA | U18: NA | V18: NA | W18: NA | X18: NA | Y18: NA
A19: degtheta | C19: NA | D19: 0.299 | E19: 0.00436 | F19: NA | G19: 1.88 | H19: 0.705 | I19: 1.01 | J19: NA | K19: NA | L19: NA | M19: NA | N19: NA | O19: NA | P19: NA | Q19: NA | R19: NA | S19: NA | T19: NA | U19: NA | V19: NA | W19: NA | X19: NA | Y19: NA
A20: degz | C20: NA | D20: 0.000378 | E20: 0.000105 | F20: NA | G20: 0.0152 | H20: 1.62e-05 | I20: 6.23e-05 | J20: NA | K20: NA | L20: NA | M20: NA | N20: NA | O20: NA | P20: NA | Q20: NA | R20: NA | S20: NA | T20: NA | U20: NA | V20: NA | W20: NA | X20: NA | Y20: NA
A21: degeta | C21: NA | D21: 0.216 | E21: 0.324 | F21: NA | G21: 0.0785 | H21: 0.442 | I21: 0.496 | J21: NA | K21: NA | L21: NA | M21: NA | N21: NA | O21: NA | P21: NA | Q21: NA | R21: NA | S21: NA | T21: NA | U21: NA | V21: NA | W21: NA | X21: NA | Y21: NA
A22: Degrading_enzyme | C22: FALSE | D22: FALSE | E22: FALSE | F22: TRUE | G22: TRUE | H22: FALSE | I22: FALSE | J22: FALSE | K22: TRUE | L22: TRUE | M22: TRUE | N22: TRUE | O22: TRUE | P22: TRUE | Q22: TRUE | R22: TRUE | S22: TRUE | T22: TRUE | U22: TRUE | V22: TRUE | W22: TRUE | X22: TRUE | Y22: TRUE

Sheet polymer_data_CI
A1: pol | B1: varName | C1: Scale | D1: SubCompart | E1: Species | F1: Distribution | G1: a | H1: b | I1: c | J1: Data Source | L1: a = left truncation (none here)
A2: EPS | B2: Kssdr | D2: deepocean | F2: log normal | G2: 0 | H2: =_xlfn.XLOOKUP($A2,'1.1.SSDR_water'!$B$7:$B$29,'1.1.SSDR_water'!$J$7:$J$29) -> 1.340791 | I2: =_xlfn.XLOOKUP($A2,'1.1.SSDR_water'!$B$7:$B$29,'1.1.SSDR_water'!$I$7:$I$29) -> -34.536029 | L2: b = sigma = sd log
A3: EPS | B3: Kssdr | D3: river | F3: log normal | G3: 0 | H3: =_xlfn.XLOOKUP($A3,'1.1.SSDR_water'!$B$7:$B$29,'1.1.SSDR_water'!$J$7:$J$29) -> 1.340791 | I3: =_xlfn.XLOOKUP($A3,'1.1.SSDR_water'!$B$7:$B$29,'1.1.SSDR_water'!$I$7:$I$29) -> -34.536029 | L3: c = mu = LN(GEOMEAN)
A4: EPS | B4: Kssdr | D4: sea | F4: log normal | G4: 0 | H4: =_xlfn.XLOOKUP($A4,'1.1.SSDR_water'!$B$7:$B$29,'1.1.SSDR_water'!$J$7:$J$29) -> 1.340791 | I4: =_xlfn.XLOOKUP($A4,'1.1.SSDR_water'!$B$7:$B$29,'1.1.SSDR_water'!$I$7:$I$29) -> -34.536029
A5: EPS | B5: Kssdr | D5: lake | F5: log normal | G5: 0 | H5: =_xlfn.XLOOKUP($A5,'1.1.SSDR_water'!$B$7:$B$29,'1.1.SSDR_water'!$J$7:$J$29) -> 1.340791 | I5: =_xlfn.XLOOKUP($A5,'1.1.SSDR_water'!$B$7:$B$29,'1.1.SSDR_water'!$I$7:$I$29) -> -34.536029 | L5: In this sheet, the distribution of the degradation parameters used in the monte carlo simulation are summarized. If plasticFADE inputs are provided, no Kssdr is used in the monte carlo simulation. SBoo uses this sheet as an input.
A6: EPS | B6: Kssdr | D6: marinesediment | F6: log normal | G6: 0 | H6: =_xlfn.XLOOKUP($A6,'1.2.SSDR_sediment'!$B$7:$B$29,'1.2.SSDR_sediment'!$J$7:$J$29) -> 1.340791 | I6: =_xlfn.XLOOKUP($A6,'1.2.SSDR_sediment'!$B$7:$B$29,'1.2.SSDR_sediment'!$I$7:$I$29) -> -34.536029
A7: EPS | B7: Kssdr | D7: freshwatersediment | F7: log normal | G7: 0 | H7: =_xlfn.XLOOKUP($A7,'1.2.SSDR_sediment'!$B$7:$B$29,'1.2.SSDR_sediment'!$J$7:$J$29) -> 1.340791 | I7: =_xlfn.XLOOKUP($A7,'1.2.SSDR_sediment'!$B$7:$B$29,'1.2.SSDR_sediment'!$I$7:$I$29) -> -34.536029
A8: EPS | B8: Kssdr | D8: lakesediment | F8: log normal | G8: 0 | H8: =_xlfn.XLOOKUP($A8,'1.2.SSDR_sediment'!$B$7:$B$29,'1.2.SSDR_sediment'!$J$7:$J$29) -> 1.340791 | I8: =_xlfn.XLOOKUP($A8,'1.2.SSDR_sediment'!$B$7:$B$29,'1.2.SSDR_sediment'!$I$7:$I$29) -> -34.536029
A9: EPS | B9: Kssdr | D9: naturalsoil | F9: log normal | G9: 0 | H9: =_xlfn.XLOOKUP($A9,'1.3.SSDR_soil'!$B$7:$B$29,'1.3.SSDR_soil'!$J$7:$J$29) -> 1.340791 | I9: =_xlfn.XLOOKUP($A9,'1.3.SSDR_soil'!$B$7:$B$29,'1.3.SSDR_soil'!$I$7:$I$29) -> -34.536029
A10: EPS | B10: Kssdr | D10: othersoil | F10: log normal | G10: 0 | H10: =_xlfn.XLOOKUP($A10,'1.3.SSDR_soil'!$B$7:$B$29,'1.3.SSDR_soil'!$J$7:$J$29) -> 1.340791 | I10: =_xlfn.XLOOKUP($A10,'1.3.SSDR_soil'!$B$7:$B$29,'1.3.SSDR_soil'!$I$7:$I$29) -> -34.536029
A11: EPS | B11: Kssdr | D11: agriculturalsoil | F11: log normal | G11: 0 | H11: =_xlfn.XLOOKUP($A11,'1.3.SSDR_soil'!$B$7:$B$29,'1.3.SSDR_soil'!$J$7:$J$29) -> 1.340791 | I11: =_xlfn.XLOOKUP($A11,'1.3.SSDR_soil'!$B$7:$B$29,'1.3.SSDR_soil'!$I$7:$I$29) -> -34.536029
A12: HDPE | B12: degx | F12: log normal | G12: 0 | H12: =_xlfn.XLOOKUP($B12,'1.4.plasticFADE constants'!$B$8:$B$13,'1.4.plasticFADE constants'!$F$8:$F$13) -> 0.00088522569 | I12: =_xlfn.XLOOKUP($B12,'1.4.plasticFADE constants'!$B$8:$B$13,'1.4.plasticFADE constants'!$E$8:$E$13) -> -4.5792341
A13: HDPE | B13: degtau | F13: log normal | G13: 0 | H13: =_xlfn.XLOOKUP($B13,'1.4.plasticFADE constants'!$B$8:$B$13,'1.4.plasticFADE constants'!$F$8:$F$13) -> 0.18031552 | I13: =_xlfn.XLOOKUP($B13,'1.4.plasticFADE constants'!$B$8:$B$13,'1.4.plasticFADE constants'!$E$8:$E$13) -> -24.116969
A14: HDPE | B14: degy | F14: log normal | G14: 0 | H14: =_xlfn.XLOOKUP($B14,'1.4.plasticFADE constants'!$B$8:$B$13,'1.4.plasticFADE constants'!$F$8:$F$13) -> 0.004283861 | I14: =_xlfn.XLOOKUP($B14,'1.4.plasticFADE constants'!$B$8:$B$13,'1.4.plasticFADE constants'!$E$8:$E$13) -> -6.1272713
A15: HDPE | B15: degtheta | F15: log normal | G15: 0 | H15: =_xlfn.XLOOKUP($B15,'1.4.plasticFADE constants'!$B$8:$B$13,'1.4.plasticFADE constants'!$F$8:$F$13) -> 0.56576349 | I15: =_xlfn.XLOOKUP($B15,'1.4.plasticFADE constants'!$B$8:$B$13,'1.4.plasticFADE constants'!$E$8:$E$13) -> -1.2071491
A16: HDPE | B16: degz | F16: log normal | G16: 0 | H16: =_xlfn.XLOOKUP($B16,'1.4.plasticFADE constants'!$B$8:$B$13,'1.4.plasticFADE constants'!$F$8:$F$13) -> 0.0010821863 | I16: =_xlfn.XLOOKUP($B16,'1.4.plasticFADE constants'!$B$8:$B$13,'1.4.plasticFADE constants'!$E$8:$E$13) -> -7.8805316
A17: HDPE | B17: degeta | F17: log normal | G17: 0 | H17: =_xlfn.XLOOKUP($B17,'1.4.plasticFADE constants'!$B$8:$B$13,'1.4.plasticFADE constants'!$F$8:$F$13) -> 0.17415974 | I17: =_xlfn.XLOOKUP($B17,'1.4.plasticFADE constants'!$B$8:$B$13,'1.4.plasticFADE constants'!$E$8:$E$13) -> -1.5302212
A18: LDPE | B18: degx | F18: log normal | G18: 0 | H18: =_xlfn.XLOOKUP($B18,'1.4.plasticFADE constants'!$B$8:$B$13,'1.4.plasticFADE constants'!$J$8:$J$13) -> 0.0057046217 | I18: =_xlfn.XLOOKUP($B18,'1.4.plasticFADE constants'!$B$8:$B$13,'1.4.plasticFADE constants'!$I$8:$I$13) -> -4.5052715
A19: LDPE | B19: degtau | F19: log normal | G19: 0 | H19: =_xlfn.XLOOKUP($B19,'1.4.plasticFADE constants'!$B$8:$B$13,'1.4.plasticFADE constants'!$J$8:$J$13) -> 0.10974721 | I19: =_xlfn.XLOOKUP($B19,'1.4.plasticFADE constants'!$B$8:$B$13,'1.4.plasticFADE constants'!$I$8:$I$13) -> -28.324168
A20: LDPE | B20: degy | F20: log normal | G20: 0 | H20: =_xlfn.XLOOKUP($B20,'1.4.plasticFADE constants'!$B$8:$B$13,'1.4.plasticFADE constants'!$J$8:$J$13) -> 0.0061122893 | I20: =_xlfn.XLOOKUP($B20,'1.4.plasticFADE constants'!$B$8:$B$13,'1.4.plasticFADE constants'!$I$8:$I$13) -> -4.5741988
A21: LDPE | B21: degtheta | F21: log normal | G21: 0 | H21: =_xlfn.XLOOKUP($B21,'1.4.plasticFADE constants'!$B$8:$B$13,'1.4.plasticFADE constants'!$J$8:$J$13) -> 3.6211087e-05 | I21: =_xlfn.XLOOKUP($B21,'1.4.plasticFADE constants'!$B$8:$B$13,'1.4.plasticFADE constants'!$I$8:$I$13) -> -5.4348195
A22: LDPE | B22: degz | F22: log normal | G22: 0 | H22: =_xlfn.XLOOKUP($B22,'1.4.plasticFADE constants'!$B$8:$B$13,'1.4.plasticFADE constants'!$J$8:$J$13) -> 0.00044412819 | I22: =_xlfn.XLOOKUP($B22,'1.4.plasticFADE constants'!$B$8:$B$13,'1.4.plasticFADE constants'!$I$8:$I$13) -> -9.1638822
A23: LDPE | B23: degeta | F23: log normal | G23: 0 | H23: =_xlfn.XLOOKUP($B23,'1.4.plasticFADE constants'!$B$8:$B$13,'1.4.plasticFADE constants'!$J$8:$J$13) -> 0.19223313 | I23: =_xlfn.XLOOKUP($B23,'1.4.plasticFADE constants'!$B$8:$B$13,'1.4.plasticFADE constants'!$I$8:$I$13) -> -1.1268275
A24: PA_Nylon | B24: Kssdr | D24: deepocean | F24: log normal | G24: 0 | H24: =_xlfn.XLOOKUP($A24,'1.1.SSDR_water'!$B$7:$B$29,'1.1.SSDR_water'!$J$7:$J$29) -> 1.7877213 | I24: =_xlfn.XLOOKUP($A24,'1.1.SSDR_water'!$B$7:$B$29,'1.1.SSDR_water'!$I$7:$I$29) -> -29.919
A25: PA_Nylon | B25: Kssdr | D25: river | F25: log normal | G25: 0 | H25: =_xlfn.XLOOKUP($A25,'1.1.SSDR_water'!$B$7:$B$29,'1.1.SSDR_water'!$J$7:$J$29) -> 1.7877213 | I25: =_xlfn.XLOOKUP($A25,'1.1.SSDR_water'!$B$7:$B$29,'1.1.SSDR_water'!$I$7:$I$29) -> -29.919
A26: PA_Nylon | B26: Kssdr | D26: sea | F26: log normal | G26: 0 | H26: =_xlfn.XLOOKUP($A26,'1.1.SSDR_water'!$B$7:$B$29,'1.1.SSDR_water'!$J$7:$J$29) -> 1.7877213 | I26: =_xlfn.XLOOKUP($A26,'1.1.SSDR_water'!$B$7:$B$29,'1.1.SSDR_water'!$I$7:$I$29) -> -29.919
A27: PA_Nylon | B27: Kssdr | D27: lake | F27: log normal | G27: 0 | H27: =_xlfn.XLOOKUP($A27,'1.1.SSDR_water'!$B$7:$B$29,'1.1.SSDR_water'!$J$7:$J$29) -> 1.7877213 | I27: =_xlfn.XLOOKUP($A27,'1.1.SSDR_water'!$B$7:$B$29,'1.1.SSDR_water'!$I$7:$I$29) -> -29.919
A28: PA_Nylon | B28: Kssdr | D28: marinesediment | F28: log normal | G28: 0 | H28: =_xlfn.XLOOKUP($A28,'1.2.SSDR_sediment'!$B$7:$B$29,'1.2.SSDR_sediment'!$J$7:$J$29) -> 1.7877213 | I28: =_xlfn.XLOOKUP($A28,'1.2.SSDR_sediment'!$B$7:$B$29,'1.2.SSDR_sediment'!$I$7:$I$29) -> -29.919
A29: PA_Nylon | B29: Kssdr | D29: freshwatersediment | F29: log normal | G29: 0 | H29: =_xlfn.XLOOKUP($A29,'1.2.SSDR_sediment'!$B$7:$B$29,'1.2.SSDR_sediment'!$J$7:$J$29) -> 1.7877213 | I29: =_xlfn.XLOOKUP($A29,'1.2.SSDR_sediment'!$B$7:$B$29,'1.2.SSDR_sediment'!$I$7:$I$29) -> -29.919
A30: PA_Nylon | B30: Kssdr | D30: lakesediment | F30: log normal | G30: 0 | H30: =_xlfn.XLOOKUP($A30,'1.2.SSDR_sediment'!$B$7:$B$29,'1.2.SSDR_sediment'!$J$7:$J$29) -> 1.7877213 | I30: =_xlfn.XLOOKUP($A30,'1.2.SSDR_sediment'!$B$7:$B$29,'1.2.SSDR_sediment'!$I$7:$I$29) -> -29.919
A31: PA_Nylon | B31: Kssdr | D31: naturalsoil | F31: log normal | G31: 0 | H31: =_xlfn.XLOOKUP($A31,'1.3.SSDR_soil'!$B$7:$B$29,'1.3.SSDR_soil'!$J$7:$J$29) -> 1.7877213 | I31: =_xlfn.XLOOKUP($A31,'1.3.SSDR_soil'!$B$7:$B$29,'1.3.SSDR_soil'!$I$7:$I$29) -> -29.919
A32: PA_Nylon | B32: Kssdr | D32: othersoil | F32: log normal | G32: 0 | H32: =_xlfn.XLOOKUP($A32,'1.3.SSDR_soil'!$B$7:$B$29,'1.3.SSDR_soil'!$J$7:$J$29) -> 1.7877213 | I32: =_xlfn.XLOOKUP($A32,'1.3.SSDR_soil'!$B$7:$B$29,'1.3.SSDR_soil'!$I$7:$I$29) -> -29.919
A33: PA_Nylon | B33: Kssdr | D33: agriculturalsoil | F33: log normal | G33: 0 | H33: =_xlfn.XLOOKUP($A33,'1.3.SSDR_soil'!$B$7:$B$29,'1.3.SSDR_soil'!$J$7:$J$29) -> 1.7877213 | I33: =_xlfn.XLOOKUP($A33,'1.3.SSDR_soil'!$B$7:$B$29,'1.3.SSDR_soil'!$I$7:$I$29) -> -29.919
A34: PET | B34: degx | F34: log normal | G34: 0 | H34: =_xlfn.XLOOKUP($B34,'1.4.plasticFADE constants'!$B$8:$B$13,'1.4.plasticFADE constants'!$N$8:$N$13) -> 0.00029524826 | I34: =_xlfn.XLOOKUP($B34,'1.4.plasticFADE constants'!$B$8:$B$13,'1.4.plasticFADE constants'!$M$8:$M$13) -> -8.3213129
A35: PET | B35: degtau | F35: log normal | G35: 0 | H35: =_xlfn.XLOOKUP($B35,'1.4.plasticFADE constants'!$B$8:$B$13,'1.4.plasticFADE constants'!$N$8:$N$13) -> 0.1933289 | I35: =_xlfn.XLOOKUP($B35,'1.4.plasticFADE constants'!$B$8:$B$13,'1.4.plasticFADE constants'!$M$8:$M$13) -> -0.23448794
A36: PET | B36: degy | F36: log normal | G36: 0 | H36: =_xlfn.XLOOKUP($B36,'1.4.plasticFADE constants'!$B$8:$B$13,'1.4.plasticFADE constants'!$N$8:$N$13) -> 2.1960389e-05 | I36: =_xlfn.XLOOKUP($B36,'1.4.plasticFADE constants'!$B$8:$B$13,'1.4.plasticFADE constants'!$M$8:$M$13) -> -11.230611
A37: PET | B37: degtheta | F37: log normal | G37: 0 | H37: =_xlfn.XLOOKUP($B37,'1.4.plasticFADE constants'!$B$8:$B$13,'1.4.plasticFADE constants'!$N$8:$N$13) -> 0.22318783 | I37: =_xlfn.XLOOKUP($B37,'1.4.plasticFADE constants'!$B$8:$B$13,'1.4.plasticFADE constants'!$M$8:$M$13) -> 0.62930293
A38: PET | B38: degz | F38: log normal | G38: 0 | H38: =_xlfn.XLOOKUP($B38,'1.4.plasticFADE constants'!$B$8:$B$13,'1.4.plasticFADE constants'!$N$8:$N$13) -> 4.4013893e-06 | I38: =_xlfn.XLOOKUP($B38,'1.4.plasticFADE constants'!$B$8:$B$13,'1.4.plasticFADE constants'!$M$8:$M$13) -> -4.1852835
A39: PET | B39: degeta | F39: log normal | G39: 0 | H39: =_xlfn.XLOOKUP($B39,'1.4.plasticFADE constants'!$B$8:$B$13,'1.4.plasticFADE constants'!$N$8:$N$13) -> 0.045684842 | I39: =_xlfn.XLOOKUP($B39,'1.4.plasticFADE constants'!$B$8:$B$13,'1.4.plasticFADE constants'!$M$8:$M$13) -> -2.5451415
A40: PP | B40: degx | F40: log normal | G40: 0 | H40: =_xlfn.XLOOKUP($B40,'1.4.plasticFADE constants'!$B$8:$B$13,'1.4.plasticFADE constants'!$R$8:$R$13) -> 0.0050951617 | I40: =_xlfn.XLOOKUP($B40,'1.4.plasticFADE constants'!$B$8:$B$13,'1.4.plasticFADE constants'!$Q$8:$Q$13) -> -5.2033361
A41: PP | B41: degtau | F41: log normal | G41: 0 | H41: =_xlfn.XLOOKUP($B41,'1.4.plasticFADE constants'!$B$8:$B$13,'1.4.plasticFADE constants'!$R$8:$R$13) -> 0.11216725 | I41: =_xlfn.XLOOKUP($B41,'1.4.plasticFADE constants'!$B$8:$B$13,'1.4.plasticFADE constants'!$Q$8:$Q$13) -> -4.288843
A42: PP | B42: degy | F42: log normal | G42: 0 | H42: =_xlfn.XLOOKUP($B42,'1.4.plasticFADE constants'!$B$8:$B$13,'1.4.plasticFADE constants'!$R$8:$R$13) -> 0.0016245855 | I42: =_xlfn.XLOOKUP($B42,'1.4.plasticFADE constants'!$B$8:$B$13,'1.4.plasticFADE constants'!$Q$8:$Q$13) -> -4.0602197
A43: PP | B43: degtheta | F43: log normal | G43: 0 | H43: =_xlfn.XLOOKUP($B43,'1.4.plasticFADE constants'!$B$8:$B$13,'1.4.plasticFADE constants'!$R$8:$R$13) -> 0.3804722 | I43: =_xlfn.XLOOKUP($B43,'1.4.plasticFADE constants'!$B$8:$B$13,'1.4.plasticFADE constants'!$Q$8:$Q$13) -> -0.34885869
A44: PP | B44: degz | F44: log normal | G44: 0 | H44: =_xlfn.XLOOKUP($B44,'1.4.plasticFADE constants'!$B$8:$B$13,'1.4.plasticFADE constants'!$R$8:$R$13) -> 3.8147496e-05 | I44: =_xlfn.XLOOKUP($B44,'1.4.plasticFADE constants'!$B$8:$B$13,'1.4.plasticFADE constants'!$Q$8:$Q$13) -> -11.033062
A45: PP | B45: degeta | F45: log normal | G45: 0 | H45: =_xlfn.XLOOKUP($B45,'1.4.plasticFADE constants'!$B$8:$B$13,'1.4.plasticFADE constants'!$R$8:$R$13) -> 0.11138573 | I45: =_xlfn.XLOOKUP($B45,'1.4.plasticFADE constants'!$B$8:$B$13,'1.4.plasticFADE constants'!$Q$8:$Q$13) -> -0.8161984
A46: PS | B46: degx | F46: log normal | H46: =_xlfn.XLOOKUP($B46,'1.4.plasticFADE constants'!$B$8:$B$13,'1.4.plasticFADE constants'!$V$8:$V$13) -> 0.00020039698 | I46: =_xlfn.XLOOKUP($B46,'1.4.plasticFADE constants'!$B$8:$B$13,'1.4.plasticFADE constants'!$U$8:$U$13) -> -8.2051082
A47: PS | B47: degtau | F47: log normal | H47: =_xlfn.XLOOKUP($B47,'1.4.plasticFADE constants'!$B$8:$B$13,'1.4.plasticFADE constants'!$V$8:$V$13) -> 0.067550473 | I47: =_xlfn.XLOOKUP($B47,'1.4.plasticFADE constants'!$B$8:$B$13,'1.4.plasticFADE constants'!$U$8:$U$13) -> -1.4134913
A48: PS | B48: degy | F48: log normal | H48: =_xlfn.XLOOKUP($B48,'1.4.plasticFADE constants'!$B$8:$B$13,'1.4.plasticFADE constants'!$V$8:$V$13) -> 4.3872181e-06 | I48: =_xlfn.XLOOKUP($B48,'1.4.plasticFADE constants'!$B$8:$B$13,'1.4.plasticFADE constants'!$U$8:$U$13) -> -4.2372718
A49: PS | B49: degtheta | F49: log normal | H49: =_xlfn.XLOOKUP($B49,'1.4.plasticFADE constants'!$B$8:$B$13,'1.4.plasticFADE constants'!$V$8:$V$13) -> 0.16004413 | I49: =_xlfn.XLOOKUP($B49,'1.4.plasticFADE constants'!$B$8:$B$13,'1.4.plasticFADE constants'!$U$8:$U$13) -> 0.0090322632
A50: PS | B50: degz | F50: log normal | H50: =_xlfn.XLOOKUP($B50,'1.4.plasticFADE constants'!$B$8:$B$13,'1.4.plasticFADE constants'!$V$8:$V$13) -> 0.00017657694 | I50: =_xlfn.XLOOKUP($B50,'1.4.plasticFADE constants'!$B$8:$B$13,'1.4.plasticFADE constants'!$U$8:$U$13) -> -9.6830593
A51: PS | B51: degeta | F51: log normal | H51: =_xlfn.XLOOKUP($B51,'1.4.plasticFADE constants'!$B$8:$B$13,'1.4.plasticFADE constants'!$V$8:$V$13) -> 0.1221179 | I51: =_xlfn.XLOOKUP($B51,'1.4.plasticFADE constants'!$B$8:$B$13,'1.4.plasticFADE constants'!$U$8:$U$13) -> -0.70110518
A52: PVC | B52: Kssdr | D52: deepocean | F52: log normal | G52: 0 | H52: =_xlfn.XLOOKUP($A52,'1.1.SSDR_water'!$B$7:$B$29,'1.1.SSDR_water'!$J$7:$J$29) -> 0.89386067 | I52: =_xlfn.XLOOKUP($A52,'1.1.SSDR_water'!$B$7:$B$29,'1.1.SSDR_water'!$I$7:$I$29) -> -35.687321
A53: PVC | B53: Kssdr | D53: river | F53: log normal | G53: 0 | H53: =_xlfn.XLOOKUP($A53,'1.1.SSDR_water'!$B$7:$B$29,'1.1.SSDR_water'!$J$7:$J$29) -> 0.89386067 | I53: =_xlfn.XLOOKUP($A53,'1.1.SSDR_water'!$B$7:$B$29,'1.1.SSDR_water'!$I$7:$I$29) -> -35.687321
A54: PVC | B54: Kssdr | D54: sea | F54: log normal | G54: 0 | H54: =_xlfn.XLOOKUP($A54,'1.1.SSDR_water'!$B$7:$B$29,'1.1.SSDR_water'!$J$7:$J$29) -> 0.89386067 | I54: =_xlfn.XLOOKUP($A54,'1.1.SSDR_water'!$B$7:$B$29,'1.1.SSDR_water'!$I$7:$I$29) -> -35.687321
A55: PVC | B55: Kssdr | D55: lake | F55: log normal | G55: 0 | H55: =_xlfn.XLOOKUP($A55,'1.1.SSDR_water'!$B$7:$B$29,'1.1.SSDR_water'!$J$7:$J$29) -> 0.89386067 | I55: =_xlfn.XLOOKUP($A55,'1.1.SSDR_water'!$B$7:$B$29,'1.1.SSDR_water'!$I$7:$I$29) -> -35.687321
A56: PVC | B56: Kssdr | D56: marinesediment | F56: log normal | G56: 0 | H56: =_xlfn.XLOOKUP($A56,'1.2.SSDR_sediment'!$B$7:$B$29,'1.2.SSDR_sediment'!$J$7:$J$29) -> 0.89386067 | I56: =_xlfn.XLOOKUP($A56,'1.2.SSDR_sediment'!$B$7:$B$29,'1.2.SSDR_sediment'!$I$7:$I$29) -> -35.687321
A57: PVC | B57: Kssdr | D57: freshwatersediment | F57: log normal | G57: 0 | H57: =_xlfn.XLOOKUP($A57,'1.2.SSDR_sediment'!$B$7:$B$29,'1.2.SSDR_sediment'!$J$7:$J$29) -> 0.89386067 | I57: =_xlfn.XLOOKUP($A57,'1.2.SSDR_sediment'!$B$7:$B$29,'1.2.SSDR_sediment'!$I$7:$I$29) -> -35.687321
A58: PVC | B58: Kssdr | D58: lakesediment | F58: log normal | G58: 0 | H58: =_xlfn.XLOOKUP($A58,'1.2.SSDR_sediment'!$B$7:$B$29,'1.2.SSDR_sediment'!$J$7:$J$29) -> 0.89386067 | I58: =_xlfn.XLOOKUP($A58,'1.2.SSDR_sediment'!$B$7:$B$29,'1.2.SSDR_sediment'!$I$7:$I$29) -> -35.687321
A59: PVC | B59: Kssdr | D59: naturalsoil | F59: log normal | G59: 0 | H59: =_xlfn.XLOOKUP($A59,'1.3.SSDR_soil'!$B$7:$B$29,'1.3.SSDR_soil'!$J$7:$J$29) -> 0.89386067 | I59: =_xlfn.XLOOKUP($A59,'1.3.SSDR_soil'!$B$7:$B$29,'1.3.SSDR_soil'!$I$7:$I$29) -> -35.687321
A60: PVC | B60: Kssdr | D60: othersoil | F60: log normal | G60: 0 | H60: =_xlfn.XLOOKUP($A60,'1.3.SSDR_soil'!$B$7:$B$29,'1.3.SSDR_soil'!$J$7:$J$29) -> 0.89386067 | I60: =_xlfn.XLOOKUP($A60,'1.3.SSDR_soil'!$B$7:$B$29,'1.3.SSDR_soil'!$I$7:$I$29) -> -35.687321
A61: PVC | B61: Kssdr | D61: agriculturalsoil | F61: log normal | G61: 0 | H61: =_xlfn.XLOOKUP($A61,'1.3.SSDR_soil'!$B$7:$B$29,'1.3.SSDR_soil'!$J$7:$J$29) -> 0.89386067 | I61: =_xlfn.XLOOKUP($A61,'1.3.SSDR_soil'!$B$7:$B$29,'1.3.SSDR_soil'!$I$7:$I$29) -> -35.687321
A62: PU | B62: Kssdr | D62: deepocean | F62: log normal | G62: 0 | H62: =_xlfn.XLOOKUP($A62,'1.1.SSDR_water'!$B$7:$B$29,'1.1.SSDR_water'!$J$7:$J$29) -> 2.1472679 | I62: =_xlfn.XLOOKUP($A62,'1.1.SSDR_water'!$B$7:$B$29,'1.1.SSDR_water'!$I$7:$I$29) -> -32.458544
A63: PU | B63: Kssdr | D63: river | F63: log normal | G63: 0 | H63: =_xlfn.XLOOKUP($A63,'1.1.SSDR_water'!$B$7:$B$29,'1.1.SSDR_water'!$J$7:$J$29) -> 2.1472679 | I63: =_xlfn.XLOOKUP($A63,'1.1.SSDR_water'!$B$7:$B$29,'1.1.SSDR_water'!$I$7:$I$29) -> -32.458544
A64: PU | B64: Kssdr | D64: sea | F64: log normal | G64: 0 | H64: =_xlfn.XLOOKUP($A64,'1.1.SSDR_water'!$B$7:$B$29,'1.1.SSDR_water'!$J$7:$J$29) -> 2.1472679 | I64: =_xlfn.XLOOKUP($A64,'1.1.SSDR_water'!$B$7:$B$29,'1.1.SSDR_water'!$I$7:$I$29) -> -32.458544
A65: PU | B65: Kssdr | D65: lake | F65: log normal | G65: 0 | H65: =_xlfn.XLOOKUP($A65,'1.1.SSDR_water'!$B$7:$B$29,'1.1.SSDR_water'!$J$7:$J$29) -> 2.1472679 | I65: =_xlfn.XLOOKUP($A65,'1.1.SSDR_water'!$B$7:$B$29,'1.1.SSDR_water'!$I$7:$I$29) -> -32.458544
A66: PU | B66: Kssdr | D66: marinesediment | F66: log normal | G66: 0 | H66: =_xlfn.XLOOKUP($A66,'1.2.SSDR_sediment'!$B$7:$B$29,'1.2.SSDR_sediment'!$J$7:$J$29) -> 2.1472679 | I66: =_xlfn.XLOOKUP($A66,'1.2.SSDR_sediment'!$B$7:$B$29,'1.2.SSDR_sediment'!$I$7:$I$29) -> -32.458544
A67: PU | B67: Kssdr | D67: freshwatersediment | F67: log normal | G67: 0 | H67: =_xlfn.XLOOKUP($A67,'1.2.SSDR_sediment'!$B$7:$B$29,'1.2.SSDR_sediment'!$J$7:$J$29) -> 2.1472679 | I67: =_xlfn.XLOOKUP($A67,'1.2.SSDR_sediment'!$B$7:$B$29,'1.2.SSDR_sediment'!$I$7:$I$29) -> -32.458544
A68: PU | B68: Kssdr | D68: lakesediment | F68: log normal | G68: 0 | H68: =_xlfn.XLOOKUP($A68,'1.2.SSDR_sediment'!$B$7:$B$29,'1.2.SSDR_sediment'!$J$7:$J$29) -> 2.1472679 | I68: =_xlfn.XLOOKUP($A68,'1.2.SSDR_sediment'!$B$7:$B$29,'1.2.SSDR_sediment'!$I$7:$I$29) -> -32.458544
A69: PU | B69: Kssdr | D69: naturalsoil | F69: log normal | G69: 0 | H69: =_xlfn.XLOOKUP($A69,'1.3.SSDR_soil'!$B$7:$B$29,'1.3.SSDR_soil'!$J$7:$J$29) -> 2.1472679 | I69: =_xlfn.XLOOKUP($A69,'1.3.SSDR_soil'!$B$7:$B$29,'1.3.SSDR_soil'!$I$7:$I$29) -> -32.458544
A70: PU | B70: Kssdr | D70: othersoil | F70: log normal | G70: 0 | H70: =_xlfn.XLOOKUP($A70,'1.3.SSDR_soil'!$B$7:$B$29,'1.3.SSDR_soil'!$J$7:$J$29) -> 2.1472679 | I70: =_xlfn.XLOOKUP($A70,'1.3.SSDR_soil'!$B$7:$B$29,'1.3.SSDR_soil'!$I$7:$I$29) -> -32.458544
A71: PU | B71: Kssdr | D71: agriculturalsoil | F71: log normal | G71: 0 | H71: =_xlfn.XLOOKUP($A71,'1.3.SSDR_soil'!$B$7:$B$29,'1.3.SSDR_soil'!$J$7:$J$29) -> 2.1472679 | I71: =_xlfn.XLOOKUP($A71,'1.3.SSDR_soil'!$B$7:$B$29,'1.3.SSDR_soil'!$I$7:$I$29) -> -32.458544
A72: PAN | B72: Kssdr | D72: deepocean | F72: log normal | G72: 0 | H72: =_xlfn.XLOOKUP($A72,'1.1.SSDR_water'!$B$7:$B$29,'1.1.SSDR_water'!$J$7:$J$29) -> 0.89386067 | I72: =_xlfn.XLOOKUP($A72,'1.1.SSDR_water'!$B$7:$B$29,'1.1.SSDR_water'!$I$7:$I$29) -> -35.687321
A73: PAN | B73: Kssdr | D73: river | F73: log normal | G73: 0 | H73: =_xlfn.XLOOKUP($A73,'1.1.SSDR_water'!$B$7:$B$29,'1.1.SSDR_water'!$J$7:$J$29) -> 0.89386067 | I73: =_xlfn.XLOOKUP($A73,'1.1.SSDR_water'!$B$7:$B$29,'1.1.SSDR_water'!$I$7:$I$29) -> -35.687321
A74: PAN | B74: Kssdr | D74: sea | F74: log normal | G74: 0 | H74: =_xlfn.XLOOKUP($A74,'1.1.SSDR_water'!$B$7:$B$29,'1.1.SSDR_water'!$J$7:$J$29) -> 0.89386067 | I74: =_xlfn.XLOOKUP($A74,'1.1.SSDR_water'!$B$7:$B$29,'1.1.SSDR_water'!$I$7:$I$29) -> -35.687321
A75: PAN | B75: Kssdr | D75: lake | F75: log normal | G75: 0 | H75: =_xlfn.XLOOKUP($A75,'1.1.SSDR_water'!$B$7:$B$29,'1.1.SSDR_water'!$J$7:$J$29) -> 0.89386067 | I75: =_xlfn.XLOOKUP($A75,'1.1.SSDR_water'!$B$7:$B$29,'1.1.SSDR_water'!$I$7:$I$29) -> -35.687321
A76: PAN | B76: Kssdr | D76: marinesediment | F76: log normal | G76: 0 | H76: =_xlfn.XLOOKUP($A76,'1.2.SSDR_sediment'!$B$7:$B$29,'1.2.SSDR_sediment'!$J$7:$J$29) -> 0.89386067 | I76: =_xlfn.XLOOKUP($A76,'1.2.SSDR_sediment'!$B$7:$B$29,'1.2.SSDR_sediment'!$I$7:$I$29) -> -35.687321
A77: PAN | B77: Kssdr | D77: freshwatersediment | F77: log normal | G77: 0 | H77: =_xlfn.XLOOKUP($A77,'1.2.SSDR_sediment'!$B$7:$B$29,'1.2.SSDR_sediment'!$J$7:$J$29) -> 0.89386067 | I77: =_xlfn.XLOOKUP($A77,'1.2.SSDR_sediment'!$B$7:$B$29,'1.2.SSDR_sediment'!$I$7:$I$29) -> -35.687321
A78: PAN | B78: Kssdr | D78: lakesediment | F78: log normal | G78: 0 | H78: =_xlfn.XLOOKUP($A78,'1.2.SSDR_sediment'!$B$7:$B$29,'1.2.SSDR_sediment'!$J$7:$J$29) -> 0.89386067 | I78: =_xlfn.XLOOKUP($A78,'1.2.SSDR_sediment'!$B$7:$B$29,'1.2.SSDR_sediment'!$I$7:$I$29) -> -35.687321
A79: PAN | B79: Kssdr | D79: naturalsoil | F79: log normal | G79: 0 | H79: =_xlfn.XLOOKUP($A79,'1.3.SSDR_soil'!$B$7:$B$29,'1.3.SSDR_soil'!$J$7:$J$29) -> 0.89386067 | I79: =_xlfn.XLOOKUP($A79,'1.3.SSDR_soil'!$B$7:$B$29,'1.3.SSDR_soil'!$I$7:$I$29) -> -35.687321
A80: PAN | B80: Kssdr | D80: othersoil | F80: log normal | G80: 0 | H80: =_xlfn.XLOOKUP($A80,'1.3.SSDR_soil'!$B$7:$B$29,'1.3.SSDR_soil'!$J$7:$J$29) -> 0.89386067 | I80: =_xlfn.XLOOKUP($A80,'1.3.SSDR_soil'!$B$7:$B$29,'1.3.SSDR_soil'!$I$7:$I$29) -> -35.687321
A81: PAN | B81: Kssdr | D81: agriculturalsoil | F81: log normal | G81: 0 | H81: =_xlfn.XLOOKUP($A81,'1.3.SSDR_soil'!$B$7:$B$29,'1.3.SSDR_soil'!$J$7:$J$29) -> 0.89386067 | I81: =_xlfn.XLOOKUP($A81,'1.3.SSDR_soil'!$B$7:$B$29,'1.3.SSDR_soil'!$I$7:$I$29) -> -35.687321
A82: TRWP | B82: Kssdr | D82: deepocean | F82: log normal | G82: 0 | H82: =_xlfn.XLOOKUP($A82,'1.1.SSDR_water'!$B$7:$B$29,'1.1.SSDR_water'!$J$7:$J$29) -> 1.8068414 | I82: =_xlfn.XLOOKUP($A82,'1.1.SSDR_water'!$B$7:$B$29,'1.1.SSDR_water'!$I$7:$I$29) -> -33.336167
A83: TRWP | B83: Kssdr | D83: river | F83: log normal | G83: 0 | H83: =_xlfn.XLOOKUP($A83,'1.1.SSDR_water'!$B$7:$B$29,'1.1.SSDR_water'!$J$7:$J$29) -> 1.8068414 | I83: =_xlfn.XLOOKUP($A83,'1.1.SSDR_water'!$B$7:$B$29,'1.1.SSDR_water'!$I$7:$I$29) -> -33.336167
A84: TRWP | B84: Kssdr | D84: sea | F84: log normal | G84: 0 | H84: =_xlfn.XLOOKUP($A84,'1.1.SSDR_water'!$B$7:$B$29,'1.1.SSDR_water'!$J$7:$J$29) -> 1.8068414 | I84: =_xlfn.XLOOKUP($A84,'1.1.SSDR_water'!$B$7:$B$29,'1.1.SSDR_water'!$I$7:$I$29) -> -33.336167
A85: TRWP | B85: Kssdr | D85: lake | F85: log normal | G85: 0 | H85: =_xlfn.XLOOKUP($A85,'1.1.SSDR_water'!$B$7:$B$29,'1.1.SSDR_water'!$J$7:$J$29) -> 1.8068414 | I85: =_xlfn.XLOOKUP($A85,'1.1.SSDR_water'!$B$7:$B$29,'1.1.SSDR_water'!$I$7:$I$29) -> -33.336167
A86: TRWP | B86: Kssdr | D86: marinesediment | F86: log normal | G86: 0 | H86: =_xlfn.XLOOKUP($A86,'1.2.SSDR_sediment'!$B$7:$B$29,'1.2.SSDR_sediment'!$J$7:$J$29) -> 1.8068414 | I86: =_xlfn.XLOOKUP($A86,'1.2.SSDR_sediment'!$B$7:$B$29,'1.2.SSDR_sediment'!$I$7:$I$29) -> -33.336167
A87: TRWP | B87: Kssdr | D87: freshwatersediment | F87: log normal | G87: 0 | H87: =_xlfn.XLOOKUP($A87,'1.2.SSDR_sediment'!$B$7:$B$29,'1.2.SSDR_sediment'!$J$7:$J$29) -> 1.8068414 | I87: =_xlfn.XLOOKUP($A87,'1.2.SSDR_sediment'!$B$7:$B$29,'1.2.SSDR_sediment'!$I$7:$I$29) -> -33.336167
A88: TRWP | B88: Kssdr | D88: lakesediment | F88: log normal | G88: 0 | H88: =_xlfn.XLOOKUP($A88,'1.2.SSDR_sediment'!$B$7:$B$29,'1.2.SSDR_sediment'!$J$7:$J$29) -> 1.8068414 | I88: =_xlfn.XLOOKUP($A88,'1.2.SSDR_sediment'!$B$7:$B$29,'1.2.SSDR_sediment'!$I$7:$I$29) -> -33.336167
A89: TRWP | B89: Kssdr | D89: naturalsoil | F89: log normal | G89: 0 | H89: =_xlfn.XLOOKUP($A89,'1.3.SSDR_soil'!$B$7:$B$29,'1.3.SSDR_soil'!$J$7:$J$29) -> 0.5705114 | I89: =_xlfn.XLOOKUP($A89,'1.3.SSDR_soil'!$B$7:$B$29,'1.3.SSDR_soil'!$I$7:$I$29) -> -28.950025
A90: TRWP | B90: Kssdr | D90: othersoil | F90: log normal | G90: 0 | H90: =_xlfn.XLOOKUP($A90,'1.3.SSDR_soil'!$B$7:$B$29,'1.3.SSDR_soil'!$J$7:$J$29) -> 0.5705114 | I90: =_xlfn.XLOOKUP($A90,'1.3.SSDR_soil'!$B$7:$B$29,'1.3.SSDR_soil'!$I$7:$I$29) -> -28.950025
A91: TRWP | B91: Kssdr | D91: agriculturalsoil | F91: log normal | G91: 0 | H91: =_xlfn.XLOOKUP($A91,'1.3.SSDR_soil'!$B$7:$B$29,'1.3.SSDR_soil'!$J$7:$J$29) -> 0.5705114 | I91: =_xlfn.XLOOKUP($A91,'1.3.SSDR_soil'!$B$7:$B$29,'1.3.SSDR_soil'!$I$7:$I$29) -> -28.950025
A92: PHA | B92: Kssdr | D92: deepocean | F92: log normal | G92: 0 | H92: =_xlfn.XLOOKUP($A92,'1.1.SSDR_water'!$B$7:$B$29,'1.1.SSDR_water'!$J$7:$J$29) -> 1.0491074 | I92: =_xlfn.XLOOKUP($A92,'1.1.SSDR_water'!$B$7:$B$29,'1.1.SSDR_water'!$I$7:$I$29) -> -26.358103
A93: PHA | B93: Kssdr | D93: river | F93: log normal | G93: 0 | H93: =_xlfn.XLOOKUP($A93,'1.1.SSDR_water'!$B$7:$B$29,'1.1.SSDR_water'!$J$7:$J$29) -> 1.0491074 | I93: =_xlfn.XLOOKUP($A93,'1.1.SSDR_water'!$B$7:$B$29,'1.1.SSDR_water'!$I$7:$I$29) -> -26.358103
A94: PHA | B94: Kssdr | D94: sea | F94: log normal | G94: 0 | H94: =_xlfn.XLOOKUP($A94,'1.1.SSDR_water'!$B$7:$B$29,'1.1.SSDR_water'!$J$7:$J$29) -> 1.0491074 | I94: =_xlfn.XLOOKUP($A94,'1.1.SSDR_water'!$B$7:$B$29,'1.1.SSDR_water'!$I$7:$I$29) -> -26.358103
A95: PHA | B95: Kssdr | D95: lake | F95: log normal | G95: 0 | H95: =_xlfn.XLOOKUP($A95,'1.1.SSDR_water'!$B$7:$B$29,'1.1.SSDR_water'!$J$7:$J$29) -> 1.0491074 | I95: =_xlfn.XLOOKUP($A95,'1.1.SSDR_water'!$B$7:$B$29,'1.1.SSDR_water'!$I$7:$I$29) -> -26.358103
A96: PHA | B96: Kssdr | D96: marinesediment | F96: log normal | G96: 0 | H96: =_xlfn.XLOOKUP($A96,'1.2.SSDR_sediment'!$B$7:$B$29,'1.2.SSDR_sediment'!$J$7:$J$29) -> 1.2773916 | I96: =_xlfn.XLOOKUP($A96,'1.2.SSDR_sediment'!$B$7:$B$29,'1.2.SSDR_sediment'!$I$7:$I$29) -> -29.261266
A97: PHA | B97: Kssdr | D97: freshwatersediment | F97: log normal | G97: 0 | H97: =_xlfn.XLOOKUP($A97,'1.2.SSDR_sediment'!$B$7:$B$29,'1.2.SSDR_sediment'!$J$7:$J$29) -> 1.2773916 | I97: =_xlfn.XLOOKUP($A97,'1.2.SSDR_sediment'!$B$7:$B$29,'1.2.SSDR_sediment'!$I$7:$I$29) -> -29.261266
A98: PHA | B98: Kssdr | D98: lakesediment | F98: log normal | G98: 0 | H98: =_xlfn.XLOOKUP($A98,'1.2.SSDR_sediment'!$B$7:$B$29,'1.2.SSDR_sediment'!$J$7:$J$29) -> 1.2773916 | I98: =_xlfn.XLOOKUP($A98,'1.2.SSDR_sediment'!$B$7:$B$29,'1.2.SSDR_sediment'!$I$7:$I$29) -> -29.261266
A99: PHA | B99: Kssdr | D99: naturalsoil | F99: log normal | G99: 0 | H99: =_xlfn.XLOOKUP($A99,'1.3.SSDR_soil'!$B$7:$B$29,'1.3.SSDR_soil'!$J$7:$J$29) -> 0.10461942 | I99: =_xlfn.XLOOKUP($A99,'1.3.SSDR_soil'!$B$7:$B$29,'1.3.SSDR_soil'!$I$7:$I$29) -> -23.996463
A100: PHA | B100: Kssdr | D100: othersoil | F100: log normal | G100: 0 | H100: =_xlfn.XLOOKUP($A100,'1.3.SSDR_soil'!$B$7:$B$29,'1.3.SSDR_soil'!$J$7:$J$29) -> 0.10461942 | I100: =_xlfn.XLOOKUP($A100,'1.3.SSDR_soil'!$B$7:$B$29,'1.3.SSDR_soil'!$I$7:$I$29) -> -23.996463
...

Sheet UVintensity
A1: Adjustment factor per region | G1: Global average UV intensity | K1: Region- and compartment-specific UV intensity [W*m-2]
A2: Region | B2: Latitude range [º] | C2: Longitude range [º] | E2: Adjustment factor [-] | G2: Region | H2: Value [W*m-2] | I2: Reference | K2: Compartment | L2: SBoo compartment name | M2: North America | N2: Latin America | O2: Europe | P2: Africa & Middle East | Q2: Central Asia | R2: Southeast Asia | S2: Northern regions | T2: Oceania | U2: Global scale
A3: North America | B3: (15, 75) | C3: (-170, -50) | E3: 0.802 | G3: Default | H3: 10 | I3: Tang & Boulay (under revision) | K3: Air | L3: air | M3: =UVintensity!$H$3*UVintensity!$E$3*UVintensity!E14 -> 8.02 | N3: =UVintensity!$H$3*UVintensity!$E$4*UVintensity!E14 -> 11.78 | O3: =UVintensity!$H$3*UVintensity!$E$5*UVintensity!E14 -> 5.23 | P3: =UVintensity!$H$3*UVintensity!$E$6*UVintensity!E14 -> 13.82 | Q3: =UVintensity!$H$3*UVintensity!$E$7*UVintensity!E14 -> 5.63 | R3: =UVintensity!$H$3*UVintensity!$E$8*UVintensity!E14 -> 13.65 | S3: =UVintensity!$H$3*UVintensity!$E$9*UVintensity!E14 -> 3.64 | T3: =UVintensity!$H$3*UVintensity!$E$10*UVintensity!E14 -> 11.85 | U3: =H3 -> 10
A4: Latin America | B4: (-60, 15) | C4: (-90, -30) | E4: 1.178 | K4: Agricultural soil | L4: agriculturalsoil | M4: =UVintensity!$H$3*UVintensity!$E$3*UVintensity!E15 -> 0 | N4: =UVintensity!$H$3*UVintensity!$E$4*UVintensity!E15 -> 0 | O4: =UVintensity!$H$3*UVintensity!$E$5*UVintensity!E15 -> 0 | P4: =UVintensity!$H$3*UVintensity!$E$6*UVintensity!E15 -> 0 | Q4: =UVintensity!$H$3*UVintensity!$E$7*UVintensity!E15 -> 0 | R4: =UVintensity!$H$3*UVintensity!$E$8*UVintensity!E15 -> 0 | S4: =UVintensity!$H$3*UVintensity!$E$9*UVintensity!E15 -> 0 | T4: =UVintensity!$H$3*UVintensity!$E$10*UVintensity!E15 -> 0 | U4: =AVERAGE(M4:T4) -> 0
A5: Europe | B5: (35, 70) | C5: (40, 140) | E5: 0.523 | G5: Compartment | H5: K_d [m-1] | I5: Reference | K5: Natural soil | L5: naturalsoil | M5: =UVintensity!$H$3*UVintensity!$E$3*UVintensity!E16 -> 0 | N5: =UVintensity!$H$3*UVintensity!$E$4*UVintensity!E16 -> 0 | O5: =UVintensity!$H$3*UVintensity!$E$5*UVintensity!E16 -> 0 | P5: =UVintensity!$H$3*UVintensity!$E$6*UVintensity!E16 -> 0 | Q5: =UVintensity!$H$3*UVintensity!$E$7*UVintensity!E16 -> 0 | R5: =UVintensity!$H$3*UVintensity!$E$8*UVintensity!E16 -> 0 | S5: =UVintensity!$H$3*UVintensity!$E$9*UVintensity!E16 -> 0 | T5: =UVintensity!$H$3*UVintensity!$E$10*UVintensity!E16 -> 0 | U5: =AVERAGE(M5:T5) -> 0
A6: Africa & Middle East | B6: (-35, 35) | C6: (-20, 60) | E6: 1.382 | G6: Freshwater (river) | H6: 10 | I6: Belmont et al. (2007) | K6: Other soil | L6: othersoil | M6: =UVintensity!$H$3*UVintensity!$E$3*UVintensity!E17 -> 0 | N6: =UVintensity!$H$3*UVintensity!$E$4*UVintensity!E17 -> 0 | O6: =UVintensity!$H$3*UVintensity!$E$5*UVintensity!E17 -> 0 | P6: =UVintensity!$H$3*UVintensity!$E$6*UVintensity!E17 -> 0 | Q6: =UVintensity!$H$3*UVintensity!$E$7*UVintensity!E17 -> 0 | R6: =UVintensity!$H$3*UVintensity!$E$8*UVintensity!E17 -> 0 | S6: =UVintensity!$H$3*UVintensity!$E$9*UVintensity!E17 -> 0 | T6: =UVintensity!$H$3*UVintensity!$E$10*UVintensity!E17 -> 0 | U6: =AVERAGE(M6:T6) -> 0
A7: Central Asia | B7: (35, 70) | C7: (40, 140) | E7: 0.563 | G7: Lake | H7: 4 | I7: Morris et al. (1995) | K7: Cloudwater | L7: cloudwater | M7: =UVintensity!$H$3*UVintensity!$E$3*UVintensity!E18 -> 8.02 | N7: =UVintensity!$H$3*UVintensity!$E$4*UVintensity!E18 -> 11.78 | O7: =UVintensity!$H$3*UVintensity!$E$5*UVintensity!E18 -> 5.23 | P7: =UVintensity!$H$3*UVintensity!$E$6*UVintensity!E18 -> 13.82 | Q7: =UVintensity!$H$3*UVintensity!$E$7*UVintensity!E18 -> 5.63 | R7: =UVintensity!$H$3*UVintensity!$E$8*UVintensity!E18 -> 13.65 | S7: =UVintensity!$H$3*UVintensity!$E$9*UVintensity!E18 -> 3.64 | T7: =UVintensity!$H$3*UVintensity!$E$10*UVintensity!E18 -> 11.85 | U7: =H3 -> 10
A8: Southeast Asia | B8: (-10, 35) | C8: (60, 150) | E8: 1.365 | G8: Seawater surface | H8: 0.2 | I8: Llabrés et al. (2010) | K8: Freshwater | L8: river | M8: =UVintensity!$H$3*UVintensity!E3*UVintensity!E19 -> 0.33416667 | N8: =UVintensity!$H$3*UVintensity!E4*UVintensity!E20 -> 0.26772727 | O8: =UVintensity!$H$3*UVintensity!E5*UVintensity!E21 -> 0.27526316 | P8: =UVintensity!$H$3*UVintensity!E6*UVintensity!E22 -> 0.5528 | Q8: =UVintensity!$H$3*UVintensity!E7*UVintensity!E23 -> 0.25590909 | R8: =UVintensity!$H$3*UVintensity!E8*UVintensity!E24 -> 0.41363636 | S8: =UVintensity!$H$3*UVintensity!E9*UVintensity!E25 -> 0.12551724 | T8: =UVintensity!$H$3*UVintensity!E10*UVintensity!E26 -> 1.1849462 | U8: =AVERAGE(M8:T8) -> 0.42624575
A9: Northern regions | B9: (70, 90) | C9: (-180, 180) | E9: 0.364 | K9: Freshwater sediment | L9: freshwatersediment | M9: =UVintensity!$H$3*UVintensity!$E$3*UVintensity!E27 -> 0 | N9: =UVintensity!$H$3*UVintensity!$E$4*UVintensity!E27 -> 0 | O9: =UVintensity!$H$3*UVintensity!$E$5*UVintensity!E27 -> 0 | P9: =UVintensity!$H$3*UVintensity!$E$6*UVintensity!E27 -> 0 | Q9: =UVintensity!$H$3*UVintensity!$E$7*UVintensity!E27 -> 0 | R9: =UVintensity!$H$3*UVintensity!$E$8*UVintensity!E27 -> 0 | S9: =UVintensity!$H$3*UVintensity!$E$9*UVintensity!E27 -> 0 | T9: =UVintensity!$H$3*UVintensity!$E$10*UVintensity!E27 -> 0 | U9: =AVERAGE(M9:T9) -> 0
A10: Oceania | B10: (-50, 0) | C10: (110, 180) | E10: 1.185 | K10: Lake | L10: lake | M10: =UVintensity!$H$3*UVintensity!E3*UVintensity!E28 -> 0.067966102 | N10: =UVintensity!$H$3*UVintensity!E4*UVintensity!E29 -> 0.11459144 | O10: =UVintensity!$H$3*UVintensity!E5*UVintensity!E30 -> 0.048605948 | P10: =UVintensity!$H$3*UVintensity!E6*UVintensity!E31 -> 0.029810181 | Q10: =UVintensity!$H$3*UVintensity!E7*UVintensity!E32 -> 0.042522659 | R10: =UVintensity!$H$3*UVintensity!E8*UVintensity!E33 -> 0.19612069 | S10: =UVintensity!$H$3*UVintensity!E9*UVintensity!E34 -> 0.006899166 | T10: =UVintensity!$H$3*UVintensity!E10*UVintensity!E35 -> 0.33664773 | U10: =AVERAGE(M10:T10) -> 0.10539549
K11: Lake sediment | L11: lakesediment | M11: =UVintensity!$H$3*UVintensity!$E$3*UVintensity!E36 -> 0 | N11: =UVintensity!$H$3*UVintensity!$E$4*UVintensity!E36 -> 0 | O11: =UVintensity!$H$3*UVintensity!$E$5*UVintensity!E36 -> 0 | P11: =UVintensity!$H$3*UVintensity!$E$6*UVintensity!E36 -> 0 | Q11: =UVintensity!$H$3*UVintensity!$E$7*UVintensity!E36 -> 0 | R11: =UVintensity!$H$3*UVintensity!$E$8*UVintensity!E36 -> 0 | S11: =UVintensity!$H$3*UVintensity!$E$9*UVintensity!E36 -> 0 | T11: =UVintensity!$H$3*UVintensity!$E$10*UVintensity!E36 -> 0 | U11: =AVERAGE(M11:T11) -> 0
A12: Scaling factor per region & compartment | K12: Seawater surface | L12: sea | M12: =UVintensity!$H$3*UVintensity!E3*UVintensity!E37 -> 3.4673055 | N12: =UVintensity!$H$3*UVintensity!E4*UVintensity!E38 -> 5.0928752 | O12: =UVintensity!$H$3*UVintensity!E5*UVintensity!E39 -> 2.2610982 | P12: =UVintensity!$H$3*UVintensity!E6*UVintensity!E40 -> 5.9748332 | Q12: =UVintensity!$H$3*UVintensity!E7*UVintensity!E41 -> 2.4340312 | R12: =UVintensity!$H$3*UVintensity!E8*UVintensity!E42 -> 5.9013367 | S12: =UVintensity!$H$3*UVintensity!E9*UVintensity!E43 -> 1.5736898 | T12: =UVintensity!$H$3*UVintensity!E10*UVintensity!E44 -> 5.1231384 | U12: =AVERAGE(M12:T12) -> 3.9785385
A13: Compartment | B13: Region | C13: Depth [m] | D13: K_d [m-1] | E13: Scaling factor [%] | K13: Seawater column | L13: deepocean | M13: =UVintensity!$H$3*UVintensity!$E$3*UVintensity!E45 -> 0 | N13: =UVintensity!$H$3*UVintensity!$E$4*UVintensity!E45 -> 0 | O13: =UVintensity!$H$3*UVintensity!$E$5*UVintensity!E45 -> 0 | P13: =UVintensity!$H$3*UVintensity!$E$6*UVintensity!E45 -> 0 | Q13: =UVintensity!$H$3*UVintensity!$E$7*UVintensity!E45 -> 0 | R13: =UVintensity!$H$3*UVintensity!$E$8*UVintensity!E45 -> 0 | S13: =UVintensity!$H$3*UVintensity!$E$9*UVintensity!E45 -> 0 | T13: =UVintensity!$H$3*UVintensity!$E$10*UVintensity!E45 -> 0 | U13: =AVERAGE(M13:T13) -> 0
A14: Air | B14: – | C14: – | D14: – | E14: 1 | K14: Marine sediment | L14: marinesediment | M14: =UVintensity!$H$3*UVintensity!$E$3*UVintensity!E46 -> 0 | N14: =UVintensity!$H$3*UVintensity!$E$4*UVintensity!E46 -> 0 | O14: =UVintensity!$H$3*UVintensity!$E$5*UVintensity!E46 -> 0 | P14: =UVintensity!$H$3*UVintensity!$E$6*UVintensity!E46 -> 0 | Q14: =UVintensity!$H$3*UVintensity!$E$7*UVintensity!E46 -> 0 | R14: =UVintensity!$H$3*UVintensity!$E$8*UVintensity!E46 -> 0 | S14: =UVintensity!$H$3*UVintensity!$E$9*UVintensity!E46 -> 0 | T14: =UVintensity!$H$3*UVintensity!$E$10*UVintensity!E46 -> 0 | U14: =AVERAGE(M14:T14) -> 0
A15: Agricultural soil | B15: – | C15: – | D15: – | E15: 0
A16: Natural soil | B16: – | C16: – | D16: – | E16: 0
A17: Other soil | B17: – | C17: – | D17: – | E17: 0
A18: Cloudwater | B18: – | C18: – | D18: – | E18: 1
A19: Freshwater | B19: North America | C19: 2.4 | D19: =$H$6 -> 10 | E19: =(1-EXP(-D19*C19))/(D19*C19) -> 0.041666667
B20: Latin America | C20: 4.4 | D20: =$H$6 -> 10 | E20: =(1-EXP(-D20*C20))/(D20*C20) -> 0.022727273
B21: Europe | C21: 1.9 | D21: =$H$6 -> 10 | E21: =(1-EXP(-D21*C21))/(D21*C21) -> 0.052631579
B22: Africa & Middle East | C22: 2.5 | D22: =$H$6 -> 10 | E22: =(1-EXP(-D22*C22))/(D22*C22) -> 0.04
B23: Central Asia | C23: 2.2 | D23: =$H$6 -> 10 | E23: =(1-EXP(-D23*C23))/(D23*C23) -> 0.045454545
B24: Southeast Asia | C24: 3.3 | D24: =$H$6 -> 10 | E24: =(1-EXP(-D24*C24))/(D24*C24) -> 0.03030303
B25: Northern regions | C25: 2.9 | D25: =$H$6 -> 10 | E25: =(1-EXP(-D25*C25))/(D25*C25) -> 0.034482759
B26: Oceania | C26: 1 | D26: =$H$6 -> 10 | E26: =(1-EXP(-D26*C26))/(D26*C26) -> 0.09999546
A27: Freshwater sediment | B27: – | C27: – | D27: – | E27: 0
A28: Lake | B28: North America | C28: 29.5 | D28: =$H$7 -> 4 | E28: =(1-EXP(-D28*C28))/(D28*C28) -> 0.0084745763
B29: Latin America | C29: 25.7 | D29: =$H$7 -> 4 | E29: =(1-EXP(-D29*C29))/(D29*C29) -> 0.0097276265
B30: Europe | C30: 26.9 | D30: =$H$7 -> 4 | E30: =(1-EXP(-D30*C30))/(D30*C30) -> 0.0092936803
B31: Africa & Middle East | C31: 115.9 | D31: =$H$7 -> 4 | E31: =(1-EXP(-D31*C31))/(D31*C31) -> 0.0021570319
B32: Central Asia | C32: 33.1 | D32: =$H$7 -> 4 | E32: =(1-EXP(-D32*C32))/(D32*C32) -> 0.0075528701
B33: Southeast Asia | C33: 17.4 | D33: =$H$7 -> 4 | E33: =(1-EXP(-D33*C33))/(D33*C33) -> 0.014367816
B34: Northern regions | C34: 131.9 | D34: =$H$7 -> 4 | E34: =(1-EXP(-D34*C34))/(D34*C34) -> 0.0018953753
B35: Oceania | C35: 8.8 | D35: =$H$7 -> 4 | E35: =(1-EXP(-D35*C35))/(D35*C35) -> 0.028409091
A36: Lake sediment | B36: – | C36: – | D36: – | E36: 0
A37: Seawater surface | B37: North America | C37: 10 | D37: =$H$8 -> 0.2 | E37: =(1-EXP(-D37*C37))/(D37*C37) -> 0.43233236 | F37: (Carla updating)
B38: Latin America | C38: 10 | D38: =$H$8 -> 0.2 | E38: =(1-EXP(-D38*C38))/(D38*C38) -> 0.43233236 | F38: (Carla updating)
B39: Europe | C39: 10 | D39: =$H$8 -> 0.2 | E39: =(1-EXP(-D39*C39))/(D39*C39) -> 0.43233236 | F39: (Carla updating)
B40: Africa & Middle East | C40: 10 | D40: =$H$8 -> 0.2 | E40: =(1-EXP(-D40*C40))/(D40*C40) -> 0.43233236 | F40: (Carla updating)
B41: Central Asia | C41: 10 | D41: =$H$8 -> 0.2 | E41: =(1-EXP(-D41*C41))/(D41*C41) -> 0.43233236 | F41: (Carla updating)
B42: Southeast Asia | C42: 10 | D42: =$H$8 -> 0.2 | E42: =(1-EXP(-D42*C42))/(D42*C42) -> 0.43233236 | F42: (Carla updating)
B43: Northern regions | C43: 10 | D43: =$H$8 -> 0.2 | E43: =(1-EXP(-D43*C43))/(D43*C43) -> 0.43233236 | F43: (Carla updating)
B44: Oceania | C44: 10 | D44: =$H$8 -> 0.2 | E44: =(1-EXP(-D44*C44))/(D44*C44) -> 0.43233236 | F44: (Carla updating)
A45: Seawater column | B45: – | C45: – | D45: – | E45: 0
A46: Marine sediment | B46: – | C46: – | D46: – | E46: 0
A47: Note: Since cloudwater is discontinuous droplets in air, we neglect the UV attenuation in cloudwater (K_d is defined for continuous water columns)

Sheet EEF_CI
A1: varName | B1: Scale | C1: SubCompart | D1: Species | E1: Distribution | F1: a | G1: b | H1: c | I1: Data Source | K1: Value (PAF m3/kg) | L1: Lower limit | M1: Upper limit | N1: Note
A2: EEF_w | E2: log normal | F2: 0 | G2: =LN(K2) -> 6.9730811 | H2: =(LN(M2)-LN(L2))/(2*1.96) -> 0.55726717 | I2: Corella-Puertas et al. (2023) | K2: 1067.5067 | L2: 358.109 | M2: 3182.1894 | N2: 95% CI provided
A3: EEF_sed | E3: log normal | F3: 0 | G3: =LN(K3) -> 2.7833432 | H3: =(LN(M3)-LN(L3))/(2*1.96) -> 1.1462822 | I3: Saadi et al. (2025) | K3: 16.173 | L3: 1.7102619 | M3: 152.94416 | N3: 95% CI provided
A4: EEF_s | E4: log normal | F4: 0 | G4: =LN(GEOMEAN(L4:M4)) -> -0.50343694 | H4: =(LN(M4)-LN(L4))/(2*0.674) -> 0.59737721 | I4: Tunali & Nowack (2025) | K4: =0.79/1.46 -> 0.54109589 | L4: =0.59/1.46 -> 0.40410959 | M4: =1.32/1.46 -> 0.90410959 | N4: Q1 and Q3 provided and log normality assumed

Sheet nomenclature stresses
J1: code | N1: value | Q1: Sboo input
A2: VertDistance | B2: Arctic | C2: air | D2: 1000 | E2: HEIGHT | F2: aA | K2: UVintensity | L2: Arctic | M2: air | N2: 0 | O2: =CONCATENATE(K2,".",F2) -> UVintensity.aA | P2: W.m-2 | Q2: =CONCATENATE(K2,",",L2,",",M2,",",N2,",",O2,",",P2) -> UVintensity,Arctic,air,0,UVintensity.aA,W.m-2
A3: VertDistance | B3: Arctic | C3: cloudwater | D3: 1000 | E3: HEIGHT | F3: aA | K3: UVintensity | L3: Arctic | M3: cloudwater | N3: 0 | O3: =CONCATENATE(K3,".",F3) -> UVintensity.aA | P3: W.m-2 | Q3: =CONCATENATE(K3,",",L3,",",M3,",",N3,",",O3,",",P3) -> UVintensity,Arctic,cloudwater,0,UVintensity.aA,W.m-2
A4: VertDistance | B4: Arctic | C4: deepocean | D4: 3000 | E4: DEPTH | F4: w3A | K4: UVintensity | L4: Arctic | M4: deepocean | N4: 0 | O4: =CONCATENATE(K4,".",F4) -> UVintensity.w3A | P4: W.m-2 | Q4: =CONCATENATE(K4,",",L4,",",M4,",",N4,",",O4,",",P4) -> UVintensity,Arctic,deepocean,0,UVintensity.w3A,W.m-2
A5: VertDistance | B5: Arctic | C5: marinesediment | D5: 0.03 | E5: DEPTH | F5: sdA | K5: UVintensity | L5: Arctic | M5: marinesediment | N5: 0 | O5: =CONCATENATE(K5,".",F5) -> UVintensity.sdA | P5: W.m-2 | Q5: =CONCATENATE(K5,",",L5,",",M5,",",N5,",",O5,",",P5) -> UVintensity,Arctic,marinesediment,0,UVintensity.sdA,W.m-2
A6: VertDistance | B6: Arctic | C6: naturalsoil | D6: 0.05 | E6: DEPTH | F6: sA | K6: UVintensity | L6: Arctic | M6: naturalsoil | N6: 0 | O6: =CONCATENATE(K6,".",F6) -> UVintensity.sA | P6: W.m-2 | Q6: =CONCATENATE(K6,",",L6,",",M6,",",N6,",",O6,",",P6) -> UVintensity,Arctic,naturalsoil,0,UVintensity.sA,W.m-2
A7: VertDistance | B7: Arctic | C7: sea | D7: 100 | E7: DEPTH | F7: w2A | K7: UVintensity | L7: Arctic | M7: sea | N7: 0 | O7: =CONCATENATE(K7,".",F7) -> UVintensity.w2A | P7: W.m-2 | Q7: =CONCATENATE(K7,",",L7,",",M7,",",N7,",",O7,",",P7) -> UVintensity,Arctic,sea,0,UVintensity.w2A,W.m-2
A8: VertDistance | B8: Continental | C8: agriculturalsoil | D8: 0.2 | E8: DEPTH | F8: s2C | K8: UVintensity | L8: Continental | M8: agriculturalsoil | N8: 0 | O8: =CONCATENATE(K8,".",F8) -> UVintensity.s2C | P8: W.m-2 | Q8: =CONCATENATE(K8,",",L8,",",M8,",",N8,",",O8,",",P8) -> UVintensity,Continental,agriculturalsoil,0,UVintensity.s2C,W.m-2
A9: VertDistance | B9: Continental | C9: air | D9: 1000 | E9: HEIGHT | F9: aC | K9: UVintensity | L9: Continental | M9: air | N9: 10 | O9: =CONCATENATE(K9,".",F9) -> UVintensity.aC | P9: W.m-2 | Q9: =CONCATENATE(K9,",",L9,",",M9,",",N9,",",O9,",",P9) -> UVintensity,Continental,air,10,UVintensity.aC,W.m-2
A10: VertDistance | B10: Continental | C10: cloudwater | D10: 1000 | E10: HEIGHT | F10: aC | K10: UVintensity | L10: Continental | M10: cloudwater | N10: 10 | O10: =CONCATENATE(K10,".",F10) -> UVintensity.aC | P10: W.m-2 | Q10: =CONCATENATE(K10,",",L10,",",M10,",",N10,",",O10,",",P10) -> UVintensity,Continental,cloudwater,10,UVintensity.aC,W.m-2
A11: VertDistance | B11: Continental | C11: freshwatersediment | D11: 0.03 | E11: DEPTH | F11: sd1C | K11: UVintensity | L11: Continental | M11: freshwatersediment | N11: 0 | O11: =CONCATENATE(K11,".",F11) -> UVintensity.sd1C | P11: W.m-2 | Q11: =CONCATENATE(K11,",",L11,",",M11,",",N11,",",O11,",",P11) -> UVintensity,Continental,freshwatersediment,0,UVintensity.sd1C,W.m-2
A12: VertDistance | B12: Continental | C12: lake | D12: 100 | E12: DEPTH | F12: w0C | K12: UVintensity | L12: Continental | M12: lake | N12: 10 | O12: =CONCATENATE(K12,".",F12) -> UVintensity.w0C | P12: W.m-2 | Q12: =CONCATENATE(K12,",",L12,",",M12,",",N12,",",O12,",",P12) -> UVintensity,Continental,lake,10,UVintensity.w0C,W.m-2
A13: VertDistance | B13: Continental | C13: lakesediment | D13: 0.03 | E13: DEPTH | F13: sd0C | K13: UVintensity | L13: Continental | M13: lakesediment | N13: 0 | O13: =CONCATENATE(K13,".",F13) -> UVintensity.sd0C | P13: W.m-2 | Q13: =CONCATENATE(K13,",",L13,",",M13,",",N13,",",O13,",",P13) -> UVintensity,Continental,lakesediment,0,UVintensity.sd0C,W.m-2
... A41: VertDistance | B41: Tropic | C41: sea | D41: 100 | E41: DEPTH | F41: w2T | K41: UVintensity | L41: Tropic | M41: sea | N41: 0 | O41: =CONCATENATE(K41,".",F41) -> UVintensity.w2T | P41: W.m-2 | Q41: =CONCATENATE(K41,",",L41,",",M41,",",N41,",",O41,",",P41) -> UVintensity,Tropic,sea,0,UVintensity.w2T,W.m-2
F42: aA | K42: MICROBconc | L42: Arctic | M42: air | N42: 0 | O42: =CONCATENATE(K42,".",F42) -> MICROBconc.aA | P42: CFU.mL-1 | Q42: =CONCATENATE(K42,",",L42,",",M42,",",N42,",",O42,",",P42) -> MICROBconc,Arctic,air,0,MICROBconc.aA,CFU.mL-1
F43: aA | K43: MICROBconc | L43: Arctic | M43: cloudwater | N43: 0 | O43: =CONCATENATE(K43,".",F43) -> MICROBconc.aA | P43: CFU.mL-1 | Q43: =CONCATENATE(K43,",",L43,",",M43,",",N43,",",O43,",",P43) -> MICROBconc,Arctic,cloudwater,0,MICROBconc.aA,CFU.mL-1
F44: w3A | K44: MICROBconc | L44: Arctic | M44: deepocean | N44: 0 | O44: =CONCATENATE(K44,".",F44) -> MICROBconc.w3A | P44: CFU.mL-1 | Q44: =CONCATENATE(K44,",",L44,",",M44,",",N44,",",O44,",",P44) -> MICROBconc,Arctic,deepocean,0,MICROBconc.w3A,CFU.mL-1
F45: sdA | K45: MICROBconc | L45: Arctic | M45: marinesediment | N45: 0 | O45: =CONCATENATE(K45,".",F45) -> MICROBconc.sdA | P45: CFU.mL-1 | Q45: =CONCATENATE(K45,",",L45,",",M45,",",N45,",",O45,",",P45) -> MICROBconc,Arctic,marinesediment,0,MICROBconc.sdA,CFU.mL-1
F46: sA | K46: MICROBconc | L46: Arctic | M46: naturalsoil | N46: 0 | O46: =CONCATENATE(K46,".",F46) -> MICROBconc.sA | P46: CFU.mL-1 | Q46: =CONCATENATE(K46,",",L46,",",M46,",",N46,",",O46,",",P46) -> MICROBconc,Arctic,naturalsoil,0,MICROBconc.sA,CFU.mL-1
F47: w2A | K47: MICROBconc | L47: Arctic | M47: sea | N47: 0 | O47: =CONCATENATE(K47,".",F47) -> MICROBconc.w2A | P47: CFU.mL-1 | Q47: =CONCATENATE(K47,",",L47,",",M47,",",N47,",",O47,",",P47) -> MICROBconc,Arctic,sea,0,MICROBconc.w2A,CFU.mL-1
F48: s2C | K48: MICROBconc | L48: Continental | M48: agriculturalsoil | N48: 121000000 | O48: =CONCATENATE(K48,".",F48) -> MICROBconc.s2C | P48: CFU.mL-1 | Q48: =CONCATENATE(K48,",",L48,",",M48,",",N48,",",O48,",",P48) -> MICROBconc,Continental,agriculturalsoil,121000000,MICROBconc.s2C,CFU.mL-1
F49: aC | K49: MICROBconc | L49: Continental | M49: air | N49: 0.5 | O49: =CONCATENATE(K49,".",F49) -> MICROBconc.aC | P49: CFU.mL-1 | Q49: =CONCATENATE(K49,",",L49,",",M49,",",N49,",",O49,",",P49) -> MICROBconc,Continental,air,0.5,MICROBconc.aC,CFU.mL-1
F50: aC | K50: MICROBconc | L50: Continental | M50: cloudwater | N50: 0.5 | O50: =CONCATENATE(K50,".",F50) -> MICROBconc.aC | P50: CFU.mL-1 | Q50: =CONCATENATE(K50,",",L50,",",M50,",",N50,",",O50,",",P50) -> MICROBconc,Continental,cloudwater,0.5,MICROBconc.aC,CFU.mL-1
F51: sd1C | K51: MICROBconc | L51: Continental | M51: freshwatersediment | N51: 482000 | O51: =CONCATENATE(K51,".",F51) -> MICROBconc.sd1C | P51: CFU.mL-1 | Q51: =CONCATENATE(K51,",",L51,",",M51,",",N51,",",O51,",",P51) -> MICROBconc,Continental,freshwatersediment,482000,MICROBconc.sd1C,CFU.mL-1
F52: w0C | K52: MICROBconc | L52: Continental | M52: lake | N52: 250000 | O52: =CONCATENATE(K52,".",F52) -> MICROBconc.w0C | P52: CFU.mL-1 | Q52: =CONCATENATE(K52,",",L52,",",M52,",",N52,",",O52,",",P52) -> MICROBconc,Continental,lake,250000,MICROBconc.w0C,CFU.mL-1
F53: sd0C | K53: MICROBconc | L53: Continental | M53: lakesediment | N53: 482000 | O53: =CONCATENATE(K53,".",F53) -> MICROBconc.sd0C | P53: CFU.mL-1 | Q53: =CONCATENATE(K53,",",L53,",",M53,",",N53,",",O53,",",P53) -> MICROBconc,Continental,lakesediment,482000,MICROBconc.sd0C,CFU.mL-1
... F81: w2T | K81: MICROBconc | L81: Tropic | M81: sea | N81: 0 | O81: =CONCATENATE(K81,".",F81) -> MICROBconc.w2T | P81: CFU.mL-1 | Q81: =CONCATENATE(K81,",",L81,",",M81,",",N81,",",O81,",",P81) -> MICROBconc,Tropic,sea,0,MICROBconc.w2T,CFU.mL-1

Sheet L-H-W
A1: W and L are computed based on the smallest dimension
B2: Sphere
A3: D | B3: 1 | C3: 10 | D3: 100 | E3: 1000 | F3: 5000
A4: W | B4: =B3 -> 1 | C4: =C3 -> 10 | D4: =D3 -> 100 | E4: =E3 -> 1000 | F4: =F3 -> 5000
A5: L | B5: =B4 -> 1 | C5: =C4 -> 10 | D5: =D4 -> 100 | E5: =E4 -> 1000 | F5: =F4 -> 5000
A6: Source | B6: Kooi & Koelmans (2019) | C6: Kooi & Koelmans (2019) | D6: Kooi & Koelmans (2019) | E6: Kooi & Koelmans (2019) | F6: Kooi & Koelmans (2019)
B7: Fiber
A8: D | B8: 1 | C8: 10 | D8: 100 | E8: 1000 | F8: 5000
A9: W | B9: =B8 -> 1 | C9: =C8 -> 10 | D9: =D8 -> 100 | E9: =E8 -> 1000 | F9: =F8 -> 5000
A10: L | B10: =B9*50 -> 50 | C10: =C9*10 -> 100 | D10: =D9*10 -> 1000 | E10: =E9*5 -> 5000 | F10: =F9*10 -> 50000
A11: Note | F11: Exceeds MP range
A12: Source | B12: Hajjar et al. | C12: Hajjar et al. | D12: Hajjar et al. | E12: Hajjar et al. | F12: Hajjar et al.
B13: Film
A14: H | B14: 1 | C14: 10 | D14: 100 | E14: 1000 | F14: 5000
A15: W | B15: =30*B14 -> 30 | C15: =30*C14 -> 300 | D15: =30*D14 -> 3000 | E15: =E14*1/0.1 -> 10000 | F15: =GEOMEAN(1/0.1,0.1/0.001)*F14 -> 158113.88
A16: L | B16: =GEOMEAN(1/0.1,1/0.001)*B14 -> 100 | C16: =GEOMEAN(1/0.1,1/0.001)*C14 -> 1000 | D16: =D15 -> 3000 | E16: =GEOMEAN(1/0.1,1/0.001)*E14 -> 100000 | F16: =GEOMEAN(1/0.1,1/0.001)*F14 -> 500000
A17: Note | B17: Between the UL and LL | C17: Between the UL and LL | D17: Max size before exceeding MP range | E17: Exceeds MP range | F17: Exceeds MP range
A18: Source | B18: Kooi & Koelmans (2019) | C18: Kooi & Koelmans (2019) | D18: Kooi & Koelmans (2019) | E18: Kooi & Koelmans (2019) | F18: Kooi & Koelmans (2019)

Sheet 2.1.C_G
B2: Fractions continental / global for the marine ecosystem
B4: Sheet adapted from Louvet et al. (2025). Based on the IUCN Red List (2024) and FAO (2020)
O5: Update
A6: Region in USEtox | B6: Marine regions in IUCN | C6: Number of coastal species in region (Neritic zone and coastal zone) | D6: Number of coastal species in RoW | E6: Total of coastal species expected | F6: Real total of coastal species | G6: Coastal species in common | H6: Number endemic coastal species | I6: Number RoW only coastal species | J6: Number of species in global water (Marine Oceanic and Marine Deep Benthic) | K6: % of species in Continental scale | L6: % of species in Global scale (RoW) | M6: Total | O6: % of species in Continental scale | P6: % of species in Global scale | Q6: % of species in RoW Continental scale | R6: Sum | T6: % of species in Continental scale | U6: % of species in Global scale
A7: North America | B7: Atlantic Northwest, Atlantic Western Central , Pacific North East, Pacific Eastern Central | C7: 4943 | D7: 10969 | E7: =SUM(C7:D7) -> 15912 | F7: 12523 | G7: =E7-F7 -> 3389 | H7: =(C7-G7) -> 1554 | I7: =(D7-G7) -> 7580 | J7: 5283 | K7: =(G7+H7)/(2*G7+H7+I7+J7) -> 0.23321538 | L7: =(G7+I7+J7)/(2*G7+H7+I7+J7) -> 0.76678462 | M7: =SUM(K7:L7) -> 1 | O7: =C7/(F7+J7) -> 0.27760306 | P7: =J7/(J7+F7) -> 0.29669774 | Q7: =I7/(F7+J7) -> 0.4256992 | R7: =O7+P7+Q7 -> 1 | T7: =H7/(J7+F7) -> 0.087273953 | U7: =J7/(J7+F7) -> 0.29669774 | V7: =I7/(F7+J7) -> 0.4256992 | W7: =SUM(T7:V7) -> 0.8096709
A8: Latin America | B8: Atlantic western central, Atlantic southwest, Pacific Eastern Centreal, Pacific Southeast | C8: 5410 | D8: 9667 | E8: =SUM(C8:D8) -> 15077 | F8: 12523 | G8: =E8-F8 -> 2554 | H8: =(C8-G8) -> 2856 | I8: =(D8-G8) -> 7113 | J8: 5283 | K8: =(G8+H8)/(2*G8+H8+I8+J8) -> 0.26571709 | L8: =(G8+I8+J8)/(2*G8+H8+I8+J8) -> 0.73428291 | M8: =SUM(K8:L8) -> 1 | O8: =C8/(F8+J8) -> 0.30383017 | P8: =J8/(J8+F8) -> 0.29669774 | Q8: =I8/(F8+J8) -> 0.39947209 | R8: =O8+P8+Q8 -> 1 | T8: =H8/(J8+F8) -> 0.16039537 | U8: =J8/(J8+F8) -> 0.29669774 | V8: =I8/(F8+J8) -> 0.39947209 | W8: =SUM(T8:V8) -> 0.8565652
A9: Europe | B9: Atlantic Northeast, Mediterranean and Black sea | C9: 739 | D9: 12362 | E9: =SUM(C9:D9) -> 13101 | F9: 12523 | G9: =E9-F9 -> 578 | H9: =(C9-G9) -> 161 | I9: =(D9-G9) -> 11784 | J9: 5283 | K9: =(G9+H9)/(2*G9+H9+I9+J9) -> 0.040197998 | L9: =(G9+I9+J9)/(2*G9+H9+I9+J9) -> 0.959802 | M9: =SUM(K9:L9) -> 1 | O9: =C9/(F9+J9) -> 0.041502864 | P9: =J9/(J9+F9) -> 0.29669774 | Q9: =I9/(F9+J9) -> 0.66179939 | R9: =O9+P9+Q9 -> 1 | T9: =H9/(J9+F9) -> 0.009041896 | U9: =J9/(J9+F9) -> 0.29669774 | V9: =I9/(F9+J9) -> 0.66179939 | W9: =SUM(T9:V9) -> 0.96753903
A10: Africa + Middle East | B10: Atlantic eastern central, Mediterranean and Black sea, Atlantic Southeast, Indian Ocean Western | C10: 4787 | D10: 10808 | E10: =SUM(C10:D10) -> 15595 | F10: 12523 | G10: =E10-F10 -> 3072 | H10: =(C10-G10) -> 1715 | I10: =(D10-G10) -> 7736 | J10: 5283 | K10: =(G10+H10)/(2*G10+H10+I10+J10) -> 0.22928441 | L10: =(G10+I10+J10)/(2*G10+H10+I10+J10) -> 0.77071559 | M10: =SUM(K10:L10) -> 1 | O10: =C10/(F10+J10) -> 0.26884196 | P10: =J10/(J10+F10) -> 0.29669774 | Q10: =I10/(F10+J10) -> 0.43446029 | R10: =O10+P10+Q10 -> 1 | T10: =H10/(J10+F10) -> 0.096315849 | U10: =J10/(J10+F10) -> 0.29669774 | V10: =I10/(F10+J10) -> 0.43446029 | W10: =SUM(T10:V10) -> 0.82747389
A11: Central Asia | B11: Indian Ocean Western, Pacific Northwest | C11: 5601 | D11: 11181 | E11: =SUM(C11:D11) -> 16782 | F11: 12523 | G11: =E11-F11 -> 4259 | H11: =(C11-G11) -> 1342 | I11: =(D11-G11) -> 6922 | J11: 5283 | K11: =(G11+H11)/(2*G11+H11+I11+J11) -> 0.25384092 | L11: =(G11+I11+J11)/(2*G11+H11+I11+J11) -> 0.74615908 | M11: =SUM(K11:L11) -> 1 | O11: =C11/(F11+J11) -> 0.31455689 | P11: =J11/(J11+F11) -> 0.29669774 | Q11: =I11/(F11+J11) -> 0.38874537 | R11: =O11+P11+Q11 -> 1 | T11: =H11/(J11+F11) -> 0.075367854 | U11: =J11/(J11+F11) -> 0.29669774 | V11: =I11/(F11+J11) -> 0.38874537 | W11: =SUM(T11:V11) -> 0.76081096
A12: Southeast Asia | B12: Indian Ocean Eastern, Indian Ocean Western, Pacific Northwest, Pacific Western Central | C12: 7971 | D12: 7602 | E12: =SUM(C12:D12) -> 15573 | F12: 12523 | G12: =E12-F12 -> 3050 | H12: =(C12-G12) -> 4921 | I12: =(D12-G12) -> 4552 | J12: 5283 | K12: =(G12+H12)/(2*G12+H12+I12+J12) -> 0.38219217 | L12: =(G12+I12+J12)/(2*G12+H12+I12+J12) -> 0.61780783 | M12: =SUM(K12:L12) -> 1 | O12: =C12/(F12+J12) -> 0.44765809 | P12: =J12/(J12+F12) -> 0.29669774 | Q12: =I12/(F12+J12) -> 0.25564416 | R12: =O12+P12+Q12 -> 1 | T12: =H12/(J12+F12) -> 0.27636752 | U12: =J12/(J12+F12) -> 0.29669774 | V12: =I12/(F12+J12) -> 0.25564416 | W12: =SUM(T12:V12) -> 0.82870942
A13: Northern regions | B13: Arctic Sea, Atlantic North East, Atlantic Northwest, Pacific Northwest, Pacific Northeast | C13: 4662 | D13: 11954 | E13: =SUM(C13:D13) -> 16616 | F13: 12523 | G13: =E13-F13 -> 4093 | H13: =(C13-G13) -> 569 | I13: =(D13-G13) -> 7861 | J13: 5283 | K13: =(G13+H13)/(2*G13+H13+I13+J13) -> 0.21288643 | L13: =(G13+I13+J13)/(2*G13+H13+I13+J13) -> 0.78711357 | M13: =SUM(K13:L13) -> 1 | O13: =C13/(F13+J13) -> 0.26182186 | P13: =J13/(J13+F13) -> 0.29669774 | Q13: =I13/(F13+J13) -> 0.4414804 | R13: =O13+P13+Q13 -> 1 | T13: =H13/(J13+F13) -> 0.031955521 | U13: =J13/(J13+F13) -> 0.29669774 | V13: =I13/(F13+J13) -> 0.4414804 | W13: =SUM(T13:V13) -> 0.77013366
A14: Oceania | B14: Indian Ocean Eastern, Pacific Western Central, Pacific Southwest | C14: 3031 | D14: 10203 | E14: =SUM(C14:D14) -> 13234 | F14: 12523 | G14: =E14-F14 -> 711 | H14: =(C14-G14) -> 2320 | I14: =(D14-G14) -> 9492 | J14: 5283 | K14: =(G14+H14)/(2*G14+H14+I14+J14) -> 0.16368742 | L14: =(G14+I14+J14)/(2*G14+H14+I14+J14) -> 0.83631258 | M14: =SUM(K14:L14) -> 1 | O14: =C14/(F14+J14) -> 0.17022352 | P14: =J14/(J14+F14) -> 0.29669774 | Q14: =I14/(F14+J14) -> 0.53307874 | R14: =O14+P14+Q14 -> 1 | T14: =H14/(J14+F14) -> 0.13029316 | U14: =J14/(J14+F14) -> 0.29669774 | V14: =I14/(F14+J14) -> 0.53307874 | W14: =SUM(T14:V14) -> 0.96006964
H16: =SUM(H7:H14) -> 15438 | K16: =SUM(K6:K14) -> 1.7810218 | O16: =SUM(O7:O14) -> 2.0860384 | T16: =SUM(T7:T14) -> 0.86701112
D17: Continental (20%) | E17: Global (30%) | H17: =H16-F7 -> 2915
C18: Water surface (29.5%) | D18: =0.2*29.5/100 -> 0.059 | E18: =0.3*29.5/100 -> 0.0885
C19: Water column (15.1%) | D19: =0.2*15.1/100 -> 0.0302 | E19: =0.3*15.1/100 -> 0.0453
C20: Sediments (55.4%) | D20: =0.2*55.4/100 -> 0.1108 | E20: =0.3*55.4/100 -> 0.1662
C21: Sum | D21: =SUM(D18:D20) -> 0.2 | E21: =SUM(E18:E20) -> 0.3
C22: Sum | D22: =SUM(D21:E21) -> 0.5

Sheet 4.2.Calc_regio_depth_surface
B2: Calculations of regionalized depth and surface area for lake and river
B4: Data calculated with HydroATLAS | D4: (Lehner et al., 2022) (Linke et al., 2019)
B6: Continental landscape:
C8: Lake water | E8: River water | G8: Fraction of suface water | I8: Fraction of land | K8: fraction of total surface water (USEtox)
B9: Region | C9: Depth (m) | D9: Surface area in HydroLake (km2) | E9: Depth (m) | F9: Surface area in HydroRiver (km2) | G9: Lake water | H9: River water | I9: Lake water | J9: River water
B10: North America | C10: 29.533 | D10: 1271343 | E10: 2.3696042 | F10: 52438 | G10: =D10/(D10+F10) -> 0.96038771 | H10: =F10/(F10+D10) -> 0.039612292 | I10: =G10*$K10 -> 0.083169844 | J10: =H10*$K10 -> 0.0034304356 | K10: 0.08660028
B11: Latin America | C11: 25.706 | D11: 167125 | E11: 4.3917246 | F11: 84966 | G11: =D11/(D11+F11) -> 0.66295504 | H11: =F11/(F11+D11) -> 0.33704496 | I11: =G11*$K11 -> 0.012684412 | J11: =H11*$K11 -> 0.0064487285 | K11: 0.01913314
B12: Europe | C12: 26.89 | D12: 70469 | E12: 1.9467369 | F12: 13854 | G12: =D12/(D12+F12) -> 0.83570319 | H12: =F12/(F12+D12) -> 0.16429681 | I12: =G12*$K12 -> 0.025460718 | J12: =H12*$K12 -> 0.0050055029 | K12: 0.030466221
B13: Africa+Middle East | C13: 115.865 | D13: 275273 | E13: 2.4790569 | F13: 2590 | G13: =D13/(D13+F13) -> 0.99067886 | H13: =F13/(F13+D13) -> 0.0093211403 | I13: =G13*$K13 -> 0.013897746 | J13: =H13*$K13 -> 0.00013076169 | K13: 0.014028507
B14: Central Asia | C14: 33.135 | D14: 149410 | E14: 2.2211414 | F14: 12278 | G14: =D14/(D14+F14) -> 0.92406363 | H14: =F14/(F14+D14) -> 0.075936371 | I14: =G14*$K14 -> 0.027333048 | J14: =H14*$K14 -> 0.0022461359 | K14: 0.029579184
B15: Southeast Asia | C15: 17.388 | D15: 145980 | E15: 3.3070096 | F15: 67014 | G15: =D15/(D15+F15) -> 0.68537142 | H15: =F15/(F15+D15) -> 0.31462858 | I15: =G15*$K15 -> 0.026854951 | J15: =H15*$K15 -> 0.012328111 | K15: 0.039183062
B16: Northern regions | C16: 131.869 | D16: 790511 | E16: 2.9280377 | F16: 71438 | G16: =D16/(D16+F16) -> 0.91712039 | H16: =F16/(F16+D16) -> 0.082879614 | I16: =G16*$K16 -> 0.051861908 | J16: =H16*$K16 -> 0.0046867292 | K16: 0.056548638
B17: Oceania | C17: 8.809 | D17: 56611 | E17: 1.0055754 | F17: 8711 | G17: =D17/(D17+F17) -> 0.86664523 | H17: =F17/(F17+D17) -> 0.13335477 | I17: =G17*$K17 -> 0.0058477675 | J17: =H17*$K17 -> 0.0008998234 | K17: 0.0067475909
B18: World | D18: =SUM(D10:D17) -> 2926722 | F18: =SUM(F10:F17) -> 313289 | G18: =D18/(D18+F18) -> 0.90330619 | H18: =F18/(F18+D18) -> 0.096693808
B20: Global landscape:
K21: Intermediate columns
C22: Lake water | E22: River water | G22: Fraction of suface water | I22: Fraction of land | K22: Depth * surface area
B23: Region | C23: Depth (m) | D23: Surface area (km2) | E23: Depth (m) | F23: Surface area (km2) | G23: Lake water | H23: River water | I23: Lake water | J23: River water | K23: Lake water | L23: River water | M23: Fraction of total surface water (USEtox)
B24: North America | C24: =(SUM($K$24:$K$31)-K24)/(SUM($D$10:$D$17)-D10) -> 90.805257 | D24: =(SUM($D$10:$D$17)-D10) -> 1655379 | E24: =(SUM($L$24:$L$31)-L24)/(SUM($F$10:$F$17)-F10) -> 3.3481105 | F24: =SUM($F$10:$F$17)-F10 -> 260851 | G24: =D24/(D24+F24) -> 0.86387281 | H24: =F24/(D24+F24) -> 0.13612719 | I24: =G24*M24 -> 0.023643521 | J24: =H24*M24 -> 0.0037256943 | K24: =C10*D10 -> 37546573 | L24: =E10*F10 -> 124257.31 | M24: 0.027369215
B25: Latin America | C25: =(SUM($K$24:$K$31)-K25)/(SUM($D$10:$D$17)-D11) -> 66.519703 | D25: =(SUM($D$10:$D$17)-D11) -> 2759597 | E25: =(SUM($L$24:$L$31)-L25)/(SUM($F$10:$F$17)-F11) -> 2.7350201 | F25: =SUM($F$10:$F$17)-F11 -> 228323 | G25: =D25/(D25+F25) -> 0.92358463 | H25: =F25/(D25+F25) -> 0.076415366 | I25: =G25*M25 -> 0.033374003 | J25: =H25*M25 -> 0.0027612917 | K25: =C11*D11 -> 4296115.2 | L25: =E11*F11 -> 373147.27 | M25: 0.036135294
B26: Europe | C26: =(SUM($K$24:$K$31)-K26)/(SUM($D$10:$D$17)-D12) -> 65.10935 | D26: =(SUM($D$10:$D$17)-D12) -> 2856253 | E26: =(SUM($L$24:$L$31)-L26)/(SUM($F$10:$F$17)-F12) -> 3.2415889 | F26: =SUM($F$10:$F$17)-F12 -> 299435 | G26: =D26/(D26+F26) -> 0.90511261 | H26: =F26/(D26+F26) -> 0.094887391 | I26: =G26*M26 -> 0.030570453 | J26: =H26*M26 -> 0.0032048504 | K26: =C12*D12 -> 1894911.4 | L26: =E12*F12 -> 26970.093 | M26: 0.033775304
B27: Africa+Middle East | C27: =(SUM($K$24:$K$31)-K27)/(SUM($D$10:$D$17)-D13) -> 58.82413 | D27: =(SUM($D$10:$D$17)-D13) -> 2651449 | E27: =(SUM($L$24:$L$31)-L27)/(SUM($F$10:$F$17)-F13) -> 3.1902083 | F27: =SUM($F$10:$F$17)-F13 -> 310699 | G27: =D27/(D27+F27) -> 0.89511024 | H27: =F27/(D27+F27) -> 0.10488976 | I27: =G27*M27 -> 0.03581244 | J27: =H27*M27 -> 0.0041965315 | K27: =C13*D13 -> 31894506 | L27: =E13*F13 -> 6420.7573 | M27: 0.040008971
B28: Central Asia | C28: =(SUM($K$24:$K$31)-K28)/(SUM($D$10:$D$17)-D14) -> 65.859719 | D28: =(SUM($D$10:$D$17)-D14) -> 2777312 | E28: =(SUM($L$24:$L$31)-L28)/(SUM($F$10:$F$17)-F14) -> 3.2236167 | F28: =SUM($F$10:$F$17)-F14 -> 301011 | G28: =D28/(D28+F28) -> 0.90221591 | H28: =F28/(D28+F28) -> 0.097784086 | I28: =G28*M28 -> 0.030787933 | J28: =H28*M28 -> 0.0033368619 | K28: =C14*D14 -> 4950700.3 | L28: =E14*F14 -> 27271.174 | M28: 0.034124795
B29: Southeast Asia | C29: =(SUM($K$24:$K$31)-K29)/(SUM($D$10:$D$17)-D15) -> 66.64602 | D29: =(SUM($D$10:$D$17)-D15) -> 2780742 | E29: =(SUM($L$24:$L$31)-L29)/(SUM($F$10:$F$17)-F15) -> 3.1509464 | F29: =SUM($F$10:$F$17)-F15 -> 246275 | G29: =D29/(D29+F29) -> 0.91864103 | H29: =F29/(D29+F29) -> 0.081358975 | I29: =G29*M29 -> 0.030123706 | J29: =H29*M29 -> 0.0026678907 | K29: =C15*D15 -> 2538300.2 | L29: =E15*F15 -> 221615.94 | M29: 0.032791596
B30: Northern regions | C30: =(SUM($K$24:$K$31)-K30)/(SUM($D$10:$D$17)-D16) -> 39.143976 | D30: =(SUM($D$10:$D$17)-D16) -> 2136211 | E30: =(SUM($L$24:$L$31)-L30)/(SUM($F$10:$F$17)-F16) -> 3.2600325 | F30: =SUM($F$10:$F$17)-F16 -> 241851 | G30: =D30/(D30+F30) -> 0.89829912 | H30: =F30/(D30+F30) -> 0.10170088 | I30: =G30*M30 -> 0.027011189 | J30: =H30*M30 -> 0.0030580701 | K30: =C16*D16 -> 1.042439e+08 | L30: =E16*F16 -> 209173.16 | M30: 0.030069259
B31: Oceania | C31: =(SUM($K$24:$K$31)-K31)/(SUM($D$10:$D$17)-D17) -> 65.281448 | D31: =(SUM($D$10:$D$17)-D17) -> 2870111 | E31: =(SUM($L$24:$L$31)-L31)/(SUM($F$10:$F$17)-F17) -> 3.2466419 | F31: =SUM($F$10:$F$17)-F17 -> 304578 | G31: =D31/(D31+F31) -> 0.90406052 | H31: =F31/(D31+F31) -> 0.095939476 | I31: =G31*M31 -> 0.031862099 | J31: =H31*M31 -> 0.0033812262 | K31: =C17*D17 -> 498686.3 | L31: =E17*F17 -> 8759.5677 | M31: 0.035243325

Sheet References
B2: References
B4: Chamas, A., Moon, H., Zheng, J., Qiu, Y., Tabassum, T., Jang, J. H., Abu-Omar, M., Scott, S. L., & Suh, S. (2020). Degradation Rates of Plastics in the Environment. ACS Sustainable Chemistry & Engineering, 8(9), 3494‑3511. https://doi.org/10.1021/acssuschemeng.9b06635
B5: Corella-Puertas, E., Hajjar, C., Lavoie, J., & Boulay, A.-M. (2023). MarILCA characterization factors for microplastic impacts in life cycle assessment : Physical effects on biota from emissions to aquatic environments. Journal of Cleaner Production, 418, 138197. https://doi.org/10.1016/j.jclepro.2023.138197
B6: Kounina, A., Margni, M., Shaked, S., Bulle, C., & Jolliet, O. (2014). Spatial analysis of toxic emissions in LCA : A sub-continental nested USEtox model with freshwater archetypes. Environment International, 69, 67‑89. https://doi.org/10.1016/j.envint.2014.04.004
B7: Lehner, B., Messager, M. L., Korver, M. C., & Linke, S. (2022). Global hydro-environmental lake characteristics at high spatial resolution. Scientific Data, 9(1), 351. https://doi.org/10.1038/s41597-022-01425-z
B8: Linke, S., Lehner, B., Ouellet Dallaire, C., Ariwi, J., Grill, G., Anand, M., Beames, P., Burchard-Levine, V., Maxwell, S., Moidu, H., Tan, F., & Thieme, M. (2019). Global hydro-environmental sub-basin and river reach characteristics at high spatial resolution. Scientific Data, 6(1), 283. https://doi.org/10.1038/s41597-019-0300-6
B9: Maga, D., Galafton, C., Blömer, J., Thonemann, N., Özdamar, A., & Bertling, J. (2022). Methodology to address potential impacts of plastic emissions in life cycle assessment. The International Journal of Life Cycle Assessment, 27(3), 469‑491. https://doi.org/10.1007/s11367-022-02040-1
B10: Rosenbaum, R. K., Bachmann, T. M., Gold, L. S., Huijbregts, M. A. J., Jolliet, O., Juraske, R., Koehler, A., Larsen, H. F., MacLeod, M., Margni, M., McKone, T. E., Payet, J., Schuhmacher, M., Van De Meent, D., & Hauschild, M. Z. (2008). USEtox—the UNEP-SETAC toxicity model : Recommended characterisation factors for human toxicity and freshwater ecotoxicity in life cycle impact assessment. The International Journal of Life Cycle Assessment, 13(7), 532‑546. https://doi.org/10.1007/s11367-008-0038-4
B12: Saadi et al.
B13: Tunali & Nowack
B14: Smith et al. (2021) | C14: cotton deg in soil
B15: Li et al. (2010) | C15: cotton deg in soil
B16: Saadi & Boulay (2026)
