Workbook
Name AREAland.C: [1]input!$L$287
Name AREAland.R: [1]input!$L$259
Name AREAsea.C: [1]input!$L$288
Name AREAsea.R: [1]input!$L$260
Name DEPTHfreshwater.C: [1]input!$L$300
Name DEPTHfreshwater.R: [1]input!$L$270
Name DEPTHlake.C: [1]input!$L$299
Name DEPTHlake.R: [1]input!$L$269
Name FRACagsoil.C: [1]input!$L$294
Name FRACfresh.C: [1]input!$L$292
Name FRAClake.C: [1]input!$L$291
Name FRACnatsoil.C: [1]input!$L$293
Name FRACothersoil.C: [1]input!$L$295
Name période_sélectionnée: [2]Echéancier!$H$2
Name PériodeDansPlan: [2]Echéancier!A$5=MEDIAN([2]Echéancier!A$5,[2]Echéancier!$C1,[2]Echéancier!$C1+[2]Echéancier!$D1-1)
Name PériodeDansRéel: [2]Echéancier!A$5=MEDIAN([2]Echéancier!A$5,[2]Echéancier!$E1,[2]Echéancier!$E1+[2]Echéancier!$F1-1)
Name Plan: PériodeDansPlan*([2]Echéancier!$C1>0)
Name PourcentageAccompli: PourcentageAccompliAuDelà*PériodeDansPlan
Name Réel: (PériodeDansRéel*([2]Echéancier!$E1>0))*PériodeDansPlan
Name RéelAuDelà: PériodeDansRéel*([2]Echéancier!$E1>0)
Name RegionBaseRowNr: [3]Run!$F$10
Name SYSTEMAREA.C: [1]continental!$L$16
Name SYSTEMAREA.R: [1]regional!$L$16

Sheet description
B3: SUPPORTING INFORMATION FOR:
B5: Saadi, N., Hajjar, C., Ospital, L., Quik, J., Corella-Puertas, E., Hids, A., Lebrun, M., Louvet, J., Tang, Y., Thonemann, N., Boulay, A.-M. (under review). MarILCA Characterization Factors for Microplastics, Tire Particles and Cellulosic Fibers in Life Cycle Assessment : Regionalized impacts in marine, freshwater and terrestrial ecosystems.
B9: Description:
B10: Supplementary information with derivation of input data for SimpleBox object-oriented (SBoo): degradation data, landscape data, UV intensity calculations, exposure and effect factors (EEFs), Species richness distribution.
B14: Table of content | D14: Description
B15: 1. Degradation data | D15: - Specific surface degradation rates (SSDRs) obtained in literature or derived in previous studies, per compartment and per polymer. A range of values is given to reprsent the full range of degradation rate data available, used in the uncertainty analysis. - PlasticFADE degradation model data given in Tang & Boulay (under reivew). SimpleBox uses these inputs by default, if available for a specific polymer.
C16: 1.1. SSDRs for water compartments
C17: 1.2. SSDRs for sediment compartments
C18: 1.3. SSDRs for soil compartments
C19: 1.4. PlasticFADE constants
B20: 2. Transfer rates in the marine environment | D20: Default sedimentation rates are input when SBoo returns a settling velocity of 0 m/s (for particles with density lower than that of water). However, for the marine environment, these default settling velocities are not used, as TrackMPD is used to derive settling velocities from water surface to water column, from water column to sediments, at continental and global scales. These settling velocities can be found here.
C21: 2.1. Default sedimentation rates for low density polymers
C22: 2.2. TrackMPD results
B23: 3. SimpleBox object-oriented input | D23: SimpleBox directly reads these sheets to retrive data for fate factors and characterization factors calculations. The sheet contains regional landscape data (e.g. rainrate, wind speed, depth of compartments), polymer data (e.g. degradation rates, density), TrackMPD transfer rates, exposure and effect data (in water, soil, and sediments), and confidence intervals (distribution) when available.
C24: 3.1. Regional landscape data
C25: 3.2. Polymer data
C26: 3.3. Polymer data for uncertainty analysis
C27: 3.4. Exposure and effect factors per compartment with their distribution
C28: 3.5. TrackMPD transfer rates between marine compartments
B29: 4.1. Aggregation data | D29: - Data used to derive the percentage of species in marine environments, for each continent and the global scale (IUCN). - GEP values per continent, per ecosystem used for GLAM compatible units.
C30: 4.1. Marine species richness data
C31: 4.2. Global exctinction probability (GEP)
B32: 5. USEtox data | D32: USEtox HC20s for water, used to compare to the HC20 of microplastics. Only used to generate graphs. Data taken from Douziech et al. (2024).
C33: 5.1. Effect factors
C34: 5.2. Characterization factors
B35: References | D35: References to the data used in each sheet.

Sheet 1.1.SSDR_water
B2: SSDR water
B4: SSDR values are taken from Louvet et al. (2026), Saadi et al. (2025), Saadi & Boulay (2026), and Corella-Puertas et al. (2023). SBoo requires [m/s] as an input for Kssdr. It is assumed that SSDRs are log-normally distributed (Corella-Puertas et al., 2023), and that the lower to upper limit represents the 99% confidence interval (CI), from which the distribution parameters are derived and used as an input in SBoo (for probabilistic solver). However, when plasticFADE model empirical degradation constants (and their CI) are available, they are used as input to compute degradation rates, ignoring the values below.
I5: log-normal distribution | J5: z_0.995 = | K5: 2.576
B6: Polymer type | C6: Geometric mean SSDR [µm/year] | D6: Lower limit SSDR [µm/year] | E6: Upper limit SSDR [µm/year] | F6: Geometric mean SSDR [m/s] | G6: Lower limit SSDR [m/s] | H6: Upper limit SSDR [m/s] | I6: mu | J6: sigma
B7: EPS | C7: =GEOMEAN(D7,E7) -> 0.031622777 | D7: 0.001 | E7: 1 | F7: =GEOMEAN(G7:H7) -> 1.0027517e-15 | G7: =(D7*0.000001)/(365*24*3600) -> 3.1709792e-17 | H7: =(E7*0.000001)/(365*24*3600) -> 3.1709792e-14 | I7: =LN(F7) -> -34.536029 | J7: =(LN(H7)-LN(G7))/(2*$K$5) -> 1.340791
B8: HDPE | C8: =GEOMEAN(D8,E8) -> 0.10954451 | D8: 0.001 | E8: 12 | F8: =GEOMEAN(G8:H8) -> 3.4736337e-15 | G8: =(D8*0.000001)/(365*24*3600) -> 3.1709792e-17 | H8: =(E8*0.000001)/(365*24*3600) -> 3.805175e-13 | I8: =LN(F8) -> -33.293575 | J8: =(LN(H8)-LN(G8))/(2*$K$5) -> 1.8231098
B9: LDPE | C9: =GEOMEAN(D9,E9) -> 0.19498718 | D9: 0.001 | E9: 38.02 | F9: =GEOMEAN(G9:H9) -> 6.1830029e-15 | G9: =(D9*0.000001)/(365*24*3600) -> 3.1709792e-17 | H9: =(E9*0.000001)/(365*24*3600) -> 1.2056063e-12 | I9: =LN(F9) -> -32.716972 | J9: =(LN(H9)-LN(G9))/(2*$K$5) -> 2.0469464
B10: PA_Nylon | C10: =GEOMEAN(D10,E10) -> 3.2 | D10: 0.032 | E10: 320 | F10: =GEOMEAN(G10:H10) -> 1.0147133e-13 | G10: =(D10*0.000001)/(365*24*3600) -> 1.0147133e-15 | H10: =(E10*0.000001)/(365*24*3600) -> 1.0147133e-11 | I10: =LN(F10) -> -29.919 | J10: =(LN(H10)-LN(G10))/(2*$K$5) -> 1.7877213
B11: PET | C11: =GEOMEAN(D11,E11) -> 0.32403703 | D11: 0.001 | E11: 105 | F11: =GEOMEAN(G11:H11) -> 1.0275147e-14 | G11: =(D11*0.000001)/(365*24*3600) -> 3.1709792e-17 | H11: =(E11*0.000001)/(365*24*3600) -> 3.3295282e-12 | I11: =LN(F11) -> -32.209048 | J11: =(LN(H11)-LN(G11))/(2*$K$5) -> 2.2441218
B12: PP | C12: =GEOMEAN(D12,E12) -> 1.2328828 | D12: 0.2 | E12: 7.6 | F12: =GEOMEAN(G12:H12) -> 3.9094457e-14 | G12: =(D12*0.000001)/(365*24*3600) -> 6.3419584e-15 | H12: =(E12*0.000001)/(365*24*3600) -> 2.4099442e-13 | I12: =LN(F12) -> -30.872796 | J12: =(LN(H12)-LN(G12))/(2*$K$5) -> 0.70605321
B13: PS | C13: =GEOMEAN(D13,E13) -> 0.031622777 | D13: 0.001 | E13: 1 | F13: =GEOMEAN(G13:H13) -> 1.0027517e-15 | G13: =(D13*0.000001)/(365*24*3600) -> 3.1709792e-17 | H13: =(E13*0.000001)/(365*24*3600) -> 3.1709792e-14 | I13: =LN(F13) -> -34.536029 | J13: =(LN(H13)-LN(G13))/(2*$K$5) -> 1.340791
B14: PVC | C14: =GEOMEAN(D14,E14) -> 0.01 | D14: 0.001 | E14: 0.1 | F14: =GEOMEAN(G14:H14) -> 3.1709792e-16 | G14: =(D14*0.000001)/(365*24*3600) -> 3.1709792e-17 | H14: =(E14*0.000001)/(365*24*3600) -> 3.1709792e-15 | I14: =LN(F14) -> -35.687321 | J14: =(LN(H14)-LN(G14))/(2*$K$5) -> 0.89386067
B15: PU | C15: =GEOMEAN(D15,E15) -> 0.25248762 | D15: 0.001 | E15: 63.75 | F15: =GEOMEAN(G15:H15) -> 8.00633e-15 | G15: =(D15*0.000001)/(365*24*3600) -> 3.1709792e-17 | H15: =(E15*0.000001)/(365*24*3600) -> 2.0214992e-12 | I15: =LN(F15) -> -32.458544 | J15: =(LN(H15)-LN(G15))/(2*$K$5) -> 2.1472679
B16: PAN | C16: =GEOMEAN(D16,E16) -> 0.01 | D16: 0.001 | E16: 0.1 | F16: =GEOMEAN(G16:H16) -> 3.1709792e-16 | G16: =(D16*0.000001)/(365*24*3600) -> 3.1709792e-17 | H16: =(E16*0.000001)/(365*24*3600) -> 3.1709792e-15 | I16: =LN(F16) -> -35.687321 | J16: =(LN(H16)-LN(G16))/(2*$K$5) -> 0.89386067
B17: TRWP | C17: - | D17: - | E17: - | F17: =GEOMEAN(G17:H17) -> 3.3287916e-15 | G17: 3.16881e-17 | H17: 3.49685e-13 | I17: =LN(F17) -> -33.336167 | J17: =(LN(H17)-LN(G17))/(2*$K$5) -> 1.8068414
B18: PHA | C18: =GEOMEAN(D18,E18) -> 112.62327 | D18: 7.55 | E18: 1680 | F18: =GEOMEAN(G18:H18) -> 3.5712603e-12 | G18: =(D18*0.000001)/(365*24*3600) -> 2.3940893e-13 | H18: =(E18*0.000001)/(365*24*3600) -> 5.3272451e-11 | I18: =LN(F18) -> -26.358103 | J18: =(LN(H18)-LN(G18))/(2*$K$5) -> 1.0491074
B19: PLA | C19: =GEOMEAN(D19,E19) -> 0.08660254 | D19: 0.001 | E19: 7.5 | F19: =GEOMEAN(G19:H19) -> 2.7461485e-15 | G19: =(D19*0.000001)/(365*24*3600) -> 3.1709792e-17 | H19: =(E19*0.000001)/(365*24*3600) -> 2.3782344e-13 | I19: =LN(F19) -> -33.528577 | J19: =(LN(H19)-LN(G19))/(2*$K$5) -> 1.7318824
B20: PCL | C20: =GEOMEAN(D20,E20) -> 14.839903 | D20: 1.31416 | E20: 167.5768 | F20: =GEOMEAN(G20:H20) -> 4.7057024e-13 | G20: =(D20*0.000001)/(365*24*3600) -> 4.167174e-14 | H20: =(E20*0.000001)/(365*24*3600) -> 5.3138255e-12 | I20: =LN(F20) -> -28.384831 | J20: =(LN(H20)-LN(G20))/(2*$K$5) -> 0.94104116
B21: PBSA | C21: =GEOMEAN(D21,E21) -> 1.5655184 | D21: 0.608 | E21: 4.031 | F21: =GEOMEAN(G21:H21) -> 4.9642264e-14 | G21: =(D21*0.000001)/(365*24*3600) -> 1.9279554e-14 | H21: =(E21*0.000001)/(365*24*3600) -> 1.2782217e-13 | I21: =LN(F21) -> -30.633934 | J21: =(LN(H21)-LN(G21))/(2*$K$5) -> 0.36715739
B22: starch_blend | C22: 101.29 | D22: =C22/10 -> 10.129 | E22: =C22*10 -> 1012.9 | F22: =GEOMEAN(G22:H22) -> 3.2118848e-12 | G22: =(D22*0.000001)/(365*24*3600) -> 3.2118848e-13 | H22: =(E22*0.000001)/(365*24*3600) -> 3.2118848e-11 | I22: =LN(F22) -> -26.464163 | J22: =(LN(H22)-LN(G22))/(2*$K$5) -> 0.89386067
B23: PBAT | C23: =GEOMEAN(D23,E23) -> 11.752936 | D23: 10.27 | E23: 13.45 | F23: =GEOMEAN(G23:H23) -> 3.7268315e-13 | G23: =(D23*0.000001)/(365*24*3600) -> 3.2565956e-13 | H23: =(E23*0.000001)/(365*24*3600) -> 4.264967e-13 | I23: =LN(F23) -> -28.618048 | J23: =(LN(H23)-LN(G23))/(2*$K$5) -> 0.052358712
B24: Cotton | C24: =GEOMEAN(D24,E24) -> 18.300786 | D24: 5.9971847 | E24: 55.845997 | F24: =GEOMEAN(G24:H24) -> 5.8031411e-13 | G24: =(D24*0.000001)/(365*24*3600) -> 1.9016948e-13 | H24: =(E24*0.000001)/(365*24*3600) -> 1.770865e-12 | I24: =LN(F24) -> -28.175207 | J24: =(LN(H24)-LN(G24))/(2*$K$5) -> 0.43309544
B25: Linen | C25: =GEOMEAN(D25,E25) -> 32.689902 | D25: 21.74 | E25: 49.155 | F25: =GEOMEAN(G25:H25) -> 1.03659e-12 | G25: =(D25*0.000001)/(365*24*3600) -> 6.8937088e-13 | H25: =(E25*0.000001)/(365*24*3600) -> 1.5586948e-12 | I25: =LN(F25) -> -27.595085 | J25: =(LN(H25)-LN(G25))/(2*$K$5) -> 0.15835107
B26: Viscose | C26: =GEOMEAN(D26,E26) -> 24.559331 | D26: 21.922321 | E26: 27.513544 | F26: =GEOMEAN(G26:H26) -> 7.7877128e-13 | G26: =(D26*0.000001)/(365*24*3600) -> 6.9515223e-13 | H26: =(E26*0.000001)/(365*24*3600) -> 8.7244877e-13 | I26: =LN(F26) -> -27.881059 | J26: =(LN(H26)-LN(G26))/(2*$K$5) -> 0.044094154
B27: Rayon | C27: =GEOMEAN(D27,E27) -> 24.559331 | D27: 21.922321 | E27: 27.513544 | F27: =GEOMEAN(G27:H27) -> 7.7877128e-13 | G27: =(D27*0.000001)/(365*24*3600) -> 6.9515223e-13 | H27: =(E27*0.000001)/(365*24*3600) -> 8.7244877e-13 | I27: =LN(F27) -> -27.881059 | J27: =(LN(H27)-LN(G27))/(2*$K$5) -> 0.044094154
B28: Lyocell | C28: =GEOMEAN(D28,E28) -> 39.899771 | D28: 37.799367 | E28: 42.116889 | F28: =GEOMEAN(G28:H28) -> 1.2652134e-12 | G28: =(D28*0.000001)/(365*24*3600) -> 1.1986101e-12 | H28: =(E28*0.000001)/(365*24*3600) -> 1.3355178e-12 | I28: =LN(F28) -> -27.39578 | J28: =(LN(H28)-LN(G28))/(2*$K$5) -> 0.020993104
B29: Modal | C29: =GEOMEAN(D29,E29) -> 51.909814 | D29: 49.834159 | E29: 54.071923 | F29: =GEOMEAN(G29:H29) -> 1.6460494e-12 | G29: =(D29*0.000001)/(365*24*3600) -> 1.5802308e-12 | H29: =(E29*0.000001)/(365*24*3600) -> 1.7146094e-12 | I29: =LN(F29) -> -27.132643 | J29: =(LN(H29)-LN(G29))/(2*$K$5) -> 0.015841305

Sheet 1.2.SSDR_sediment
B2: SSDR sediment
B4: SSDR values are taken from Louvet et al. (2026), Saadi et al. (2025), Saadi & Boulay (2026), and Corella-Puertas et al. (2023). SBoo requires [m/s] as an input for Kssdr. It is assumed that SSDRs are log-normally distributed (Corella-Puertas et al., 2023), and that the lower to upper limit represents the 99% confidence interval (CI), from which the distribution parameters are derived and used as an input in SBoo (for probabilistic solver). However, when plasticFADE model empirical degradation constants (and their CI) are available, they are used as input to compute degradation rates, ignoring the values below.
I5: log-normal distribution | J5: z_0.995 = | K5: 2.576
B6: Polymer type | C6: Geometric mean SSDR [µm/year] | D6: Lower limit SSDR [µm/year] | E6: Upper limit SSDR [µm/year] | F6: Geometric mean SSDR [m/s] | G6: Lower limit SSDR [m/s] | H6: Upper limit SSDR [m/s] | I6: mu | J6: sigma
B7: EPS | C7: =GEOMEAN(D7,E7) -> 0.031622777 | D7: 0.001 | E7: 1 | F7: =GEOMEAN(G7:H7) -> 1.0027517e-15 | G7: =(D7*0.000001)/(365*24*3600) -> 3.1709792e-17 | H7: =(E7*0.000001)/(365*24*3600) -> 3.1709792e-14 | I7: =LN(F7) -> -34.536029 | J7: =(LN(H7)-LN(G7))/(2*$K$5) -> 1.340791
B8: HDPE | C8: =GEOMEAN(D8,E8) -> 0.10954451 | D8: 0.001 | E8: 12 | F8: =GEOMEAN(G8:H8) -> 3.4736337e-15 | G8: =(D8*0.000001)/(365*24*3600) -> 3.1709792e-17 | H8: =(E8*0.000001)/(365*24*3600) -> 3.805175e-13 | I8: =LN(F8) -> -33.293575 | J8: =(LN(H8)-LN(G8))/(2*$K$5) -> 1.8231098
B9: LDPE | C9: =GEOMEAN(D9,E9) -> 0.70413067 | D9: 0.67 | E9: 0.74 | F9: =GEOMEAN(G9:H9) -> 2.2327837e-14 | G9: =(D9*0.000001)/(365*24*3600) -> 2.1245561e-14 | H9: =(E9*0.000001)/(365*24*3600) -> 2.3465246e-14 | I9: =LN(F9) -> -31.432942 | J9: =(LN(H9)-LN(G9))/(2*$K$5) -> 0.019288135
B10: PA_Nylon | C10: =GEOMEAN(D10,E10) -> 3.2 | D10: 0.032 | E10: 320 | F10: =GEOMEAN(G10:H10) -> 1.0147133e-13 | G10: =(D10*0.000001)/(365*24*3600) -> 1.0147133e-15 | H10: =(E10*0.000001)/(365*24*3600) -> 1.0147133e-11 | I10: =LN(F10) -> -29.919 | J10: =(LN(H10)-LN(G10))/(2*$K$5) -> 1.7877213
B11: PET | C11: =GEOMEAN(D11,E11) -> 0.32403703 | D11: 0.001 | E11: 105 | F11: =GEOMEAN(G11:H11) -> 1.0275147e-14 | G11: =(D11*0.000001)/(365*24*3600) -> 3.1709792e-17 | H11: =(E11*0.000001)/(365*24*3600) -> 3.3295282e-12 | I11: =LN(F11) -> -32.209048 | J11: =(LN(H11)-LN(G11))/(2*$K$5) -> 2.2441218
B12: PP | C12: =GEOMEAN(D12,E12) -> 1.2328828 | D12: 0.2 | E12: 7.6 | F12: =GEOMEAN(G12:H12) -> 3.9094457e-14 | G12: =(D12*0.000001)/(365*24*3600) -> 6.3419584e-15 | H12: =(E12*0.000001)/(365*24*3600) -> 2.4099442e-13 | I12: =LN(F12) -> -30.872796 | J12: =(LN(H12)-LN(G12))/(2*$K$5) -> 0.70605321
B13: PS | C13: =GEOMEAN(D13,E13) -> 0.031622777 | D13: 0.001 | E13: 1 | F13: =GEOMEAN(G13:H13) -> 1.0027517e-15 | G13: =(D13*0.000001)/(365*24*3600) -> 3.1709792e-17 | H13: =(E13*0.000001)/(365*24*3600) -> 3.1709792e-14 | I13: =LN(F13) -> -34.536029 | J13: =(LN(H13)-LN(G13))/(2*$K$5) -> 1.340791
B14: PVC | C14: =GEOMEAN(D14,E14) -> 0.01 | D14: 0.001 | E14: 0.1 | F14: =GEOMEAN(G14:H14) -> 3.1709792e-16 | G14: =(D14*0.000001)/(365*24*3600) -> 3.1709792e-17 | H14: =(E14*0.000001)/(365*24*3600) -> 3.1709792e-15 | I14: =LN(F14) -> -35.687321 | J14: =(LN(H14)-LN(G14))/(2*$K$5) -> 0.89386067
B15: PU | C15: =GEOMEAN(D15,E15) -> 0.25248762 | D15: 0.001 | E15: 63.75 | F15: =GEOMEAN(G15:H15) -> 8.00633e-15 | G15: =(D15*0.000001)/(365*24*3600) -> 3.1709792e-17 | H15: =(E15*0.000001)/(365*24*3600) -> 2.0214992e-12 | I15: =LN(F15) -> -32.458544 | J15: =(LN(H15)-LN(G15))/(2*$K$5) -> 2.1472679
B16: PAN | C16: =GEOMEAN(D16,E16) -> 0.01 | D16: 0.001 | E16: 0.1 | F16: =GEOMEAN(G16:H16) -> 3.1709792e-16 | G16: =(D16*0.000001)/(365*24*3600) -> 3.1709792e-17 | H16: =(E16*0.000001)/(365*24*3600) -> 3.1709792e-15 | I16: =LN(F16) -> -35.687321 | J16: =(LN(H16)-LN(G16))/(2*$K$5) -> 0.89386067
B17: TRWP | C17: - | D17: - | E17: - | F17: =GEOMEAN(G17:H17) -> 3.3287916e-15 | G17: 3.16881e-17 | H17: 3.49685e-13 | I17: =LN(F17) -> -33.336167 | J17: =(LN(H17)-LN(G17))/(2*$K$5) -> 1.8068414
B18: PHA | C18: =GEOMEAN(D18,E18) -> 6.1773214 | D18: 0.23 | E18: 165.91 | F18: =GEOMEAN(G18:H18) -> 1.9588158e-13 | G18: =(D18*0.000001)/(365*24*3600) -> 7.2932522e-15 | H18: =(E18*0.000001)/(365*24*3600) -> 5.2609716e-12 | I18: =LN(F18) -> -29.261266 | J18: =(LN(H18)-LN(G18))/(2*$K$5) -> 1.2773916
B19: PLA | C19: =GEOMEAN(D19,E19) -> 0.08660254 | D19: 0.001 | E19: 7.5 | F19: =GEOMEAN(G19:H19) -> 2.7461485e-15 | G19: =(D19*0.000001)/(365*24*3600) -> 3.1709792e-17 | H19: =(E19*0.000001)/(365*24*3600) -> 2.3782344e-13 | I19: =LN(F19) -> -33.528577 | J19: =(LN(H19)-LN(G19))/(2*$K$5) -> 1.7318824
B20: PCL | C20: =GEOMEAN(D20,E20) -> 14.839903 | D20: 1.31416 | E20: 167.5768 | F20: =GEOMEAN(G20:H20) -> 4.7057024e-13 | G20: =(D20*0.000001)/(365*24*3600) -> 4.167174e-14 | H20: =(E20*0.000001)/(365*24*3600) -> 5.3138255e-12 | I20: =LN(F20) -> -28.384831 | J20: =(LN(H20)-LN(G20))/(2*$K$5) -> 0.94104116
B21: PBSA | C21: =GEOMEAN(D21,E21) -> 1.5655184 | D21: 0.608 | E21: 4.031 | F21: =GEOMEAN(G21:H21) -> 4.9642264e-14 | G21: =(D21*0.000001)/(365*24*3600) -> 1.9279554e-14 | H21: =(E21*0.000001)/(365*24*3600) -> 1.2782217e-13 | I21: =LN(F21) -> -30.633934 | J21: =(LN(H21)-LN(G21))/(2*$K$5) -> 0.36715739
B22: starch_blend | C22: 101.29 | D22: =C22/10 -> 10.129 | E22: =C22*10 -> 1012.9 | F22: =GEOMEAN(G22:H22) -> 3.2118848e-12 | G22: =(D22*0.000001)/(365*24*3600) -> 3.2118848e-13 | H22: =(E22*0.000001)/(365*24*3600) -> 3.2118848e-11 | I22: =LN(F22) -> -26.464163 | J22: =(LN(H22)-LN(G22))/(2*$K$5) -> 0.89386067
B23: PBAT | C23: =GEOMEAN(D23,E23) -> 11.752936 | D23: 10.27 | E23: 13.45 | F23: =GEOMEAN(G23:H23) -> 3.7268315e-13 | G23: =(D23*0.000001)/(365*24*3600) -> 3.2565956e-13 | H23: =(E23*0.000001)/(365*24*3600) -> 4.264967e-13 | I23: =LN(F23) -> -28.618048 | J23: =(LN(H23)-LN(G23))/(2*$K$5) -> 0.052358712
B24: Cotton | C24: =GEOMEAN(D24,E24) -> 18.300786 | D24: 5.9971847 | E24: 55.845997 | F24: =GEOMEAN(G24:H24) -> 5.8031411e-13 | G24: =(D24*0.000001)/(365*24*3600) -> 1.9016948e-13 | H24: =(E24*0.000001)/(365*24*3600) -> 1.770865e-12 | I24: =LN(F24) -> -28.175207 | J24: =(LN(H24)-LN(G24))/(2*$K$5) -> 0.43309544
B25: Linen | C25: =GEOMEAN(D25,E25) -> 32.689902 | D25: 21.74 | E25: 49.155 | F25: =GEOMEAN(G25:H25) -> 1.03659e-12 | G25: =(D25*0.000001)/(365*24*3600) -> 6.8937088e-13 | H25: =(E25*0.000001)/(365*24*3600) -> 1.5586948e-12 | I25: =LN(F25) -> -27.595085 | J25: =(LN(H25)-LN(G25))/(2*$K$5) -> 0.15835107
B26: Viscose | C26: =GEOMEAN(D26,E26) -> 24.559331 | D26: 21.922321 | E26: 27.513544 | F26: =GEOMEAN(G26:H26) -> 7.7877128e-13 | G26: =(D26*0.000001)/(365*24*3600) -> 6.9515223e-13 | H26: =(E26*0.000001)/(365*24*3600) -> 8.7244877e-13 | I26: =LN(F26) -> -27.881059 | J26: =(LN(H26)-LN(G26))/(2*$K$5) -> 0.044094154
B27: Rayon | C27: =GEOMEAN(D27,E27) -> 24.559331 | D27: 21.922321 | E27: 27.513544 | F27: =GEOMEAN(G27:H27) -> 7.7877128e-13 | G27: =(D27*0.000001)/(365*24*3600) -> 6.9515223e-13 | H27: =(E27*0.000001)/(365*24*3600) -> 8.7244877e-13 | I27: =LN(F27) -> -27.881059 | J27: =(LN(H27)-LN(G27))/(2*$K$5) -> 0.044094154
B28: Lyocell | C28: =GEOMEAN(D28,E28) -> 39.899771 | D28: 37.799367 | E28: 42.116889 | F28: =GEOMEAN(G28:H28) -> 1.2652134e-12 | G28: =(D28*0.000001)/(365*24*3600) -> 1.1986101e-12 | H28: =(E28*0.000001)/(365*24*3600) -> 1.3355178e-12 | I28: =LN(F28) -> -27.39578 | J28: =(LN(H28)-LN(G28))/(2*$K$5) -> 0.020993104
B29: Modal | C29: =GEOMEAN(D29,E29) -> 51.909814 | D29: 49.834159 | E29: 54.071923 | F29: =GEOMEAN(G29:H29) -> 1.6460494e-12 | G29: =(D29*0.000001)/(365*24*3600) -> 1.5802308e-12 | H29: =(E29*0.000001)/(365*24*3600) -> 1.7146094e-12 | I29: =LN(F29) -> -27.132643 | J29: =(LN(H29)-LN(G29))/(2*$K$5) -> 0.015841305

Sheet 1.3.SSDR_soil
B2: SSDR soil
B4: SSDR values are taken from Louvet et al. (2026), Saadi et al. (2025), Saadi & Boulay (2026), and Corella-Puertas et al. (2023). SBoo requires [m/s] as an input for Kssdr. It is assumed that SSDRs are log-normally distributed (Corella-Puertas et al., 2023), and that the lower to upper limit represents the 99% confidence interval (CI), from which the distribution parameters are derived and used as an input in SBoo (for probabilistic solver). However, when plasticFADE model empirical degradation constants (and their CI) are available, they are used as input to compute degradation rates, ignoring the values below.
I5: log-normal distribution | J5: z_0.995 = | K5: 2.576
B6: Polymer type | C6: Geometric mean SSDR [µm/year] | D6: Lower limit SSDR [µm/year] | E6: Upper limit SSDR [µm/year] | F6: Geometric mean SSDR [m/s] | G6: Lower limit SSDR [m/s] | H6: Upper limit SSDR [m/s] | I6: mu | J6: sigma | K6: Note
B7: EPS | C7: =GEOMEAN(D7,E7) -> 0.031622777 | D7: 0.001 | E7: 1 | F7: =GEOMEAN(G7:H7) -> 1.0027517e-15 | G7: =(D7*0.000001)/(365*24*3600) -> 3.1709792e-17 | H7: =(E7*0.000001)/(365*24*3600) -> 3.1709792e-14 | I7: =LN(F7) -> -34.536029 | J7: =(LN(H7)-LN(G7))/(2*$K$5) -> 1.340791
B8: HDPE | C8: =GEOMEAN(D8,E8) -> 1.1401754 | D8: 1 | E8: 1.3 | F8: =GEOMEAN(G8:H8) -> 3.6154726e-14 | G8: =(D8*0.000001)/(365*24*3600) -> 3.1709792e-14 | H8: =(E8*0.000001)/(365*24*3600) -> 4.122273e-14 | I8: =LN(F8) -> -30.950969 | J8: =(LN(H8)-LN(G8))/(2*$K$5) -> 0.050924741
B9: LDPE | C9: =GEOMEAN(D9,E9) -> 15.556349 | D9: 11 | E9: 22 | F9: =GEOMEAN(G9:H9) -> 4.932886e-13 | G9: =(D9*0.000001)/(365*24*3600) -> 3.4880771e-13 | H9: =(E9*0.000001)/(365*24*3600) -> 6.9761542e-13 | I9: =LN(F9) -> -28.337682 | J9: =(LN(H9)-LN(G9))/(2*$K$5) -> 0.13453944
B10: PA_Nylon | C10: =GEOMEAN(D10,E10) -> 3.2 | D10: 0.032 | E10: 320 | F10: =GEOMEAN(G10:H10) -> 1.0147133e-13 | G10: =(D10*0.000001)/(365*24*3600) -> 1.0147133e-15 | H10: =(E10*0.000001)/(365*24*3600) -> 1.0147133e-11 | I10: =LN(F10) -> -29.919 | J10: =(LN(H10)-LN(G10))/(2*$K$5) -> 1.7877213
B11: PET | C11: =GEOMEAN(D11,E11) -> 0.59219929 | D11: 0.21 | E11: 1.67 | F11: =GEOMEAN(G11:H11) -> 1.8778516e-14 | G11: =(D11*0.000001)/(365*24*3600) -> 6.6590563e-15 | H11: =(E11*0.000001)/(365*24*3600) -> 5.2955353e-14 | I11: =LN(F11) -> -31.606063 | J11: =(LN(H11)-LN(G11))/(2*$K$5) -> 0.40245951
B12: PP | C12: =GEOMEAN(D12,E12) -> 0.69107852 | D12: 0.29775984 | E12: 1.603942 | F12: =GEOMEAN(G12:H12) -> 2.1913956e-14 | G12: =(D12*0.000001)/(365*24*3600) -> 9.4419026e-15 | H12: =(E12*0.000001)/(365*24*3600) -> 5.0860667e-14 | I12: =LN(F12) -> -31.451653 | J12: =(LN(H12)-LN(G12))/(2*$K$5) -> 0.32685023
B13: PS | C13: =GEOMEAN(D13,E13) -> 0.031622777 | D13: 0.001 | E13: 1 | F13: =GEOMEAN(G13:H13) -> 1.0027517e-15 | G13: =(D13*0.000001)/(365*24*3600) -> 3.1709792e-17 | H13: =(E13*0.000001)/(365*24*3600) -> 3.1709792e-14 | I13: =LN(F13) -> -34.536029 | J13: =(LN(H13)-LN(G13))/(2*$K$5) -> 1.340791
B14: PVC | C14: =GEOMEAN(D14,E14) -> 0.01 | D14: 0.001 | E14: 0.1 | F14: =GEOMEAN(G14:H14) -> 3.1709792e-16 | G14: =(D14*0.000001)/(365*24*3600) -> 3.1709792e-17 | H14: =(E14*0.000001)/(365*24*3600) -> 3.1709792e-15 | I14: =LN(F14) -> -35.687321 | J14: =(LN(H14)-LN(G14))/(2*$K$5) -> 0.89386067
B15: PU | C15: =GEOMEAN(D15,E15) -> 0.25248762 | D15: 0.001 | E15: 63.75 | F15: =GEOMEAN(G15:H15) -> 8.00633e-15 | G15: =(D15*0.000001)/(365*24*3600) -> 3.1709792e-17 | H15: =(E15*0.000001)/(365*24*3600) -> 2.0214992e-12 | I15: =LN(F15) -> -32.458544 | J15: =(LN(H15)-LN(G15))/(2*$K$5) -> 2.1472679
B16: PAN | C16: =GEOMEAN(D16,E16) -> 0.01 | D16: 0.001 | E16: 0.1 | F16: =GEOMEAN(G16:H16) -> 3.1709792e-16 | G16: =(D16*0.000001)/(365*24*3600) -> 3.1709792e-17 | H16: =(E16*0.000001)/(365*24*3600) -> 3.1709792e-15 | I16: =LN(F16) -> -35.687321 | J16: =(LN(H16)-LN(G16))/(2*$K$5) -> 0.89386067
B17: TRWP | C17: - | D17: - | E17: - | F17: =GEOMEAN(G17:H17) -> 2.6740142e-13 | G17: 6.15047e-14 | H17: 1.16257e-12 | I17: =LN(F17) -> -28.950025 | J17: =(LN(H17)-LN(G17))/(2*$K$5) -> 0.5705114
B18: PHA | C18: =GEOMEAN(D18,E18) -> 1194.7446 | D18: 912.5 | E18: 1564.29 | F18: =GEOMEAN(G18:H18) -> 3.7885102e-11 | G18: =(D18*0.000001)/(365*24*3600) -> 2.8935185e-11 | H18: =(E18*0.000001)/(365*24*3600) -> 4.9603311e-11 | I18: =LN(F18) -> -23.996463 | J18: =(LN(H18)-LN(G18))/(2*$K$5) -> 0.10461942
B19: PLA | C19: =GEOMEAN(D19,E19) -> 121.05227 | D19: 78.69 | E19: 186.22 | F19: =GEOMEAN(G19:H19) -> 3.8385423e-12 | G19: =(D19*0.000001)/(365*24*3600) -> 2.4952435e-12 | H19: =(E19*0.000001)/(365*24*3600) -> 5.9049975e-12 | I19: =LN(F19) -> -26.285928 | J19: =(LN(H19)-LN(G19))/(2*$K$5) -> 0.16719967
B20: PCL | C20: =GEOMEAN(D20,E20) -> 14.839903 | D20: 1.31416 | E20: 167.5768 | F20: =GEOMEAN(G20:H20) -> 4.7057024e-13 | G20: =(D20*0.000001)/(365*24*3600) -> 4.167174e-14 | H20: =(E20*0.000001)/(365*24*3600) -> 5.3138255e-12 | I20: =LN(F20) -> -28.384831 | J20: =(LN(H20)-LN(G20))/(2*$K$5) -> 0.94104116
B21: PBSA | C21: =GEOMEAN(D21,E21) -> 44.72287 | D21: 39.673913 | E21: 50.414365 | F21: =GEOMEAN(G21:H21) -> 1.4181529e-12 | G21: =(D21*0.000001)/(365*24*3600) -> 1.2580515e-12 | H21: =(E21*0.000001)/(365*24*3600) -> 1.598629e-12 | I21: =LN(F21) -> -27.281666 | J21: =(LN(H21)-LN(G21))/(2*$K$5) -> 0.046502771
B22: starch_blend | C22: 101.29 | D22: 42.74 | E22: 2556.9 | F22: =GEOMEAN(G22:H22) -> 1.0482564e-11 | G22: =(D22*0.000001)/(365*24*3600) -> 1.3552765e-12 | H22: =(E22*0.000001)/(365*24*3600) -> 8.1078767e-11 | I22: =LN(F22) -> -25.281308 | J22: =(LN(H22)-LN(G22))/(2*$K$5) -> 0.79414123
B23: PBAT | C23: =GEOMEAN(D23,E23) -> 5.4221767 | D23: 1.96 | E23: 15 | F23: =GEOMEAN(G23:H23) -> 1.7193609e-13 | G23: =(D23*0.000001)/(365*24*3600) -> 6.2151192e-14 | H23: =(E23*0.000001)/(365*24*3600) -> 4.7564688e-13 | I23: =LN(F23) -> -29.391654 | J23: =(LN(H23)-LN(G23))/(2*$K$5) -> 0.39501276
B24: Cotton | C24: =GEOMEAN(D24,E24) -> 3.9632422 | D24: =H35 -> 1.8766595 | E24: =H36 -> 8.3698127 | F24: =GEOMEAN(G24:H24) -> 1.2567359e-13 | G24: =(D24*0.000001)/(365*24*3600) -> 5.9508483e-14 | H24: =(E24*0.000001)/(365*24*3600) -> 2.6540502e-13 | I24: =LN(F24) -> -29.705088 | J24: =(LN(H24)-LN(G24))/(2*$K$5) -> 0.29020539
B25: Linen | C25: =GEOMEAN(D25,E25) -> 3.9632422 | D25: =D24 -> 1.8766595 | E25: =E24 -> 8.3698127 | F25: =GEOMEAN(G25:H25) -> 1.2567359e-13 | G25: =(D25*0.000001)/(365*24*3600) -> 5.9508483e-14 | H25: =(E25*0.000001)/(365*24*3600) -> 2.6540502e-13 | I25: =LN(F25) -> -29.705088 | J25: =(LN(H25)-LN(G25))/(2*$K$5) -> 0.29020539 | K25: No degradation data in soil available. The SSDR of cotton was chosen as a proxy, given their common cellulosic composition
B26: Viscose | C26: =GEOMEAN(D26,E26) -> 3.9632422 | D26: =D25 -> 1.8766595 | E26: =E25 -> 8.3698127 | F26: =GEOMEAN(G26:H26) -> 1.2567359e-13 | G26: =(D26*0.000001)/(365*24*3600) -> 5.9508483e-14 | H26: =(E26*0.000001)/(365*24*3600) -> 2.6540502e-13 | I26: =LN(F26) -> -29.705088 | J26: =(LN(H26)-LN(G26))/(2*$K$5) -> 0.29020539
B27: Rayon | C27: =GEOMEAN(D27,E27) -> 3.9632422 | D27: =D26 -> 1.8766595 | E27: =E26 -> 8.3698127 | F27: =GEOMEAN(G27:H27) -> 1.2567359e-13 | G27: =(D27*0.000001)/(365*24*3600) -> 5.9508483e-14 | H27: =(E27*0.000001)/(365*24*3600) -> 2.6540502e-13 | I27: =LN(F27) -> -29.705088 | J27: =(LN(H27)-LN(G27))/(2*$K$5) -> 0.29020539
B28: Lyocell | C28: =GEOMEAN(D28,E28) -> 3.9632422 | D28: =D27 -> 1.8766595 | E28: =E27 -> 8.3698127 | F28: =GEOMEAN(G28:H28) -> 1.2567359e-13 | G28: =(D28*0.000001)/(365*24*3600) -> 5.9508483e-14 | H28: =(E28*0.000001)/(365*24*3600) -> 2.6540502e-13 | I28: =LN(F28) -> -29.705088 | J28: =(LN(H28)-LN(G28))/(2*$K$5) -> 0.29020539
B29: Modal | C29: =GEOMEAN(D29,E29) -> 3.9632422 | D29: =D28 -> 1.8766595 | E29: =E28 -> 8.3698127 | F29: =GEOMEAN(G29:H29) -> 1.2567359e-13 | G29: =(D29*0.000001)/(365*24*3600) -> 5.9508483e-14 | H29: =(E29*0.000001)/(365*24*3600) -> 2.6540502e-13 | I29: =LN(F29) -> -29.705088 | J29: =(LN(H29)-LN(G29))/(2*$K$5) -> 0.29020539
B32: Additional SSDRs are computed, based on the approach of Maga et al. (2022)
B34: Material | C34: Reference | D34: shape factor (1, 2, 3) | E34: % Reduction in mass | F34: time (yr) | G34: Initial size (um) | H34: SSDR (um/yr) | I34: SSDR (m/s)
B35: Cotton | C35: Smith et al. (2021) | D35: 2 | E35: 0.2 | F35: =154/365 -> 0.42191781 | G35: 15 | H35: =1/2*G35/F35*(1-(1-E35)^(1/D35)) -> 1.8766595 | I35: =H35/(365*24*3600)/1000000 -> 5.9508483e-14
B36: Cotton | C36: Smith et al. (2021) | D36: 2 | E36: 0.72 | F36: =154/365 -> 0.42191781 | G36: 15 | H36: =1/2*G36/F36*(1-(1-E36)^(1/D36)) -> 8.3698127 | I36: =H36/(365*24*3600)/1000000 -> 2.6540502e-13
B37: Cotton | C37: Li et al. (2010) | D37: 2 | E37: 0.16 | F37: =90/365 -> 0.24657534 | G37: 15 | H37: =1/2*G37/F37*(1-(1-E37)^(1/D37)) -> 2.5393312 | I37: =H37/(365*24*3600)/1000000 -> 8.0521664e-14
B38: Cotton | C38: Li et al. (2010) | D38: 2 | E38: 0.28 | F38: =90/365 -> 0.24657534 | G38: 15 | H38: =1/2*G38/F38*(1-(1-E38)^(1/D38)) -> 4.6072692 | I38: =H38/(365*24*3600)/1000000 -> 1.4609555e-13

Sheet 1.4.plasticFADE constants
B2: PlasticFADE
B4: plasticFADE empirical constants (deg: x, y, z, tau, theta and eta) are taken from Tang & Boulay (under review). SBoo takes the empirical constants as an input, when available, and combines them with compartment and region specific UV intensity, as well as compartment specific microbial concentration. To derive the uncertainty associated with the degradation model, the mean and standard deviation of plasticFADE are used. The standard deviation defined in plasticFADE corresponds to the std. dev. of normal distribution in log-space, while the fitted value is the mean value from which we take the log.
C6: HDPE | G6: LDPE | K6: PET | O6: PP | S6: PS
B7: Polymer type | C7: Fitted value | D7: Standard deviation | E7: mu | F7: sigma | G7: Fitted value | H7: Standard deviation | I7: mu | J7: sigma | K7: Fitted value | L7: Standard deviation | M7: mu | N7: sigma | O7: Fitted value | P7: Standard deviation | Q7: mu | R7: sigma | S7: Fitted value | T7: Standard deviation | U7: mu | V7: sigma
B8: degx | C8: 0.010262753 | D8: 0.00088522569 | E8: =LN(C8) -> -4.5792341 | F8: =D8 -> 0.00088522569 | G8: 0.01105059 | H8: 0.0057046217 | I8: =LN(G8) -> -4.5052715 | J8: =H8 -> 0.0057046217 | K8: 0.00024327627 | L8: 0.00029524826 | M8: =LN(K8) -> -8.3213129 | N8: =L8 -> 0.00029524826 | O8: 0.0054981915 | P8: 0.0050951617 | Q8: =LN(O8) -> -5.2033361 | R8: =P8 -> 0.0050951617 | S8: 0.00027325415 | T8: 0.00020039698 | U8: =LN(S8) -> -8.2051082 | V8: =T8 -> 0.00020039698
B9: degtau | C9: 3.3584081e-11 | D9: 0.18031552 | E9: =LN(C9) -> -24.116969 | F9: =D9 -> 0.18031552 | G9: 5e-13 | H9: 0.10974721 | I9: =LN(G9) -> -28.324168 | J9: =H9 -> 0.10974721 | K9: 0.79097577 | L9: 0.1933289 | M9: =LN(K9) -> -0.23448794 | N9: =L9 -> 0.1933289 | O9: 0.013720791 | P9: 0.11216725 | Q9: =LN(O9) -> -4.288843 | R9: =P9 -> 0.11216725 | S9: 0.24329239 | T9: 0.067550473 | U9: =LN(S9) -> -1.4134913 | V9: =T9 -> 0.067550473
B10: degy | C10: 0.0021825284 | D10: 0.004283861 | E10: =LN(C10) -> -6.1272713 | F10: =D10 -> 0.004283861 | G10: 0.01031456 | H10: 0.0061122893 | I10: =LN(G10) -> -4.5741988 | J10: =H10 -> 0.0061122893 | K10: 1.3261956e-05 | L10: 2.1960389e-05 | M10: =LN(K10) -> -11.230611 | N10: =L10 -> 2.1960389e-05 | O10: 0.01724523 | P10: 0.0016245855 | Q10: =LN(O10) -> -4.0602197 | R10: =P10 -> 0.0016245855 | S10: 0.014446952 | T10: 4.3872181e-06 | U10: =LN(S10) -> -4.2372718 | V10: =T10 -> 4.3872181e-06
B11: degtheta | C11: 0.29904863 | D11: 0.56576349 | E11: =LN(C11) -> -1.2071491 | F11: =D11 -> 0.56576349 | G11: 0.0043620223 | H11: 3.6211087e-05 | I11: =LN(G11) -> -5.4348195 | J11: =H11 -> 3.6211087e-05 | K11: 1.8763022 | L11: 0.22318783 | M11: =LN(K11) -> 0.62930293 | N11: =L11 -> 0.22318783 | O11: 0.70549282 | P11: 0.3804722 | Q11: =LN(O11) -> -0.34885869 | R11: =P11 -> 0.3804722 | S11: 1.0090732 | T11: 0.16004413 | U11: =LN(S11) -> 0.0090322632 | V11: =T11 -> 0.16004413
B12: degz | C12: 0.00037803206 | D12: 0.0010821863 | E12: =LN(C12) -> -7.8805316 | F12: =D12 -> 0.0010821863 | G12: 0.00010475543 | H12: 0.00044412819 | I12: =LN(G12) -> -9.1638822 | J12: =H12 -> 0.00044412819 | K12: 0.015217891 | L12: 4.4013893e-06 | M12: =LN(K12) -> -4.1852835 | N12: =L12 -> 4.4013893e-06 | O12: 1.6158544e-05 | P12: 3.8147496e-05 | Q12: =LN(O12) -> -11.033062 | R12: =P12 -> 3.8147496e-05 | S12: 6.2330522e-05 | T12: 0.00017657694 | U12: =LN(S12) -> -9.6830593 | V12: =T12 -> 0.00017657694
B13: degeta | C13: 0.21648777 | D13: 0.17415974 | E13: =LN(C13) -> -1.5302212 | F13: =D13 -> 0.17415974 | G13: 0.32405972 | H13: 0.19223313 | I13: =LN(G13) -> -1.1268275 | J13: =H13 -> 0.19223313 | K13: 0.07846195 | L13: 0.045684842 | M13: =LN(K13) -> -2.5451415 | N13: =L13 -> 0.045684842 | O13: 0.44210919 | P13: 0.11138573 | Q13: =LN(O13) -> -0.8161984 | R13: =P13 -> 0.11138573 | S13: 0.49603679 | T13: 0.1221179 | U13: =LN(S13) -> -0.70110518 | V13: =T13 -> 0.1221179

Sheet 1.5.UVintensity
A1: Adjustment factor per region | G1: Global average UV intensity | K1: Region- and compartment-specific UV intensity [W*m-2]
A2: Region | B2: Latitude range [º] | C2: Longitude range [º] | E2: Adjustment factor [-] | G2: Region | H2: Value [W*m-2] | I2: Reference | K2: Compartment | L2: SBoo compartment name | M2: North America | N2: Latin America | O2: Europe | P2: Africa & Middle East | Q2: Central Asia | R2: Southeast Asia | S2: Northern regions | T2: Oceania | U2: Global scale
A3: North America | B3: (15, 75) | C3: (-170, -50) | E3: 0.802 | G3: Default | H3: 10 | I3: Tang & Boulay (under revision) | K3: Air | L3: air | M3: ='1.5.UVintensity'!$H$3*'1.5.UVintensity'!$E$3*'1.5.UVintensity'!E14 -> 8.02 | N3: ='1.5.UVintensity'!$H$3*'1.5.UVintensity'!$E$4*'1.5.UVintensity'!E14 -> 11.78 | O3: ='1.5.UVintensity'!$H$3*'1.5.UVintensity'!$E$5*'1.5.UVintensity'!E14 -> 5.23 | P3: ='1.5.UVintensity'!$H$3*'1.5.UVintensity'!$E$6*'1.5.UVintensity'!E14 -> 13.82 | Q3: ='1.5.UVintensity'!$H$3*'1.5.UVintensity'!$E$7*'1.5.UVintensity'!E14 -> 5.63 | R3: ='1.5.UVintensity'!$H$3*'1.5.UVintensity'!$E$8*'1.5.UVintensity'!E14 -> 13.65 | S3: ='1.5.UVintensity'!$H$3*'1.5.UVintensity'!$E$9*'1.5.UVintensity'!E14 -> 3.64 | T3: ='1.5.UVintensity'!$H$3*'1.5.UVintensity'!$E$10*'1.5.UVintensity'!E14 -> 11.85 | U3: =H3 -> 10
A4: Latin America | B4: (-60, 15) | C4: (-90, -30) | E4: 1.178 | K4: Agricultural soil | L4: agriculturalsoil | M4: ='1.5.UVintensity'!$H$3*'1.5.UVintensity'!$E$3*'1.5.UVintensity'!E15 -> 0 | N4: ='1.5.UVintensity'!$H$3*'1.5.UVintensity'!$E$4*'1.5.UVintensity'!E15 -> 0 | O4: ='1.5.UVintensity'!$H$3*'1.5.UVintensity'!$E$5*'1.5.UVintensity'!E15 -> 0 | P4: ='1.5.UVintensity'!$H$3*'1.5.UVintensity'!$E$6*'1.5.UVintensity'!E15 -> 0 | Q4: ='1.5.UVintensity'!$H$3*'1.5.UVintensity'!$E$7*'1.5.UVintensity'!E15 -> 0 | R4: ='1.5.UVintensity'!$H$3*'1.5.UVintensity'!$E$8*'1.5.UVintensity'!E15 -> 0 | S4: ='1.5.UVintensity'!$H$3*'1.5.UVintensity'!$E$9*'1.5.UVintensity'!E15 -> 0 | T4: ='1.5.UVintensity'!$H$3*'1.5.UVintensity'!$E$10*'1.5.UVintensity'!E15 -> 0 | U4: =AVERAGE(M4:T4) -> 0
A5: Europe | B5: (35, 70) | C5: (40, 140) | E5: 0.523 | G5: Compartment | H5: K_d [m-1] | I5: Reference | K5: Natural soil | L5: naturalsoil | M5: ='1.5.UVintensity'!$H$3*'1.5.UVintensity'!$E$3*'1.5.UVintensity'!E16 -> 0 | N5: ='1.5.UVintensity'!$H$3*'1.5.UVintensity'!$E$4*'1.5.UVintensity'!E16 -> 0 | O5: ='1.5.UVintensity'!$H$3*'1.5.UVintensity'!$E$5*'1.5.UVintensity'!E16 -> 0 | P5: ='1.5.UVintensity'!$H$3*'1.5.UVintensity'!$E$6*'1.5.UVintensity'!E16 -> 0 | Q5: ='1.5.UVintensity'!$H$3*'1.5.UVintensity'!$E$7*'1.5.UVintensity'!E16 -> 0 | R5: ='1.5.UVintensity'!$H$3*'1.5.UVintensity'!$E$8*'1.5.UVintensity'!E16 -> 0 | S5: ='1.5.UVintensity'!$H$3*'1.5.UVintensity'!$E$9*'1.5.UVintensity'!E16 -> 0 | T5: ='1.5.UVintensity'!$H$3*'1.5.UVintensity'!$E$10*'1.5.UVintensity'!E16 -> 0 | U5: =AVERAGE(M5:T5) -> 0
A6: Africa & Middle East | B6: (-35, 35) | C6: (-20, 60) | E6: 1.382 | G6: Freshwater (river) | H6: 10 | I6: Belmont et al. (2007) | K6: Other soil | L6: othersoil | M6: ='1.5.UVintensity'!$H$3*'1.5.UVintensity'!$E$3*'1.5.UVintensity'!E17 -> 0 | N6: ='1.5.UVintensity'!$H$3*'1.5.UVintensity'!$E$4*'1.5.UVintensity'!E17 -> 0 | O6: ='1.5.UVintensity'!$H$3*'1.5.UVintensity'!$E$5*'1.5.UVintensity'!E17 -> 0 | P6: ='1.5.UVintensity'!$H$3*'1.5.UVintensity'!$E$6*'1.5.UVintensity'!E17 -> 0 | Q6: ='1.5.UVintensity'!$H$3*'1.5.UVintensity'!$E$7*'1.5.UVintensity'!E17 -> 0 | R6: ='1.5.UVintensity'!$H$3*'1.5.UVintensity'!$E$8*'1.5.UVintensity'!E17 -> 0 | S6: ='1.5.UVintensity'!$H$3*'1.5.UVintensity'!$E$9*'1.5.UVintensity'!E17 -> 0 | T6: ='1.5.UVintensity'!$H$3*'1.5.UVintensity'!$E$10*'1.5.UVintensity'!E17 -> 0 | U6: =AVERAGE(M6:T6) -> 0
A7: Central Asia | B7: (35, 70) | C7: (40, 140) | E7: 0.563 | G7: Lake | H7: 4 | I7: Morris et al. (1995) | K7: Cloudwater | L7: cloudwater | M7: ='1.5.UVintensity'!$H$3*'1.5.UVintensity'!$E$3*'1.5.UVintensity'!E18 -> 8.02 | N7: ='1.5.UVintensity'!$H$3*'1.5.UVintensity'!$E$4*'1.5.UVintensity'!E18 -> 11.78 | O7: ='1.5.UVintensity'!$H$3*'1.5.UVintensity'!$E$5*'1.5.UVintensity'!E18 -> 5.23 | P7: ='1.5.UVintensity'!$H$3*'1.5.UVintensity'!$E$6*'1.5.UVintensity'!E18 -> 13.82 | Q7: ='1.5.UVintensity'!$H$3*'1.5.UVintensity'!$E$7*'1.5.UVintensity'!E18 -> 5.63 | R7: ='1.5.UVintensity'!$H$3*'1.5.UVintensity'!$E$8*'1.5.UVintensity'!E18 -> 13.65 | S7: ='1.5.UVintensity'!$H$3*'1.5.UVintensity'!$E$9*'1.5.UVintensity'!E18 -> 3.64 | T7: ='1.5.UVintensity'!$H$3*'1.5.UVintensity'!$E$10*'1.5.UVintensity'!E18 -> 11.85 | U7: =H3 -> 10
A8: Southeast Asia | B8: (-10, 35) | C8: (60, 150) | E8: 1.365 | G8: Seawater surface | H8: 0.2 | I8: Llabrés et al. (2010) | K8: Freshwater | L8: river | M8: ='1.5.UVintensity'!$H$3*'1.5.UVintensity'!E3*'1.5.UVintensity'!E19 -> 0.33416667 | N8: ='1.5.UVintensity'!$H$3*'1.5.UVintensity'!E4*'1.5.UVintensity'!E20 -> 0.26772727 | O8: ='1.5.UVintensity'!$H$3*'1.5.UVintensity'!E5*'1.5.UVintensity'!E21 -> 0.27526316 | P8: ='1.5.UVintensity'!$H$3*'1.5.UVintensity'!E6*'1.5.UVintensity'!E22 -> 0.5528 | Q8: ='1.5.UVintensity'!$H$3*'1.5.UVintensity'!E7*'1.5.UVintensity'!E23 -> 0.25590909 | R8: ='1.5.UVintensity'!$H$3*'1.5.UVintensity'!E8*'1.5.UVintensity'!E24 -> 0.41363636 | S8: ='1.5.UVintensity'!$H$3*'1.5.UVintensity'!E9*'1.5.UVintensity'!E25 -> 0.12551724 | T8: ='1.5.UVintensity'!$H$3*'1.5.UVintensity'!E10*'1.5.UVintensity'!E26 -> 1.1849462 | U8: =AVERAGE(M8:T8) -> 0.42624575
A9: Northern regions | B9: (70, 90) | C9: (-180, 180) | E9: 0.364 | K9: Freshwater sediment | L9: freshwatersediment | M9: ='1.5.UVintensity'!$H$3*'1.5.UVintensity'!$E$3*'1.5.UVintensity'!E27 -> 0 | N9: ='1.5.UVintensity'!$H$3*'1.5.UVintensity'!$E$4*'1.5.UVintensity'!E27 -> 0 | O9: ='1.5.UVintensity'!$H$3*'1.5.UVintensity'!$E$5*'1.5.UVintensity'!E27 -> 0 | P9: ='1.5.UVintensity'!$H$3*'1.5.UVintensity'!$E$6*'1.5.UVintensity'!E27 -> 0 | Q9: ='1.5.UVintensity'!$H$3*'1.5.UVintensity'!$E$7*'1.5.UVintensity'!E27 -> 0 | R9: ='1.5.UVintensity'!$H$3*'1.5.UVintensity'!$E$8*'1.5.UVintensity'!E27 -> 0 | S9: ='1.5.UVintensity'!$H$3*'1.5.UVintensity'!$E$9*'1.5.UVintensity'!E27 -> 0 | T9: ='1.5.UVintensity'!$H$3*'1.5.UVintensity'!$E$10*'1.5.UVintensity'!E27 -> 0 | U9: =AVERAGE(M9:T9) -> 0
A10: Oceania | B10: (-50, 0) | C10: (110, 180) | E10: 1.185 | K10: Lake | L10: lake | M10: ='1.5.UVintensity'!$H$3*'1.5.UVintensity'!E3*'1.5.UVintensity'!E28 -> 0.067966102 | N10: ='1.5.UVintensity'!$H$3*'1.5.UVintensity'!E4*'1.5.UVintensity'!E29 -> 0.11459144 | O10: ='1.5.UVintensity'!$H$3*'1.5.UVintensity'!E5*'1.5.UVintensity'!E30 -> 0.048605948 | P10: ='1.5.UVintensity'!$H$3*'1.5.UVintensity'!E6*'1.5.UVintensity'!E31 -> 0.029810181 | Q10: ='1.5.UVintensity'!$H$3*'1.5.UVintensity'!E7*'1.5.UVintensity'!E32 -> 0.042522659 | R10: ='1.5.UVintensity'!$H$3*'1.5.UVintensity'!E8*'1.5.UVintensity'!E33 -> 0.19612069 | S10: ='1.5.UVintensity'!$H$3*'1.5.UVintensity'!E9*'1.5.UVintensity'!E34 -> 0.006899166 | T10: ='1.5.UVintensity'!$H$3*'1.5.UVintensity'!E10*'1.5.UVintensity'!E35 -> 0.33664773 | U10: =AVERAGE(M10:T10) -> 0.10539549
K11: Lake sediment | L11: lakesediment | M11: ='1.5.UVintensity'!$H$3*'1.5.UVintensity'!$E$3*'1.5.UVintensity'!E36 -> 0 | N11: ='1.5.UVintensity'!$H$3*'1.5.UVintensity'!$E$4*'1.5.UVintensity'!E36 -> 0 | O11: ='1.5.UVintensity'!$H$3*'1.5.UVintensity'!$E$5*'1.5.UVintensity'!E36 -> 0 | P11: ='1.5.UVintensity'!$H$3*'1.5.UVintensity'!$E$6*'1.5.UVintensity'!E36 -> 0 | Q11: ='1.5.UVintensity'!$H$3*'1.5.UVintensity'!$E$7*'1.5.UVintensity'!E36 -> 0 | R11: ='1.5.UVintensity'!$H$3*'1.5.UVintensity'!$E$8*'1.5.UVintensity'!E36 -> 0 | S11: ='1.5.UVintensity'!$H$3*'1.5.UVintensity'!$E$9*'1.5.UVintensity'!E36 -> 0 | T11: ='1.5.UVintensity'!$H$3*'1.5.UVintensity'!$E$10*'1.5.UVintensity'!E36 -> 0 | U11: =AVERAGE(M11:T11) -> 0
A12: Scaling factor per region & compartment | K12: Seawater surface | L12: sea | M12: ='1.5.UVintensity'!$H$3*'1.5.UVintensity'!E3*'1.5.UVintensity'!E37 -> 3.4673055 | N12: ='1.5.UVintensity'!$H$3*'1.5.UVintensity'!E4*'1.5.UVintensity'!E38 -> 5.0928752 | O12: ='1.5.UVintensity'!$H$3*'1.5.UVintensity'!E5*'1.5.UVintensity'!E39 -> 2.2610982 | P12: ='1.5.UVintensity'!$H$3*'1.5.UVintensity'!E6*'1.5.UVintensity'!E40 -> 5.9748332 | Q12: ='1.5.UVintensity'!$H$3*'1.5.UVintensity'!E7*'1.5.UVintensity'!E41 -> 2.4340312 | R12: ='1.5.UVintensity'!$H$3*'1.5.UVintensity'!E8*'1.5.UVintensity'!E42 -> 5.9013367 | S12: ='1.5.UVintensity'!$H$3*'1.5.UVintensity'!E9*'1.5.UVintensity'!E43 -> 1.5736898 | T12: ='1.5.UVintensity'!$H$3*'1.5.UVintensity'!E10*'1.5.UVintensity'!E44 -> 5.1231384 | U12: =AVERAGE(M12:T12) -> 3.9785385
A13: Compartment | B13: Region | C13: Depth [m] | D13: K_d [m-1] | E13: Scaling factor [%] | K13: Seawater column | L13: deepocean | M13: ='1.5.UVintensity'!$H$3*'1.5.UVintensity'!$E$3*'1.5.UVintensity'!E45 -> 0 | N13: ='1.5.UVintensity'!$H$3*'1.5.UVintensity'!$E$4*'1.5.UVintensity'!E45 -> 0 | O13: ='1.5.UVintensity'!$H$3*'1.5.UVintensity'!$E$5*'1.5.UVintensity'!E45 -> 0 | P13: ='1.5.UVintensity'!$H$3*'1.5.UVintensity'!$E$6*'1.5.UVintensity'!E45 -> 0 | Q13: ='1.5.UVintensity'!$H$3*'1.5.UVintensity'!$E$7*'1.5.UVintensity'!E45 -> 0 | R13: ='1.5.UVintensity'!$H$3*'1.5.UVintensity'!$E$8*'1.5.UVintensity'!E45 -> 0 | S13: ='1.5.UVintensity'!$H$3*'1.5.UVintensity'!$E$9*'1.5.UVintensity'!E45 -> 0 | T13: ='1.5.UVintensity'!$H$3*'1.5.UVintensity'!$E$10*'1.5.UVintensity'!E45 -> 0 | U13: =AVERAGE(M13:T13) -> 0
A14: Air | B14: – | C14: – | D14: – | E14: 1 | K14: Marine sediment | L14: marinesediment | M14: ='1.5.UVintensity'!$H$3*'1.5.UVintensity'!$E$3*'1.5.UVintensity'!E46 -> 0 | N14: ='1.5.UVintensity'!$H$3*'1.5.UVintensity'!$E$4*'1.5.UVintensity'!E46 -> 0 | O14: ='1.5.UVintensity'!$H$3*'1.5.UVintensity'!$E$5*'1.5.UVintensity'!E46 -> 0 | P14: ='1.5.UVintensity'!$H$3*'1.5.UVintensity'!$E$6*'1.5.UVintensity'!E46 -> 0 | Q14: ='1.5.UVintensity'!$H$3*'1.5.UVintensity'!$E$7*'1.5.UVintensity'!E46 -> 0 | R14: ='1.5.UVintensity'!$H$3*'1.5.UVintensity'!$E$8*'1.5.UVintensity'!E46 -> 0 | S14: ='1.5.UVintensity'!$H$3*'1.5.UVintensity'!$E$9*'1.5.UVintensity'!E46 -> 0 | T14: ='1.5.UVintensity'!$H$3*'1.5.UVintensity'!$E$10*'1.5.UVintensity'!E46 -> 0 | U14: =AVERAGE(M14:T14) -> 0
A15: Agricultural soil | B15: – | C15: – | D15: – | E15: 0
A16: Natural soil | B16: – | C16: – | D16: – | E16: 0
A17: Other soil | B17: – | C17: – | D17: – | E17: 0
A18: Cloudwater | B18: – | C18: – | D18: – | E18: 1
A19: Freshwater | B19: North America | C19: 2.4 | D19: =$H$6 -> 10 | E19: =(1-EXP(-D19*C19))/(D19*C19) -> 0.041666667
B20: Latin America | C20: 4.4 | D20: =$H$6 -> 10 | E20: =(1-EXP(-D20*C20))/(D20*C20) -> 0.022727273
B21: Europe | C21: 1.9 | D21: =$H$6 -> 10 | E21: =(1-EXP(-D21*C21))/(D21*C21) -> 0.052631579
B22: Africa & Middle East | C22: 2.5 | D22: =$H$6 -> 10 | E22: =(1-EXP(-D22*C22))/(D22*C22) -> 0.04
B23: Central Asia | C23: 2.2 | D23: =$H$6 -> 10 | E23: =(1-EXP(-D23*C23))/(D23*C23) -> 0.045454545
B24: Southeast Asia | C24: 3.3 | D24: =$H$6 -> 10 | E24: =(1-EXP(-D24*C24))/(D24*C24) -> 0.03030303
B25: Northern regions | C25: 2.9 | D25: =$H$6 -> 10 | E25: =(1-EXP(-D25*C25))/(D25*C25) -> 0.034482759
B26: Oceania | C26: 1 | D26: =$H$6 -> 10 | E26: =(1-EXP(-D26*C26))/(D26*C26) -> 0.09999546
A27: Freshwater sediment | B27: – | C27: – | D27: – | E27: 0
A28: Lake | B28: North America | C28: 29.5 | D28: =$H$7 -> 4 | E28: =(1-EXP(-D28*C28))/(D28*C28) -> 0.0084745763
B29: Latin America | C29: 25.7 | D29: =$H$7 -> 4 | E29: =(1-EXP(-D29*C29))/(D29*C29) -> 0.0097276265
B30: Europe | C30: 26.9 | D30: =$H$7 -> 4 | E30: =(1-EXP(-D30*C30))/(D30*C30) -> 0.0092936803
B31: Africa & Middle East | C31: 115.9 | D31: =$H$7 -> 4 | E31: =(1-EXP(-D31*C31))/(D31*C31) -> 0.0021570319
B32: Central Asia | C32: 33.1 | D32: =$H$7 -> 4 | E32: =(1-EXP(-D32*C32))/(D32*C32) -> 0.0075528701
B33: Southeast Asia | C33: 17.4 | D33: =$H$7 -> 4 | E33: =(1-EXP(-D33*C33))/(D33*C33) -> 0.014367816
B34: Northern regions | C34: 131.9 | D34: =$H$7 -> 4 | E34: =(1-EXP(-D34*C34))/(D34*C34) -> 0.0018953753
B35: Oceania | C35: 8.8 | D35: =$H$7 -> 4 | E35: =(1-EXP(-D35*C35))/(D35*C35) -> 0.028409091
A36: Lake sediment | B36: – | C36: – | D36: – | E36: 0
A37: Seawater surface | B37: North America | C37: 10 | D37: =$H$8 -> 0.2 | E37: =(1-EXP(-D37*C37))/(D37*C37) -> 0.43233236 | F37: (Carla updating)
B38: Latin America | C38: 10 | D38: =$H$8 -> 0.2 | E38: =(1-EXP(-D38*C38))/(D38*C38) -> 0.43233236 | F38: (Carla updating)
B39: Europe | C39: 10 | D39: =$H$8 -> 0.2 | E39: =(1-EXP(-D39*C39))/(D39*C39) -> 0.43233236 | F39: (Carla updating)
B40: Africa & Middle East | C40: 10 | D40: =$H$8 -> 0.2 | E40: =(1-EXP(-D40*C40))/(D40*C40) -> 0.43233236 | F40: (Carla updating)
B41: Central Asia | C41: 10 | D41: =$H$8 -> 0.2 | E41: =(1-EXP(-D41*C41))/(D41*C41) -> 0.43233236 | F41: (Carla updating)
B42: Southeast Asia | C42: 10 | D42: =$H$8 -> 0.2 | E42: =(1-EXP(-D42*C42))/(D42*C42) -> 0.43233236 | F42: (Carla updating)
B43: Northern regions | C43: 10 | D43: =$H$8 -> 0.2 | E43: =(1-EXP(-D43*C43))/(D43*C43) -> 0.43233236 | F43: (Carla updating)
B44: Oceania | C44: 10 | D44: =$H$8 -> 0.2 | E44: =(1-EXP(-D44*C44))/(D44*C44) -> 0.43233236 | F44: (Carla updating)
A45: Seawater column | B45: – | C45: – | D45: – | E45: 0
A46: Marine sediment | B46: – | C46: – | D46: – | E46: 0
A47: Note: Since cloudwater is discontinuous droplets in air, we neglect the UV attenuation in cloudwater (K_d is defined for continuous water columns)

Sheet 2.1.sed_rates
B2: Default sedimentation rates for low-density polymers
B4: Default sedimentation rates are taken from Corella-Puertas et al. (2023). They are only used when SBoo returns a settling velocity of 0 m/s (for particles with density lower than that of water). For the marine environment, these default settling velocities are not used, as TrackMPD is used to derive settling velocities.
D5: 100 | E5: m
B6: polymer type | C6: default sed rate [s-1] | D6: default sed velocity [m.s-1]
B7: EPS | C7: 8.35e-13 | D7: =C7*$D$5 -> 8.35e-11 | E7: m/s
B8: PP | C8: 5.67e-10 | D8: =C8*$D$5 -> 5.67e-08 | E8: m/s
B9: HDPE | C9: 5.67e-10 | D9: =C9*$D$5 -> 5.67e-08 | E9: m/s
B10: LDPE | C10: 5.67e-10 | D10: =C10*$D$5 -> 5.67e-08 | E10: m/s

Sheet 2.1.trackMPD
B2: Settling and transfer rates derived from TrackMPD | E2: TO BE FINALIZED
B4: Regional transfer from water surface to water column, and water column to sediments, at continental and global scale was determine through TrackMPD. Transfer from continental to global water is also derived from TrackMPD. More information can be found in Hajjar et al. (2025) on how the model is parametrized.
A5: a | I5: m/d | J5: m/d | K5: d-1 | L5: d-1 | M5: m/d | N5: m/d
A6: Region | B6: Country_all | C6: Polymer_all | D6: Density_code | E6: Density_all | F6: Shape_all | G6: Size_all | H6: Diameter_all | I6: v_Surf2Col_cont_median_all | J6: v_Col2Sed_cont_median_all | K6: v_Surf2glo_median_all | L6: v_Col2glo_median_all | M6: v_Surf2Col_glo_median_all | N6: v_Col2Sed_glo_median_all | R6: Polymer | S6: Density | T6: Code
A7: Northern regions | B7: KaraSea | C7: EPS | D7: 1 | E7: 0.03 | F7: sphere | G7: 0.005 | H7: 0.005 | I7: 0.084696919 | J7: 3.1995743 | K7: NaN | L7: NaN | M7: NaN | N7: NaN | R7: EPS | S7: 36.5 | T7: 1
A8: Northern regions | B8: KaraSea | C8: EPS | D8: 1 | E8: 0.03 | F8: sphere | G8: 0.001 | H8: 0.001 | I8: 0.078429892 | J8: 3.6756198 | K8: NaN | L8: NaN | M8: NaN | N8: NaN | R8: HDPE | S8: 955 | T8: 4
A9: Northern regions | B9: KaraSea | C9: EPS | D9: 1 | E9: 0.03 | F9: sphere | G9: 0.0001 | H9: 0.0001 | I9: 0.28576212 | J9: 11.287332 | K9: NaN | L9: NaN | M9: NaN | N9: NaN | R9: LDPE | S9: 925 | T9: 3
A10: Northern regions | B10: KaraSea | C10: EPS | D10: 1 | E10: 0.03 | F10: sphere | G10: 1e-05 | H10: 1e-05 | I10: 0.52994116 | J10: 4.537513 | K10: NaN | L10: NaN | M10: NaN | N10: NaN | R10: PA_Nylon | S10: 1240 | T10: 6
A11: Northern regions | B11: KaraSea | C11: EPS | D11: 1 | E11: 0.03 | F11: sphere | G11: 1e-06 | H11: 1e-06 | I11: 0.096654803 | J11: 3.1520904 | K11: NaN | L11: NaN | M11: NaN | N11: NaN | R11: PET | S11: 1350 | T11: 6
A12: Northern regions | B12: KaraSea | C12: EPS | D12: 1 | E12: 0.03 | F12: fiber | G12: 0.005 | H12: 0.001 | I12: 0.085506617 | J12: 2.9711805 | K12: NaN | L12: NaN | M12: NaN | N12: NaN | R12: PP | S12: 885 | T12: 2
A13: Northern regions | B13: KaraSea | C13: EPS | D13: 1 | E13: 0.03 | F13: fiber | G13: 0.001 | H13: 0.0001 | I13: 0.16291636 | J13: 8.5664153 | K13: NaN | L13: NaN | M13: NaN | N13: NaN | R13: PS | S13: 1040 | T13: 5
A14: Northern regions | B14: KaraSea | C14: EPS | D14: 1 | E14: 0.03 | F14: fiber | G14: 0.0001 | H14: 1e-05 | I14: 0.8074554 | J14: 10.335565 | K14: NaN | L14: NaN | M14: NaN | N14: NaN | R14: PVC | S14: 1380 | T14: 6
A15: Northern regions | B15: KaraSea | C15: EPS | D15: 1 | E15: 0.03 | F15: fiber | G15: 5e-05 | H15: 1e-06 | I15: 0.1641488 | J15: 3.4213357 | K15: NaN | L15: NaN | M15: NaN | N15: NaN | R15: PU | S15: 1200 | T15: 5
A16: Northern regions | B16: KaraSea | C16: EPS | D16: 1 | E16: 0.03 | F16: fiber | G16: 0.025 | H16: 0.005 | I16: 0.08613463 | J16: 3.4424901 | K16: NaN | L16: NaN | M16: NaN | N16: NaN | R16: PAN | S16: 1184 | T16: 5
A17: Northern regions | B17: KaraSea | C17: HDPE | D17: 4 | E17: 0.953 | F17: sphere | G17: 0.005 | H17: 0.005 | I17: 0.075840923 | J17: 4.6885092 | K17: NaN | L17: NaN | M17: NaN | N17: NaN | R17: TRWP | S17: 1800 | T17: 6
A18: Northern regions | B18: KaraSea | C18: HDPE | D18: 4 | E18: 0.953 | F18: sphere | G18: 0.001 | H18: 0.001 | I18: 0.24996582 | J18: 12.092104 | K18: NaN | L18: NaN | M18: NaN | N18: NaN | R18: PHA | S18: 1220 | T18: 6
... A29: Northern regions | B29: KaraSea | C29: LDPE | D29: 3 | E29: 0.915 | F29: sphere | G29: 0.0001 | H29: 0.0001 | I29: 1.0407206 | J29: 36.924646 | K29: NaN | L29: NaN | M29: NaN | N29: NaN | R29: Modal | S29: 1520 | T29: 6
A30: Northern regions | B30: KaraSea | C30: LDPE | D30: 3 | E30: 0.915 | F30: sphere | G30: 1e-05 | H30: 1e-05 | I30: 0.70265702 | J30: 4.6251771 | K30: NaN | L30: NaN | M30: NaN | N30: NaN
A31: Northern regions | B31: KaraSea | C31: LDPE | D31: 3 | E31: 0.915 | F31: sphere | G31: 1e-06 | H31: 1e-06 | I31: 0.10561421 | J31: 3.1313709 | K31: NaN | L31: NaN | M31: NaN | N31: NaN
A32: Northern regions | B32: KaraSea | C32: LDPE | D32: 3 | E32: 0.915 | F32: fiber | G32: 0.005 | H32: 0.001 | I32: 0.10915743 | J32: 6.5427331 | K32: NaN | L32: NaN | M32: NaN | N32: NaN | R32: Density_code | S32: Density | T32: Density
A33: Northern regions | B33: KaraSea | C33: LDPE | D33: 3 | E33: 0.915 | F33: fiber | G33: 0.001 | H33: 0.0001 | I33: 0.73407891 | J33: 50.918775 | K33: NaN | L33: NaN | M33: NaN | N33: NaN | R33: 1 | S33: 0.03 | T33: =S33*1000 -> 30
A34: Northern regions | B34: KaraSea | C34: LDPE | D34: 3 | E34: 0.915 | F34: fiber | G34: 0.0001 | H34: 1e-05 | I34: 1.7739878 | J34: 11.671637 | K34: NaN | L34: NaN | M34: NaN | N34: NaN | R34: 4 | S34: 0.953 | T34: =S34*1000 -> 953
A35: Northern regions | B35: KaraSea | C35: LDPE | D35: 3 | E35: 0.915 | F35: fiber | G35: 5e-05 | H35: 1e-06 | I35: 0.14987234 | J35: 3.2212943 | K35: NaN | L35: NaN | M35: NaN | N35: NaN | R35: 3 | S35: 0.915 | T35: =S35*1000 -> 915
A36: Northern regions | B36: KaraSea | C36: LDPE | D36: 3 | E36: 0.915 | F36: fiber | G36: 0.025 | H36: 0.005 | I36: 0.08119831 | J36: 3.407773 | K36: NaN | L36: NaN | M36: NaN | N36: NaN | R36: 6 | S36: 1.35 | T36: =S36*1000 -> 1350
A37: Northern regions | B37: KaraSea | C37: PET | D37: 6 | E37: 1.35 | F37: sphere | G37: 0.005 | H37: 0.005 | I37: 21868.358 | J37: 1342.1432 | K37: NaN | L37: NaN | M37: NaN | N37: NaN | R37: 2 | S37: 0.88 | T37: =S37*1000 -> 880
A38: Northern regions | B38: KaraSea | C38: PET | D38: 6 | E38: 1.35 | F38: sphere | G38: 0.001 | H38: 0.001 | I38: 5562.0559 | J38: 1353.0567 | K38: NaN | L38: NaN | M38: NaN | N38: NaN | R38: 5 | S38: 1.06 | T38: =S38*1000 -> 1060
A39: Northern regions | B39: KaraSea | C39: PET | D39: 6 | E39: 1.35 | F39: sphere | G39: 0.0001 | H39: 0.0001 | I39: 153.47034 | J39: 371.53894 | K39: NaN | L39: NaN | M39: NaN | N39: NaN
A40: Northern regions | B40: KaraSea | C40: PET | D40: 6 | E40: 1.35 | F40: sphere | G40: 1e-05 | H40: 1e-05 | I40: 0.74843125 | J40: 4.6866009 | K40: NaN | L40: NaN | M40: NaN | N40: NaN
A41: Northern regions | B41: KaraSea | C41: PET | D41: 6 | E41: 1.35 | F41: sphere | G41: 1e-06 | H41: 1e-06 | I41: 0.095147343 | J41: 3.4008689 | K41: NaN | L41: NaN | M41: NaN | N41: NaN
A42: Northern regions | B42: KaraSea | C42: PET | D42: 6 | E42: 1.35 | F42: fiber | G42: 0.005 | H42: 0.001 | I42: 5019.4988 | J42: 1354.6535 | K42: NaN | L42: NaN | M42: NaN | N42: NaN
A43: Northern regions | B43: KaraSea | C43: PET | D43: 6 | E43: 1.35 | F43: fiber | G43: 0.001 | H43: 0.0001 | I43: 447.24812 | J43: 718.01176 | K43: NaN | L43: NaN | M43: NaN | N43: NaN
A44: Northern regions | B44: KaraSea | C44: PET | D44: 6 | E44: 1.35 | F44: fiber | G44: 0.0001 | H44: 1e-05 | I44: 6.1865742 | J44: 15.698678 | K44: NaN | L44: NaN | M44: NaN | N44: NaN
A45: Northern regions | B45: KaraSea | C45: PET | D45: 6 | E45: 1.35 | F45: fiber | G45: 5e-05 | H45: 1e-06 | I45: 0.15105094 | J45: 3.2044203 | K45: NaN | L45: NaN | M45: NaN | N45: NaN
A46: Northern regions | B46: KaraSea | C46: PET | D46: 6 | E46: 1.35 | F46: fiber | G46: 0.025 | H46: 0.005 | I46: 12142.754 | J46: 1345.1073 | K46: NaN | L46: NaN | M46: NaN | N46: NaN
A47: Northern regions | B47: KaraSea | C47: PP | D47: 2 | E47: 0.88 | F47: sphere | G47: 0.005 | H47: 0.005 | I47: 0.078214099 | J47: 3.7475886 | K47: NaN | L47: NaN | M47: NaN | N47: NaN
A48: Northern regions | B48: KaraSea | C48: PP | D48: 2 | E48: 0.88 | F48: sphere | G48: 0.001 | H48: 0.001 | I48: 0.1294807 | J48: 7.5207841 | K48: NaN | L48: NaN | M48: NaN | N48: NaN
A49: Northern regions | B49: KaraSea | C49: PP | D49: 2 | E49: 0.88 | F49: sphere | G49: 0.0001 | H49: 0.0001 | I49: 0.83213996 | J49: 35.746226 | K49: NaN | L49: NaN | M49: NaN | N49: NaN
A50: Northern regions | B50: KaraSea | C50: PP | D50: 2 | E50: 0.88 | F50: sphere | G50: 1e-05 | H50: 1e-05 | I50: 0.649217 | J50: 4.537326 | K50: NaN | L50: NaN | M50: NaN | N50: NaN
... A66: Northern regions | B66: KaraSea | C66: PS | D66: 5 | E66: 1.06 | F66: fiber | G66: 0.025 | H66: 0.005 | I66: 4408.932 | J66: 1356.9269 | K66: NaN | L66: NaN | M66: NaN | N66: NaN

Sheet 3.1.regional_data
B2: Regionalization parameters
B3: SBoo retrieves the regional values in this sheet to initialize the model for different regions. Keep in mind that the scale "Regional" of SB corresponds to our continental USEtox scale. "Continental" in Sb corresponds to global scale of USEtox.
B4: Python Input (Louvet et al., 2026) | C4: SBoo input in R
A5: scale | B5: parameter | C5: Variable | D5: Scale | E5: SubCompart | F5: North America | G5: Latin America | H5: Europe | I5: Africa & Middle East | J5: Central Asia | K5: Southeast Asia | L5: Northern regions | M5: Oceania | N5: description | O5: unit | P5: source | Q5: SB4P notes
A6: CONTINENTAL SCALE | B6: area_land_C | D6: Regional | F6: 1.448998e+13 | G6: 2.08779e+13 | H6: 8.5662136e+12 | I6: 3.429833e+13 | J6: 1.6876936e+13 | K6: 1.6866064e+13 | L6: 1.8299925e+13 | M6: 8.1247481e+12 | N6: area of land | O6: [m2] | P6: USEtox (Fantke et al., 2017)
B7: area_sea_C | D7: Regional | F7: 1.8374074e+12 | G7: 2.9728967e+12 | H7: 1.7001869e+12 | I7: 1.5904011e+12 | J7: 7.3629569e+11 | K7: 5.3374046e+12 | L7: 5.6248619e+12 | M7: 2.2405685e+12 | N7: area of sea | O7: [m2] | P7: USEtox (Fantke et al., 2017)
C8: TotalArea | D8: Regional | F8: =F6+F7 -> 1.6327387e+13 | G8: =G6+G7 -> 2.3850797e+13 | H8: =H6+H7 -> 1.02664e+13 | I8: =I6+I7 -> 3.5888731e+13 | J8: =J6+J7 -> 1.7613232e+13 | K8: =K6+K7 -> 2.2203468e+13 | L8: =L6+L7 -> 2.3924787e+13 | M8: =M6+M7 -> 1.0365317e+13 | N8: total area of the continent | O8: [m2] | P8: USEtox (Fantke et al., 2017)
C9: FRACsea | D9: Regional | F9: =F7/F8 -> 0.1125353 | G9: =G7/G8 -> 0.12464559 | H9: =H7/H8 -> 0.16560691 | I9: =I7/I8 -> 0.044314777 | J9: =J7/J8 -> 0.041803555 | K9: =K7/K8 -> 0.24038608 | L9: =L7/L8 -> 0.23510604 | M9: =M7/M8 -> 0.21616016 | N9: fraction of continent area allocated to sea | O9: - | P9: USEtox (Fantke et al., 2017)
B10: areafrac_rw_C | C10: landFRAC | D10: Regional | E10: river | F10: 0.0034304356 | G10: 0.0064487285 | H10: 0.0050055029 | I10: 0.00013076169 | J10: 0.0022461359 | K10: 0.012328111 | L10: 0.0046867292 | M10: 0.0008998234 | N10: fraction of total area allocated to river | O10: - | P10: Calculated with HydroATLAS (Louvet et al., 2026)
B11: areafrac_lw_C | C11: landFRAC | D11: Regional | E11: lake | F11: 0.083169844 | G11: 0.012684412 | H11: 0.025460718 | I11: 0.013897746 | J11: 0.027333048 | K11: 0.026854951 | L11: 0.051861908 | M11: 0.0058477675 | N11: fraction of land area allocated to lake | O11: - | P11: Calculated with HydroATLAS (Louvet et al., 2026)
B12: areafrac_nat_soil_C | C12: landFRAC | D12: Regional | E12: naturalsoil | F12: 0.63128839 | G12: 0.65377256 | H12: 0.584526 | I12: 0.58847302 | J12: 0.5213891 | K12: 0.49742035 | L12: 0.82125082 | M12: 0.53527812 | N12: fraction of land area allocated to natural soil | O12: - | P12: USEtox (Fantke et al., 2017)
B13: areafrac_agr_soil_C | C13: landFRAC | D13: Regional | E13: agriculturalsoil | F13: 0.28211133 | G13: 0.3270943 | H13: 0.38500778 | I13: 0.39749848 | J13: 0.44903172 | K13: 0.46339659 | L13: 0.12220054 | M13: 0.45797429 | N13: fraction of land area allocated to agricultural soil | O13: - | P13: USEtox (Fantke et al., 2017)
B14: areafrac_agr_soil_C | C14: landFRAC | D14: Regional | E14: othersoil | F14: 1e-20 | G14: 1e-20 | H14: 1e-20 | I14: 1e-20 | J14: 1e-20 | K14: 1e-20 | L14: 1e-20 | M14: 1e-20 | N14: fraction of land area allocated to other soil | O14: - | P14: -
B15: fracsf_rw_C | D15: Regional | F15: 0.039612292 | G15: 0.33704496 | H15: 0.16429681 | I15: 0.0093211403 | J15: 0.075936371 | K15: 0.31462858 | L15: 0.082879614 | M15: 0.13335477 | N15: fraction of surface water allocated to river | O15: - | P15: Calculated with HydroATLAS
B16: fracsf_lw_C | D16: Regional | F16: 0.96038771 | G16: 0.66295504 | H16: 0.83570319 | I16: 0.99067886 | J16: 0.92406363 | K16: 0.68537142 | L16: 0.91712039 | M16: 0.86664523 | N16: fraction of surface water allocated to lake | O16: - | P16: Calculated with HydroATLAS
B17: temp_C | C17: Temp | D17: Regional | F17: 285.15 | G17: 285.15 | H17: 285.15 | I17: 285.15 | J17: 285.15 | K17: 285.15 | L17: 285.15 | M17: 285.15 | N17: temperature | O17: K | P17: USEtox (Fantke et al., 2017)
B18: wind_speed_C | C18: WINDspeed | D18: Regional | F18: 3 | G18: 3 | H18: 3 | I18: 3 | J18: 3 | K18: 3 | L18: 3 | M18: 3 | N18: wind speed | O18: [m*s-1] | P18: USEtox (Fantke et al., 2017)
B19: rain_rate_C | D19: Regional | F19: 2.2427398e-08 | G19: 5.1120312e-08 | H19: 1.7523958e-08 | I19: 2.0870339e-08 | J19: 6.9029435e-09 | K19: 4.8075939e-08 | L19: 1.5527965e-08 | M19: 4.1085817e-08 | N19: rain rate | O19: [m*s-1] | P19: USEtox (Fantke et al., 2017)
C20: RAINrate | D20: Regional | F20: =F19*1000*365*24*3600 -> 707.27042 | G20: =G19*1000*365*24*3600 -> 1612.1301 | H20: =H19*1000*365*24*3600 -> 552.63553 | I20: =I19*1000*365*24*3600 -> 658.16701 | J20: =J19*1000*365*24*3600 -> 217.69123 | K20: =K19*1000*365*24*3600 -> 1516.1228 | L20: =L19*1000*365*24*3600 -> 489.68992 | M20: =M19*1000*365*24*3600 -> 1295.6823 | N20: rain rate | O20: [mm*yr-1] | P20: USEtox (Fantke et al., 2017)
B21: depth_rw_C | C21: VertDistance | D21: Regional | E21: river | F21: 2.3696042 | G21: 4.3917246 | H21: 1.9467369 | I21: 2.4790569 | J21: 2.2211414 | K21: 3.3070096 | L21: 2.9280377 | M21: 1.0055754 | N21: depth river water | O21: [m] | P21: Calculated with HydroATLAS
B22: depth_lw_C | C22: VertDistance | D22: Regional | E22: lake | F22: 29.533 | G22: 25.706 | H22: 26.89 | I22: 115.865 | J22: 33.135 | K22: 17.388 | L22: 131.869 | M22: 8.809 | N22: depth lake water | O22: [m] | P22: Calculated with HydroATLAS
B23: depth_sw_C | C23: VertDistance | D23: Regional | E23: sea | F23: 10 | G23: 10 | H23: 10 | I23: 10 | J23: 10 | K23: 10 | L23: 10 | M23: 10 | N23: depth sea water surface | O23: [m] | P23: Tedetti & Sempéré (2006)
C24: VertDistance | D24: Regional | E24: deepocean | F24: 90 | G24: 90 | H24: 90 | I24: 90 | J24: 90 | K24: 90 | L24: 90 | M24: 90 | N24: depth water column | O24: [m] | P24: USEtox (Fantke et al., 2017) | Q24: Continental water depth - water surface depth = water column (depth where UV does not penetrate)
B25: frac_runoff_rw_C | D25: Regional | F25: 0.014496812 | G25: 0.12852081 | H25: 0.028291286 | I25: 0.0017166348 | J25: 0.035221577 | K25: 0.082847468 | L25: 0.029771738 | M25: 0.025343262 | N25: fraction runoff to river | O25: - | P25: Fraction runoff in USEtox * Fraction of surface water allocated to river
B26: frac_runoff_lw_C | D26: Regional | F26: 0.3514707 | G26: 0.25279571 | H26: 0.14390491 | I26: 0.18244911 | J26: 0.42860856 | K26: 0.18047085 | L26: 0.32944492 | M26: 0.16470065 | N26: fraction runoff to lake | O26: - | P26: Fraction runoff in USEtox * Fraction of surface water allocated to lake
C27: FRACrun | D27: Regional | F27: 0.36596752 | G27: 0.38131652 | H27: 0.1721962 | I27: 0.18416575 | J27: 0.46383013 | K27: 0.26331831 | L27: 0.35921666 | M27: 0.19004392 | N27: fraction runoff | O27: - | P27: USEtox (Fantke et al., 2017)
B28: frac_infiltr_C | C28: FRACinf | D28: Regional | F28: 0.26947836 | G28: 0.26947836 | H28: 0.26947836 | I28: 0.26947836 | J28: 0.26947836 | K28: 0.26947836 | L28: 0.26947836 | M28: 0.26947836 | N28: fraction infiltration | O28: - | P28: USEtox (Fantke et al., 2017)
B29: soil_ero_C | D29: Regional | F29: 9.5129376e-13 | G29: 9.5129376e-13 | H29: 9.5129376e-13 | I29: 9.5129376e-13 | J29: 9.5129376e-13 | K29: 9.5129376e-13 | L29: 9.5129376e-13 | M29: 9.5129376e-13 | N29: soil erosion | O29: [m*s-1] | P29: USEtox (Fantke et al., 2017)
B30: irrig_C | D30: Regional | F30: 1.9675113e+11 | G30: 232770200000 | H30: 1.154305e+11 | I30: 272246800000 | J30: 2.2477736e+11 | K30: 1.6684885e+12 | L30: 9.689203e+08 | M30: 1.0566e+10 | N30: irrigation | O30: [m3] | P30: USEtox (Fantke et al., 2017)
B31: dens_fw_species_C | C31: dens_fw_species_C | F31: 0.075 | G31: 0.2989 | H31: 0.1022 | I31: 0.2268 | J31: 0.1225 | K31: 0.288 | L31: 0.057 | M31: 0.0892 | O31: - | P31: Louvet et al. (2026)
B32: dens_marine_species_C | C32: dens_marine_species_C | F32: 0.087273953 | G32: 0.16039537 | H32: 0.009041896 | I32: 0.096315849 | J32: 0.075367854 | K32: 0.27636752 | L32: 0.031955521 | M32: 0.13029316 | O32: - | P32: Louvet et al. (2026)
B33: dens_ter_species_C | C33: dens_ter_species_C | F33: 0.0324 | G33: 0.3433 | H33: 0.0831 | I33: 0.2283 | J33: 0.076 | K33: 0.2298 | L33: 0.0214 | M33: 0.131 | O33: - | P33: Louvet et al. (2026)
C34: UVintensity | D34: Regional | E34: agriculturalsoil | F34: {=_xlfn.XLOOKUP($E34, '1.5.UVintensity'!$L$3:$L$14, _xlfn.XLOOKUP(F$5, '1.5.UVintensity'!$M$2:$U$2, '1.5.UVintensity'!$M$3:$U$14))} -> 0 | G34: {=_xlfn.XLOOKUP($E34, '1.5.UVintensity'!$L$3:$L$14, _xlfn.XLOOKUP(G$5, '1.5.UVintensity'!$M$2:$U$2, '1.5.UVintensity'!$M$3:$U$14))} -> 0 | H34: {=_xlfn.XLOOKUP($E34, '1.5.UVintensity'!$L$3:$L$14, _xlfn.XLOOKUP(H$5, '1.5.UVintensity'!$M$2:$U$2, '1.5.UVintensity'!$M$3:$U$14))} -> 0 | I34: {=_xlfn.XLOOKUP($E34, '1.5.UVintensity'!$L$3:$L$14, _xlfn.XLOOKUP(I$5, '1.5.UVintensity'!$M$2:$U$2, '1.5.UVintensity'!$M$3:$U$14))} -> 0 | J34: {=_xlfn.XLOOKUP($E34, '1.5.UVintensity'!$L$3:$L$14, _xlfn.XLOOKUP(J$5, '1.5.UVintensity'!$M$2:$U$2, '1.5.UVintensity'!$M$3:$U$14))} -> 0 | K34: {=_xlfn.XLOOKUP($E34, '1.5.UVintensity'!$L$3:$L$14, _xlfn.XLOOKUP(K$5, '1.5.UVintensity'!$M$2:$U$2, '1.5.UVintensity'!$M$3:$U$14))} -> 0 | L34: {=_xlfn.XLOOKUP($E34, '1.5.UVintensity'!$L$3:$L$14, _xlfn.XLOOKUP(L$5, '1.5.UVintensity'!$M$2:$U$2, '1.5.UVintensity'!$M$3:$U$14))} -> 0 | M34: {=_xlfn.XLOOKUP($E34, '1.5.UVintensity'!$L$3:$L$14, _xlfn.XLOOKUP(M$5, '1.5.UVintensity'!$M$2:$U$2, '1.5.UVintensity'!$M$3:$U$14))} -> 0 | O34: [W*m-2] | P34: PlasticFADE model
C35: UVintensity | D35: Regional | E35: air | F35: {=_xlfn.XLOOKUP($E35, '1.5.UVintensity'!$L$3:$L$14, _xlfn.XLOOKUP(F$5, '1.5.UVintensity'!$M$2:$U$2, '1.5.UVintensity'!$M$3:$U$14))} -> 8.02 | G35: {=_xlfn.XLOOKUP($E35, '1.5.UVintensity'!$L$3:$L$14, _xlfn.XLOOKUP(G$5, '1.5.UVintensity'!$M$2:$U$2, '1.5.UVintensity'!$M$3:$U$14))} -> 11.78 | H35: {=_xlfn.XLOOKUP($E35, '1.5.UVintensity'!$L$3:$L$14, _xlfn.XLOOKUP(H$5, '1.5.UVintensity'!$M$2:$U$2, '1.5.UVintensity'!$M$3:$U$14))} -> 5.23 | I35: {=_xlfn.XLOOKUP($E35, '1.5.UVintensity'!$L$3:$L$14, _xlfn.XLOOKUP(I$5, '1.5.UVintensity'!$M$2:$U$2, '1.5.UVintensity'!$M$3:$U$14))} -> 13.82 | J35: {=_xlfn.XLOOKUP($E35, '1.5.UVintensity'!$L$3:$L$14, _xlfn.XLOOKUP(J$5, '1.5.UVintensity'!$M$2:$U$2, '1.5.UVintensity'!$M$3:$U$14))} -> 5.63 | K35: {=_xlfn.XLOOKUP($E35, '1.5.UVintensity'!$L$3:$L$14, _xlfn.XLOOKUP(K$5, '1.5.UVintensity'!$M$2:$U$2, '1.5.UVintensity'!$M$3:$U$14))} -> 13.65 | L35: {=_xlfn.XLOOKUP($E35, '1.5.UVintensity'!$L$3:$L$14, _xlfn.XLOOKUP(L$5, '1.5.UVintensity'!$M$2:$U$2, '1.5.UVintensity'!$M$3:$U$14))} -> 3.64 | M35: {=_xlfn.XLOOKUP($E35, '1.5.UVintensity'!$L$3:$L$14, _xlfn.XLOOKUP(M$5, '1.5.UVintensity'!$M$2:$U$2, '1.5.UVintensity'!$M$3:$U$14))} -> 11.85 | O35: [W*m-2] | P35: PlasticFADE model
C36: UVintensity | D36: Regional | E36: cloudwater | F36: {=_xlfn.XLOOKUP($E36, '1.5.UVintensity'!$L$3:$L$14, _xlfn.XLOOKUP(F$5, '1.5.UVintensity'!$M$2:$U$2, '1.5.UVintensity'!$M$3:$U$14))} -> 8.02 | G36: {=_xlfn.XLOOKUP($E36, '1.5.UVintensity'!$L$3:$L$14, _xlfn.XLOOKUP(G$5, '1.5.UVintensity'!$M$2:$U$2, '1.5.UVintensity'!$M$3:$U$14))} -> 11.78 | H36: {=_xlfn.XLOOKUP($E36, '1.5.UVintensity'!$L$3:$L$14, _xlfn.XLOOKUP(H$5, '1.5.UVintensity'!$M$2:$U$2, '1.5.UVintensity'!$M$3:$U$14))} -> 5.23 | I36: {=_xlfn.XLOOKUP($E36, '1.5.UVintensity'!$L$3:$L$14, _xlfn.XLOOKUP(I$5, '1.5.UVintensity'!$M$2:$U$2, '1.5.UVintensity'!$M$3:$U$14))} -> 13.82 | J36: {=_xlfn.XLOOKUP($E36, '1.5.UVintensity'!$L$3:$L$14, _xlfn.XLOOKUP(J$5, '1.5.UVintensity'!$M$2:$U$2, '1.5.UVintensity'!$M$3:$U$14))} -> 5.63 | K36: {=_xlfn.XLOOKUP($E36, '1.5.UVintensity'!$L$3:$L$14, _xlfn.XLOOKUP(K$5, '1.5.UVintensity'!$M$2:$U$2, '1.5.UVintensity'!$M$3:$U$14))} -> 13.65 | L36: {=_xlfn.XLOOKUP($E36, '1.5.UVintensity'!$L$3:$L$14, _xlfn.XLOOKUP(L$5, '1.5.UVintensity'!$M$2:$U$2, '1.5.UVintensity'!$M$3:$U$14))} -> 3.64 | M36: {=_xlfn.XLOOKUP($E36, '1.5.UVintensity'!$L$3:$L$14, _xlfn.XLOOKUP(M$5, '1.5.UVintensity'!$M$2:$U$2, '1.5.UVintensity'!$M$3:$U$14))} -> 11.85 | O36: [W*m-2] | P36: PlasticFADE model
C37: UVintensity | D37: Regional | E37: freshwatersediment | F37: {=_xlfn.XLOOKUP($E37, '1.5.UVintensity'!$L$3:$L$14, _xlfn.XLOOKUP(F$5, '1.5.UVintensity'!$M$2:$U$2, '1.5.UVintensity'!$M$3:$U$14))} -> 0 | G37: {=_xlfn.XLOOKUP($E37, '1.5.UVintensity'!$L$3:$L$14, _xlfn.XLOOKUP(G$5, '1.5.UVintensity'!$M$2:$U$2, '1.5.UVintensity'!$M$3:$U$14))} -> 0 | H37: {=_xlfn.XLOOKUP($E37, '1.5.UVintensity'!$L$3:$L$14, _xlfn.XLOOKUP(H$5, '1.5.UVintensity'!$M$2:$U$2, '1.5.UVintensity'!$M$3:$U$14))} -> 0 | I37: {=_xlfn.XLOOKUP($E37, '1.5.UVintensity'!$L$3:$L$14, _xlfn.XLOOKUP(I$5, '1.5.UVintensity'!$M$2:$U$2, '1.5.UVintensity'!$M$3:$U$14))} -> 0 | J37: {=_xlfn.XLOOKUP($E37, '1.5.UVintensity'!$L$3:$L$14, _xlfn.XLOOKUP(J$5, '1.5.UVintensity'!$M$2:$U$2, '1.5.UVintensity'!$M$3:$U$14))} -> 0 | K37: {=_xlfn.XLOOKUP($E37, '1.5.UVintensity'!$L$3:$L$14, _xlfn.XLOOKUP(K$5, '1.5.UVintensity'!$M$2:$U$2, '1.5.UVintensity'!$M$3:$U$14))} -> 0 | L37: {=_xlfn.XLOOKUP($E37, '1.5.UVintensity'!$L$3:$L$14, _xlfn.XLOOKUP(L$5, '1.5.UVintensity'!$M$2:$U$2, '1.5.UVintensity'!$M$3:$U$14))} -> 0 | M37: {=_xlfn.XLOOKUP($E37, '1.5.UVintensity'!$L$3:$L$14, _xlfn.XLOOKUP(M$5, '1.5.UVintensity'!$M$2:$U$2, '1.5.UVintensity'!$M$3:$U$14))} -> 0 | O37: [W*m-2] | P37: PlasticFADE model
C38: UVintensity | D38: Regional | E38: lake | F38: {=_xlfn.XLOOKUP($E38, '1.5.UVintensity'!$L$3:$L$14, _xlfn.XLOOKUP(F$5, '1.5.UVintensity'!$M$2:$U$2, '1.5.UVintensity'!$M$3:$U$14))} -> 0.067966102 | G38: {=_xlfn.XLOOKUP($E38, '1.5.UVintensity'!$L$3:$L$14, _xlfn.XLOOKUP(G$5, '1.5.UVintensity'!$M$2:$U$2, '1.5.UVintensity'!$M$3:$U$14))} -> 0.11459144 | H38: {=_xlfn.XLOOKUP($E38, '1.5.UVintensity'!$L$3:$L$14, _xlfn.XLOOKUP(H$5, '1.5.UVintensity'!$M$2:$U$2, '1.5.UVintensity'!$M$3:$U$14))} -> 0.048605948 | I38: {=_xlfn.XLOOKUP($E38, '1.5.UVintensity'!$L$3:$L$14, _xlfn.XLOOKUP(I$5, '1.5.UVintensity'!$M$2:$U$2, '1.5.UVintensity'!$M$3:$U$14))} -> 0.029810181 | J38: {=_xlfn.XLOOKUP($E38, '1.5.UVintensity'!$L$3:$L$14, _xlfn.XLOOKUP(J$5, '1.5.UVintensity'!$M$2:$U$2, '1.5.UVintensity'!$M$3:$U$14))} -> 0.042522659 | K38: {=_xlfn.XLOOKUP($E38, '1.5.UVintensity'!$L$3:$L$14, _xlfn.XLOOKUP(K$5, '1.5.UVintensity'!$M$2:$U$2, '1.5.UVintensity'!$M$3:$U$14))} -> 0.19612069 | L38: {=_xlfn.XLOOKUP($E38, '1.5.UVintensity'!$L$3:$L$14, _xlfn.XLOOKUP(L$5, '1.5.UVintensity'!$M$2:$U$2, '1.5.UVintensity'!$M$3:$U$14))} -> 0.006899166 | M38: {=_xlfn.XLOOKUP($E38, '1.5.UVintensity'!$L$3:$L$14, _xlfn.XLOOKUP(M$5, '1.5.UVintensity'!$M$2:$U$2, '1.5.UVintensity'!$M$3:$U$14))} -> 0.33664773 | O38: [W*m-2] | P38: PlasticFADE model
C39: UVintensity | D39: Regional | E39: lakesediment | F39: {=_xlfn.XLOOKUP($E39, '1.5.UVintensity'!$L$3:$L$14, _xlfn.XLOOKUP(F$5, '1.5.UVintensity'!$M$2:$U$2, '1.5.UVintensity'!$M$3:$U$14))} -> 0 | G39: {=_xlfn.XLOOKUP($E39, '1.5.UVintensity'!$L$3:$L$14, _xlfn.XLOOKUP(G$5, '1.5.UVintensity'!$M$2:$U$2, '1.5.UVintensity'!$M$3:$U$14))} -> 0 | H39: {=_xlfn.XLOOKUP($E39, '1.5.UVintensity'!$L$3:$L$14, _xlfn.XLOOKUP(H$5, '1.5.UVintensity'!$M$2:$U$2, '1.5.UVintensity'!$M$3:$U$14))} -> 0 | I39: {=_xlfn.XLOOKUP($E39, '1.5.UVintensity'!$L$3:$L$14, _xlfn.XLOOKUP(I$5, '1.5.UVintensity'!$M$2:$U$2, '1.5.UVintensity'!$M$3:$U$14))} -> 0 | J39: {=_xlfn.XLOOKUP($E39, '1.5.UVintensity'!$L$3:$L$14, _xlfn.XLOOKUP(J$5, '1.5.UVintensity'!$M$2:$U$2, '1.5.UVintensity'!$M$3:$U$14))} -> 0 | K39: {=_xlfn.XLOOKUP($E39, '1.5.UVintensity'!$L$3:$L$14, _xlfn.XLOOKUP(K$5, '1.5.UVintensity'!$M$2:$U$2, '1.5.UVintensity'!$M$3:$U$14))} -> 0 | L39: {=_xlfn.XLOOKUP($E39, '1.5.UVintensity'!$L$3:$L$14, _xlfn.XLOOKUP(L$5, '1.5.UVintensity'!$M$2:$U$2, '1.5.UVintensity'!$M$3:$U$14))} -> 0 | M39: {=_xlfn.XLOOKUP($E39, '1.5.UVintensity'!$L$3:$L$14, _xlfn.XLOOKUP(M$5, '1.5.UVintensity'!$M$2:$U$2, '1.5.UVintensity'!$M$3:$U$14))} -> 0 | O39: [W*m-2] | P39: PlasticFADE model
C40: UVintensity | D40: Regional | E40: marinesediment | F40: {=_xlfn.XLOOKUP($E40, '1.5.UVintensity'!$L$3:$L$14, _xlfn.XLOOKUP(F$5, '1.5.UVintensity'!$M$2:$U$2, '1.5.UVintensity'!$M$3:$U$14))} -> 0 | G40: {=_xlfn.XLOOKUP($E40, '1.5.UVintensity'!$L$3:$L$14, _xlfn.XLOOKUP(G$5, '1.5.UVintensity'!$M$2:$U$2, '1.5.UVintensity'!$M$3:$U$14))} -> 0 | H40: {=_xlfn.XLOOKUP($E40, '1.5.UVintensity'!$L$3:$L$14, _xlfn.XLOOKUP(H$5, '1.5.UVintensity'!$M$2:$U$2, '1.5.UVintensity'!$M$3:$U$14))} -> 0 | I40: {=_xlfn.XLOOKUP($E40, '1.5.UVintensity'!$L$3:$L$14, _xlfn.XLOOKUP(I$5, '1.5.UVintensity'!$M$2:$U$2, '1.5.UVintensity'!$M$3:$U$14))} -> 0 | J40: {=_xlfn.XLOOKUP($E40, '1.5.UVintensity'!$L$3:$L$14, _xlfn.XLOOKUP(J$5, '1.5.UVintensity'!$M$2:$U$2, '1.5.UVintensity'!$M$3:$U$14))} -> 0 | K40: {=_xlfn.XLOOKUP($E40, '1.5.UVintensity'!$L$3:$L$14, _xlfn.XLOOKUP(K$5, '1.5.UVintensity'!$M$2:$U$2, '1.5.UVintensity'!$M$3:$U$14))} -> 0 | L40: {=_xlfn.XLOOKUP($E40, '1.5.UVintensity'!$L$3:$L$14, _xlfn.XLOOKUP(L$5, '1.5.UVintensity'!$M$2:$U$2, '1.5.UVintensity'!$M$3:$U$14))} -> 0 | M40: {=_xlfn.XLOOKUP($E40, '1.5.UVintensity'!$L$3:$L$14, _xlfn.XLOOKUP(M$5, '1.5.UVintensity'!$M$2:$U$2, '1.5.UVintensity'!$M$3:$U$14))} -> 0 | O40: [W*m-2] | P40: PlasticFADE model
C41: UVintensity | D41: Regional | E41: naturalsoil | F41: {=_xlfn.XLOOKUP($E41, '1.5.UVintensity'!$L$3:$L$14, _xlfn.XLOOKUP(F$5, '1.5.UVintensity'!$M$2:$U$2, '1.5.UVintensity'!$M$3:$U$14))} -> 0 | G41: {=_xlfn.XLOOKUP($E41, '1.5.UVintensity'!$L$3:$L$14, _xlfn.XLOOKUP(G$5, '1.5.UVintensity'!$M$2:$U$2, '1.5.UVintensity'!$M$3:$U$14))} -> 0 | H41: {=_xlfn.XLOOKUP($E41, '1.5.UVintensity'!$L$3:$L$14, _xlfn.XLOOKUP(H$5, '1.5.UVintensity'!$M$2:$U$2, '1.5.UVintensity'!$M$3:$U$14))} -> 0 | I41: {=_xlfn.XLOOKUP($E41, '1.5.UVintensity'!$L$3:$L$14, _xlfn.XLOOKUP(I$5, '1.5.UVintensity'!$M$2:$U$2, '1.5.UVintensity'!$M$3:$U$14))} -> 0 | J41: {=_xlfn.XLOOKUP($E41, '1.5.UVintensity'!$L$3:$L$14, _xlfn.XLOOKUP(J$5, '1.5.UVintensity'!$M$2:$U$2, '1.5.UVintensity'!$M$3:$U$14))} -> 0 | K41: {=_xlfn.XLOOKUP($E41, '1.5.UVintensity'!$L$3:$L$14, _xlfn.XLOOKUP(K$5, '1.5.UVintensity'!$M$2:$U$2, '1.5.UVintensity'!$M$3:$U$14))} -> 0 | L41: {=_xlfn.XLOOKUP($E41, '1.5.UVintensity'!$L$3:$L$14, _xlfn.XLOOKUP(L$5, '1.5.UVintensity'!$M$2:$U$2, '1.5.UVintensity'!$M$3:$U$14))} -> 0 | M41: {=_xlfn.XLOOKUP($E41, '1.5.UVintensity'!$L$3:$L$14, _xlfn.XLOOKUP(M$5, '1.5.UVintensity'!$M$2:$U$2, '1.5.UVintensity'!$M$3:$U$14))} -> 0 | O41: [W*m-2] | P41: PlasticFADE model
C42: UVintensity | D42: Regional | E42: othersoil | F42: {=_xlfn.XLOOKUP($E42, '1.5.UVintensity'!$L$3:$L$14, _xlfn.XLOOKUP(F$5, '1.5.UVintensity'!$M$2:$U$2, '1.5.UVintensity'!$M$3:$U$14))} -> 0 | G42: {=_xlfn.XLOOKUP($E42, '1.5.UVintensity'!$L$3:$L$14, _xlfn.XLOOKUP(G$5, '1.5.UVintensity'!$M$2:$U$2, '1.5.UVintensity'!$M$3:$U$14))} -> 0 | H42: {=_xlfn.XLOOKUP($E42, '1.5.UVintensity'!$L$3:$L$14, _xlfn.XLOOKUP(H$5, '1.5.UVintensity'!$M$2:$U$2, '1.5.UVintensity'!$M$3:$U$14))} -> 0 | I42: {=_xlfn.XLOOKUP($E42, '1.5.UVintensity'!$L$3:$L$14, _xlfn.XLOOKUP(I$5, '1.5.UVintensity'!$M$2:$U$2, '1.5.UVintensity'!$M$3:$U$14))} -> 0 | J42: {=_xlfn.XLOOKUP($E42, '1.5.UVintensity'!$L$3:$L$14, _xlfn.XLOOKUP(J$5, '1.5.UVintensity'!$M$2:$U$2, '1.5.UVintensity'!$M$3:$U$14))} -> 0 | K42: {=_xlfn.XLOOKUP($E42, '1.5.UVintensity'!$L$3:$L$14, _xlfn.XLOOKUP(K$5, '1.5.UVintensity'!$M$2:$U$2, '1.5.UVintensity'!$M$3:$U$14))} -> 0 | L42: {=_xlfn.XLOOKUP($E42, '1.5.UVintensity'!$L$3:$L$14, _xlfn.XLOOKUP(L$5, '1.5.UVintensity'!$M$2:$U$2, '1.5.UVintensity'!$M$3:$U$14))} -> 0 | M42: {=_xlfn.XLOOKUP($E42, '1.5.UVintensity'!$L$3:$L$14, _xlfn.XLOOKUP(M$5, '1.5.UVintensity'!$M$2:$U$2, '1.5.UVintensity'!$M$3:$U$14))} -> 0 | O42: [W*m-2] | P42: PlasticFADE model
C43: UVintensity | D43: Regional | E43: river | F43: {=_xlfn.XLOOKUP($E43, '1.5.UVintensity'!$L$3:$L$14, _xlfn.XLOOKUP(F$5, '1.5.UVintensity'!$M$2:$U$2, '1.5.UVintensity'!$M$3:$U$14))} -> 0.33416667 | G43: {=_xlfn.XLOOKUP($E43, '1.5.UVintensity'!$L$3:$L$14, _xlfn.XLOOKUP(G$5, '1.5.UVintensity'!$M$2:$U$2, '1.5.UVintensity'!$M$3:$U$14))} -> 0.26772727 | H43: {=_xlfn.XLOOKUP($E43, '1.5.UVintensity'!$L$3:$L$14, _xlfn.XLOOKUP(H$5, '1.5.UVintensity'!$M$2:$U$2, '1.5.UVintensity'!$M$3:$U$14))} -> 0.27526316 | I43: {=_xlfn.XLOOKUP($E43, '1.5.UVintensity'!$L$3:$L$14, _xlfn.XLOOKUP(I$5, '1.5.UVintensity'!$M$2:$U$2, '1.5.UVintensity'!$M$3:$U$14))} -> 0.5528 | J43: {=_xlfn.XLOOKUP($E43, '1.5.UVintensity'!$L$3:$L$14, _xlfn.XLOOKUP(J$5, '1.5.UVintensity'!$M$2:$U$2, '1.5.UVintensity'!$M$3:$U$14))} -> 0.25590909 | K43: {=_xlfn.XLOOKUP($E43, '1.5.UVintensity'!$L$3:$L$14, _xlfn.XLOOKUP(K$5, '1.5.UVintensity'!$M$2:$U$2, '1.5.UVintensity'!$M$3:$U$14))} -> 0.41363636 | L43: {=_xlfn.XLOOKUP($E43, '1.5.UVintensity'!$L$3:$L$14, _xlfn.XLOOKUP(L$5, '1.5.UVintensity'!$M$2:$U$2, '1.5.UVintensity'!$M$3:$U$14))} -> 0.12551724 | M43: {=_xlfn.XLOOKUP($E43, '1.5.UVintensity'!$L$3:$L$14, _xlfn.XLOOKUP(M$5, '1.5.UVintensity'!$M$2:$U$2, '1.5.UVintensity'!$M$3:$U$14))} -> 1.1849462 | O43: [W*m-2] | P43: PlasticFADE model
C44: UVintensity | D44: Regional | E44: deepocean | F44: {=_xlfn.XLOOKUP($E44, '1.5.UVintensity'!$L$3:$L$14, _xlfn.XLOOKUP(F$5, '1.5.UVintensity'!$M$2:$U$2, '1.5.UVintensity'!$M$3:$U$14))} -> 0 | G44: {=_xlfn.XLOOKUP($E44, '1.5.UVintensity'!$L$3:$L$14, _xlfn.XLOOKUP(G$5, '1.5.UVintensity'!$M$2:$U$2, '1.5.UVintensity'!$M$3:$U$14))} -> 0 | H44: {=_xlfn.XLOOKUP($E44, '1.5.UVintensity'!$L$3:$L$14, _xlfn.XLOOKUP(H$5, '1.5.UVintensity'!$M$2:$U$2, '1.5.UVintensity'!$M$3:$U$14))} -> 0 | I44: {=_xlfn.XLOOKUP($E44, '1.5.UVintensity'!$L$3:$L$14, _xlfn.XLOOKUP(I$5, '1.5.UVintensity'!$M$2:$U$2, '1.5.UVintensity'!$M$3:$U$14))} -> 0 | J44: {=_xlfn.XLOOKUP($E44, '1.5.UVintensity'!$L$3:$L$14, _xlfn.XLOOKUP(J$5, '1.5.UVintensity'!$M$2:$U$2, '1.5.UVintensity'!$M$3:$U$14))} -> 0 | K44: {=_xlfn.XLOOKUP($E44, '1.5.UVintensity'!$L$3:$L$14, _xlfn.XLOOKUP(K$5, '1.5.UVintensity'!$M$2:$U$2, '1.5.UVintensity'!$M$3:$U$14))} -> 0 | L44: {=_xlfn.XLOOKUP($E44, '1.5.UVintensity'!$L$3:$L$14, _xlfn.XLOOKUP(L$5, '1.5.UVintensity'!$M$2:$U$2, '1.5.UVintensity'!$M$3:$U$14))} -> 0 | M44: {=_xlfn.XLOOKUP($E44, '1.5.UVintensity'!$L$3:$L$14, _xlfn.XLOOKUP(M$5, '1.5.UVintensity'!$M$2:$U$2, '1.5.UVintensity'!$M$3:$U$14))} -> 0 | O44: [W*m-2] | P44: PlasticFADE model
C45: UVintensity | D45: Regional | E45: sea | F45: {=_xlfn.XLOOKUP($E45, '1.5.UVintensity'!$L$3:$L$14, _xlfn.XLOOKUP(F$5, '1.5.UVintensity'!$M$2:$U$2, '1.5.UVintensity'!$M$3:$U$14))} -> 3.4673055 | G45: {=_xlfn.XLOOKUP($E45, '1.5.UVintensity'!$L$3:$L$14, _xlfn.XLOOKUP(G$5, '1.5.UVintensity'!$M$2:$U$2, '1.5.UVintensity'!$M$3:$U$14))} -> 5.0928752 | H45: {=_xlfn.XLOOKUP($E45, '1.5.UVintensity'!$L$3:$L$14, _xlfn.XLOOKUP(H$5, '1.5.UVintensity'!$M$2:$U$2, '1.5.UVintensity'!$M$3:$U$14))} -> 2.2610982 | I45: {=_xlfn.XLOOKUP($E45, '1.5.UVintensity'!$L$3:$L$14, _xlfn.XLOOKUP(I$5, '1.5.UVintensity'!$M$2:$U$2, '1.5.UVintensity'!$M$3:$U$14))} -> 5.9748332 | J45: {=_xlfn.XLOOKUP($E45, '1.5.UVintensity'!$L$3:$L$14, _xlfn.XLOOKUP(J$5, '1.5.UVintensity'!$M$2:$U$2, '1.5.UVintensity'!$M$3:$U$14))} -> 2.4340312 | K45: {=_xlfn.XLOOKUP($E45, '1.5.UVintensity'!$L$3:$L$14, _xlfn.XLOOKUP(K$5, '1.5.UVintensity'!$M$2:$U$2, '1.5.UVintensity'!$M$3:$U$14))} -> 5.9013367 | L45: {=_xlfn.XLOOKUP($E45, '1.5.UVintensity'!$L$3:$L$14, _xlfn.XLOOKUP(L$5, '1.5.UVintensity'!$M$2:$U$2, '1.5.UVintensity'!$M$3:$U$14))} -> 1.5736898 | M45: {=_xlfn.XLOOKUP($E45, '1.5.UVintensity'!$L$3:$L$14, _xlfn.XLOOKUP(M$5, '1.5.UVintensity'!$M$2:$U$2, '1.5.UVintensity'!$M$3:$U$14))} -> 5.1231384 | O45: [W*m-2] | P45: PlasticFADE model
C46: MICROBconc | D46: Regional | E46: agriculturalsoil | F46: 121000000 | G46: 121000000 | H46: 121000000 | I46: 121000000 | J46: 121000000 | K46: 121000000 | L46: 121000000 | M46: 121000000 | O46: [CFU*mL-1] | P46: PlasticFADE model
C47: MICROBconc | D47: Regional | E47: air | F47: 0.5 | G47: 0.5 | H47: 0.5 | I47: 0.5 | J47: 0.5 | K47: 0.5 | L47: 0.5 | M47: 0.5 | O47: [CFU*mL-1] | P47: PlasticFADE model
C48: MICROBconc | D48: Regional | E48: cloudwater | F48: 0.5 | G48: 0.5 | H48: 0.5 | I48: 0.5 | J48: 0.5 | K48: 0.5 | L48: 0.5 | M48: 0.5 | O48: [CFU*mL-1] | P48: PlasticFADE model
C49: MICROBconc | D49: Regional | E49: freshwatersediment | F49: 482000 | G49: 482000 | H49: 482000 | I49: 482000 | J49: 482000 | K49: 482000 | L49: 482000 | M49: 482000 | O49: [CFU*mL-1] | P49: PlasticFADE model
C50: MICROBconc | D50: Regional | E50: lake | F50: 250000 | G50: 250000 | H50: 250000 | I50: 250000 | J50: 250000 | K50: 250000 | L50: 250000 | M50: 250000 | O50: [CFU*mL-1] | P50: PlasticFADE model
C51: MICROBconc | D51: Regional | E51: lakesediment | F51: 482000 | G51: 482000 | H51: 482000 | I51: 482000 | J51: 482000 | K51: 482000 | L51: 482000 | M51: 482000 | O51: [CFU*mL-1] | P51: PlasticFADE model
C52: MICROBconc | D52: Regional | E52: marinesediment | F52: 482000 | G52: 482000 | H52: 482000 | I52: 482000 | J52: 482000 | K52: 482000 | L52: 482000 | M52: 482000 | O52: [CFU*mL-1] | P52: PlasticFADE model
C53: MICROBconc | D53: Regional | E53: naturalsoil | F53: 121000000 | G53: 121000000 | H53: 121000000 | I53: 121000000 | J53: 121000000 | K53: 121000000 | L53: 121000000 | M53: 121000000 | O53: [CFU*mL-1] | P53: PlasticFADE model
C54: MICROBconc | D54: Regional | E54: othersoil | F54: 121000000 | G54: 121000000 | H54: 121000000 | I54: 121000000 | J54: 121000000 | K54: 121000000 | L54: 121000000 | M54: 121000000 | O54: [CFU*mL-1] | P54: PlasticFADE model
C55: MICROBconc | D55: Regional | E55: river | F55: 250000 | G55: 250000 | H55: 250000 | I55: 250000 | J55: 250000 | K55: 250000 | L55: 250000 | M55: 250000 | O55: [CFU*mL-1] | P55: PlasticFADE model
C56: MICROBconc | D56: Regional | E56: deepocean | F56: 250000 | G56: 250000 | H56: 250000 | I56: 250000 | J56: 250000 | K56: 250000 | L56: 250000 | M56: 250000 | O56: [CFU*mL-1] | P56: PlasticFADE model
C57: MICROBconc | D57: Regional | E57: sea | F57: 250000 | G57: 250000 | H57: 250000 | I57: 250000 | J57: 250000 | K57: 250000 | L57: 250000 | M57: 250000 | O57: [CFU*mL-1] | P57: PlasticFADE model
A58: GLOBAL SCALE | B58: area_land_G | D58: Continental | F58: 1.2391012e+14 | G58: 1.175222e+14 | H58: 1.2983388e+14 | I58: 1.0410177e+14 | J58: 1.2152316e+14 | K58: 1.2153403e+14 | L58: 1.2010017e+14 | M58: 1.3027535e+14 | N58: area of land | O58: [m2] | P58: USEtox (Fantke et al., 2017)
B59: area_sea_G | D59: Continental | F59: 3.6203119e+14 | G59: 3.608957e+14 | H59: 3.6216841e+14 | I59: 3.6227819e+14 | J59: 3.631323e+14 | K59: 3.5853119e+14 | L59: 3.5824373e+14 | M59: 3.6162802e+14 | N59: area of sea | O59: [m2] | P59: USEtox (Fantke et al., 2017)
C60: TotalArea | D60: Continental | F60: =F59+F58+F8 -> 5.0226869e+14 | G60: =G59+G58+G8 -> 502268688752959 | H60: =H59+H58+H8 -> 5.0226869e+14 | I60: =I59+I58+I8 -> 5.0226869e+14 | J60: =J59+J58+J8 -> 5.0226869e+14 | K60: =K59+K58+K8 -> 502268688752959 | L60: =L59+L58+L8 -> 5.0226869e+14 | M60: =M59+M58+M8 -> 5.0226869e+14 | O60: [m2] | P60: USEtox (Fantke et al., 2017) | Q60: Total area needs to include the size of nested scales. We add the area of continental scale
C61: FRACsea | D61: Continental | F61: =(F59+F7)/F60 -> 0.72445008 | G61: =(G59+G7)/G60 -> 0.72445008 | H61: =(H59+H7)/H60 -> 0.72445008 | I61: =(I59+I7)/I60 -> 0.72445008 | J61: =(J59+J7)/J60 -> 0.72445008 | K61: =(K59+K7)/K60 -> 0.72445008 | L61: =(L59+L7)/L60 -> 0.72445008 | M61: =(M59+M7)/M60 -> 0.72445008 | O61: - | P61: USEtox (Fantke et al., 2017) | Q61: Adapted so include nested compartment
B62: areafrac_rw_G | C62: landFRAC | D62: Continental | E62: river | F62: 0.0037256943 | G62: 0.0027612917 | H62: 0.0032048504 | I62: 0.0041965315 | J62: 0.0033368619 | K62: 0.0026678907 | L62: 0.0030580701 | M62: 0.0033812262 | N62: fraction of land area allocated to river | O62: - | P62: Calculated with HydroATLAS (Louvet et al., 2026)
B63: areafrac_lw_G | C63: landFRAC | D63: Continental | E63: lake | F63: 0.023643521 | G63: 0.033374003 | H63: 0.030570453 | I63: 0.03581244 | J63: 0.030787933 | K63: 0.030123706 | L63: 0.027011189 | M63: 0.031862099 | N63: fraction of land area allocated to lake | O63: - | P63: Calculated with HydroATLAS (Louvet et al., 2026)
B64: areafrac_nat_soil_G | C64: landFRAC | D64: Continental | E64: naturalsoil | F64: 0.60856223 | G64: 0.60333262 | H64: 0.61268443 | I64: 0.61834427 | J64: 0.62337847 | K64: 0.62669565 | L64: 0.57889629 | M64: 0.6156604 | N64: fraction of land area allocated to natural soil | O64: - | P64: USEtox (Fantke et al., 2017)
B65: areafrac_agr_soil_G | C65: landFRAC | D65: Continental | E65: agriculturalsoil | F65: 0.36406856 | G65: 0.36053209 | H65: 0.35354027 | I65: 0.34164676 | J65: 0.34249673 | K65: 0.34051276 | L65: 0.39103445 | M65: 0.34909628 | N65: fraction of land area allocated to agricultural soil | O65: - | P65: USEtox (Fantke et al., 2017)
B66: areafrac_agr_soil_C | C66: landFRAC | D66: Continental | E66: othersoil | F66: 1e-20 | G66: 1e-20 | H66: 1e-20 | I66: 1e-20 | J66: 1e-20 | K66: 1e-20 | L66: 1e-20 | M66: 1e-20 | N66: fraction of land area allocated to other soil | O66: - | P66: -
B67: fracsf_rw_G | D67: Continental | F67: 0.13612719 | G67: 0.076415366 | H67: 0.094887391 | I67: 0.10488976 | J67: 0.097784086 | K67: 0.081358975 | L67: 0.10170088 | M67: 0.095939476 | N67: fraction of surface water allocated to river | O67: - | P67: Calculated with HydroATLAS
B68: fracsf_lw_G | D68: Continental | F68: 0.86387281 | G68: 0.92358463 | H68: 0.90511261 | I68: 0.89511024 | J68: 0.90221591 | K68: 0.91864103 | L68: 0.89829912 | M68: 0.90406052 | N68: fraction of surface water allocated to lake | O68: - | P68: Calculated with HydroATLAS
B69: temp_G | C69: Temp | D69: Continental | F69: 285.15 | G69: 285.15 | H69: 285.15 | I69: 285.15 | J69: 285.15 | K69: 285.15 | L69: 285.15 | M69: 285.15 | N69: temperature | O69: K | P69: USEtox (Fantke et al., 2017)
B70: wind_speed_G | C70: WINDspeed | D70: Continental | F70: 3 | G70: 3 | H70: 3 | I70: 3 | J70: 3 | K70: 3 | L70: 3 | M70: 3 | N70: wind speed | O70: [m*s-1] | P70: USEtox (Fantke et al., 2017)
B71: rain_rate_G | D71: Continental | F71: 2.2196854e-08 | G71: 2.2196854e-08 | H71: 2.2196854e-08 | I71: 2.2196854e-08 | J71: 2.2196854e-08 | K71: 2.2196854e-08 | L71: 2.2196854e-08 | M71: 2.2196854e-08 | N71: rain rate | O71: [m*s-1] | P71: USEtox (Fantke et al., 2017)
C72: RAINrate | D72: Continental | F72: =F71*1000*365*24*3600 -> 700 | G72: =G71*1000*365*24*3600 -> 700 | H72: =H71*1000*365*24*3600 -> 700 | I72: =I71*1000*365*24*3600 -> 700 | J72: =J71*1000*365*24*3600 -> 700 | K72: =K71*1000*365*24*3600 -> 700 | L72: =L71*1000*365*24*3600 -> 700 | M72: =M71*1000*365*24*3600 -> 700 | N72: rain rate | O72: [mm*yr-1] | P72: USEtox (Fantke et al., 2017)
B73: depth_rw_G | C73: VertDistance | D73: Continental | E73: river | F73: 3.3481105 | G73: 2.7350201 | H73: 3.2415889 | I73: 3.1902083 | J73: 3.2236167 | K73: 3.1509464 | L73: 3.2600325 | M73: 3.2466419 | N73: depth river water | O73: [m] | P73: Calculated with HydroATLAS
B74: depth_lw_G | C74: VertDistance | D74: Continental | E74: lake | F74: 90.805257 | G74: 66.519703 | H74: 65.10935 | I74: 58.82413 | J74: 65.859719 | K74: 66.64602 | L74: 39.143976 | M74: 65.281448 | N74: depth lake water | O74: [m] | P74: Calculated with HydroATLAS
B75: depth_sw_G | C75: VertDistance | D75: Continental | E75: sea | F75: 3682 | G75: 3682 | H75: 3682 | I75: 3682 | J75: 3682 | K75: 3682 | L75: 3682 | M75: 3682 | N75: depth sea water surface | O75: [m] | P75: Tedetti & Sempéré (2006)
C76: VertDistance | D76: Continental | E76: deepocean | F76: 1000 | G76: 1000 | H76: 1000 | I76: 1000 | J76: 1000 | K76: 1000 | L76: 1000 | M76: 1000 | N76: depth water column | O76: [m] | P76: USEtox (Fantke et al., 2017)
B77: frac_runoff_rw_G | D77: Continental | F77: 0.034031797 | G77: 0.019103841 | H77: 0.023721848 | I77: 0.026222441 | J77: 0.024446021 | K77: 0.020339744 | L77: 0.02542522 | M77: 0.023984869 | N77: fraction runoff to river | O77: - | P77: Fraction runoff in USEtox * Fraction of surface water allocated to river
B78: frac_runoff_lw_G | D78: Continental | F78: 0.2159682 | G78: 0.23089616 | H78: 0.22627815 | I78: 0.22377756 | J78: 0.22555398 | K78: 0.22966026 | L78: 0.22457478 | M78: 0.22601513 | N78: fraction runoff to lake | O78: - | P78: Fraction runoff in USEtox * Fraction of surface water allocated to lake
C79: FRACrun | D79: Continental | F79: 0.25 | G79: 0.25 | H79: 0.25 | I79: 0.25 | J79: 0.25 | K79: 0.25 | L79: 0.25 | M79: 0.25 | N79: fraction runoff | O79: - | P79: USEtox (Fantke et al., 2017)
B80: frac_infiltr_G | C80: FRACinf | D80: Continental | F80: 0.25 | G80: 0.25 | H80: 0.25 | I80: 0.25 | J80: 0.25 | K80: 0.25 | L80: 0.25 | M80: 0.25 | N80: fraction infiltration | O80: - | P80: USEtox (Fantke et al., 2017)
B81: soil_ero_G | D81: Continental | F81: 9.5129376e-13 | G81: 9.5129376e-13 | H81: 9.5129376e-13 | I81: 9.5129376e-13 | J81: 9.5129376e-13 | K81: 9.5129376e-13 | L81: 9.5129376e-13 | M81: 9.5129376e-13 | N81: soil erosion | O81: [m*s-1] | P81: USEtox (Fantke et al., 2017)
B82: irrig_G | D82: Continental | F82: 2722000000000 | G82: 2722000000000 | H82: 2722000000000 | I82: 2722000000000 | J82: 2722000000000 | K82: 2722000000000 | L82: 2722000000000 | M82: 2722000000000 | N82: irrigation | O82: [m3] | P82: USEtox (Fantke et al., 2017)
B83: dens_fw_species_RoW | C83: dens_fw_species_RoW | F83: 0.925 | G83: 0.7011 | H83: 0.8978 | I83: 0.7732 | J83: 0.8775 | K83: 0.712 | L83: 0.943 | M83: 0.9108 | O83: - | P83: Louvet et al. (2026)
B84: dens_marine_species_RoW | C84: dens_marine_species_RoW | F84: 0.29669774 | G84: 0.29669774 | H84: 0.29669774 | I84: 0.29669774 | J84: 0.29669774 | K84: 0.29669774 | L84: 0.29669774 | M84: 0.29669774 | O84: - | P84: Louvet et al. (2026)
B85: dens_ter_species_RoW | C85: dens_ter_species_RoW | F85: 0.9676 | G85: 0.6567 | H85: 0.9169 | I85: 0.7717 | J85: 0.924 | K85: 0.7702 | L85: 0.9786 | M85: 0.869 | O85: - | P85: Louvet et al. (2026)
C86: UVintensity | D86: Continental | E86: agriculturalsoil | F86: =_xlfn.XLOOKUP($E86,'1.5.UVintensity'!$L$3:$L$14,'1.5.UVintensity'!$U$3:$U$14) -> 0 | G86: =_xlfn.XLOOKUP($E86,'1.5.UVintensity'!$L$3:$L$14,'1.5.UVintensity'!$U$3:$U$14) -> 0 | H86: =_xlfn.XLOOKUP($E86,'1.5.UVintensity'!$L$3:$L$14,'1.5.UVintensity'!$U$3:$U$14) -> 0 | I86: =_xlfn.XLOOKUP($E86,'1.5.UVintensity'!$L$3:$L$14,'1.5.UVintensity'!$U$3:$U$14) -> 0 | J86: =_xlfn.XLOOKUP($E86,'1.5.UVintensity'!$L$3:$L$14,'1.5.UVintensity'!$U$3:$U$14) -> 0 | K86: =_xlfn.XLOOKUP($E86,'1.5.UVintensity'!$L$3:$L$14,'1.5.UVintensity'!$U$3:$U$14) -> 0 | L86: =_xlfn.XLOOKUP($E86,'1.5.UVintensity'!$L$3:$L$14,'1.5.UVintensity'!$U$3:$U$14) -> 0 | M86: =_xlfn.XLOOKUP($E86,'1.5.UVintensity'!$L$3:$L$14,'1.5.UVintensity'!$U$3:$U$14) -> 0 | O86: [W*m-2] | P86: PlasticFADE model
C87: UVintensity | D87: Continental | E87: air | F87: =_xlfn.XLOOKUP($E87,'1.5.UVintensity'!$L$3:$L$14,'1.5.UVintensity'!$U$3:$U$14) -> 10 | G87: =_xlfn.XLOOKUP($E87,'1.5.UVintensity'!$L$3:$L$14,'1.5.UVintensity'!$U$3:$U$14) -> 10 | H87: =_xlfn.XLOOKUP($E87,'1.5.UVintensity'!$L$3:$L$14,'1.5.UVintensity'!$U$3:$U$14) -> 10 | I87: =_xlfn.XLOOKUP($E87,'1.5.UVintensity'!$L$3:$L$14,'1.5.UVintensity'!$U$3:$U$14) -> 10 | J87: =_xlfn.XLOOKUP($E87,'1.5.UVintensity'!$L$3:$L$14,'1.5.UVintensity'!$U$3:$U$14) -> 10 | K87: =_xlfn.XLOOKUP($E87,'1.5.UVintensity'!$L$3:$L$14,'1.5.UVintensity'!$U$3:$U$14) -> 10 | L87: =_xlfn.XLOOKUP($E87,'1.5.UVintensity'!$L$3:$L$14,'1.5.UVintensity'!$U$3:$U$14) -> 10 | M87: =_xlfn.XLOOKUP($E87,'1.5.UVintensity'!$L$3:$L$14,'1.5.UVintensity'!$U$3:$U$14) -> 10 | O87: [W*m-2] | P87: PlasticFADE model
C88: UVintensity | D88: Continental | E88: cloudwater | F88: =_xlfn.XLOOKUP($E88,'1.5.UVintensity'!$L$3:$L$14,'1.5.UVintensity'!$U$3:$U$14) -> 10 | G88: =_xlfn.XLOOKUP($E88,'1.5.UVintensity'!$L$3:$L$14,'1.5.UVintensity'!$U$3:$U$14) -> 10 | H88: =_xlfn.XLOOKUP($E88,'1.5.UVintensity'!$L$3:$L$14,'1.5.UVintensity'!$U$3:$U$14) -> 10 | I88: =_xlfn.XLOOKUP($E88,'1.5.UVintensity'!$L$3:$L$14,'1.5.UVintensity'!$U$3:$U$14) -> 10 | J88: =_xlfn.XLOOKUP($E88,'1.5.UVintensity'!$L$3:$L$14,'1.5.UVintensity'!$U$3:$U$14) -> 10 | K88: =_xlfn.XLOOKUP($E88,'1.5.UVintensity'!$L$3:$L$14,'1.5.UVintensity'!$U$3:$U$14) -> 10 | L88: =_xlfn.XLOOKUP($E88,'1.5.UVintensity'!$L$3:$L$14,'1.5.UVintensity'!$U$3:$U$14) -> 10 | M88: =_xlfn.XLOOKUP($E88,'1.5.UVintensity'!$L$3:$L$14,'1.5.UVintensity'!$U$3:$U$14) -> 10 | O88: [W*m-2] | P88: PlasticFADE model
C89: UVintensity | D89: Continental | E89: freshwatersediment | F89: =_xlfn.XLOOKUP($E89,'1.5.UVintensity'!$L$3:$L$14,'1.5.UVintensity'!$U$3:$U$14) -> 0 | G89: =_xlfn.XLOOKUP($E89,'1.5.UVintensity'!$L$3:$L$14,'1.5.UVintensity'!$U$3:$U$14) -> 0 | H89: =_xlfn.XLOOKUP($E89,'1.5.UVintensity'!$L$3:$L$14,'1.5.UVintensity'!$U$3:$U$14) -> 0 | I89: =_xlfn.XLOOKUP($E89,'1.5.UVintensity'!$L$3:$L$14,'1.5.UVintensity'!$U$3:$U$14) -> 0 | J89: =_xlfn.XLOOKUP($E89,'1.5.UVintensity'!$L$3:$L$14,'1.5.UVintensity'!$U$3:$U$14) -> 0 | K89: =_xlfn.XLOOKUP($E89,'1.5.UVintensity'!$L$3:$L$14,'1.5.UVintensity'!$U$3:$U$14) -> 0 | L89: =_xlfn.XLOOKUP($E89,'1.5.UVintensity'!$L$3:$L$14,'1.5.UVintensity'!$U$3:$U$14) -> 0 | M89: =_xlfn.XLOOKUP($E89,'1.5.UVintensity'!$L$3:$L$14,'1.5.UVintensity'!$U$3:$U$14) -> 0 | O89: [W*m-2] | P89: PlasticFADE model
C90: UVintensity | D90: Continental | E90: lake | F90: =_xlfn.XLOOKUP($E90,'1.5.UVintensity'!$L$3:$L$14,'1.5.UVintensity'!$U$3:$U$14) -> 0.10539549 | G90: =_xlfn.XLOOKUP($E90,'1.5.UVintensity'!$L$3:$L$14,'1.5.UVintensity'!$U$3:$U$14) -> 0.10539549 | H90: =_xlfn.XLOOKUP($E90,'1.5.UVintensity'!$L$3:$L$14,'1.5.UVintensity'!$U$3:$U$14) -> 0.10539549 | I90: =_xlfn.XLOOKUP($E90,'1.5.UVintensity'!$L$3:$L$14,'1.5.UVintensity'!$U$3:$U$14) -> 0.10539549 | J90: =_xlfn.XLOOKUP($E90,'1.5.UVintensity'!$L$3:$L$14,'1.5.UVintensity'!$U$3:$U$14) -> 0.10539549 | K90: =_xlfn.XLOOKUP($E90,'1.5.UVintensity'!$L$3:$L$14,'1.5.UVintensity'!$U$3:$U$14) -> 0.10539549 | L90: =_xlfn.XLOOKUP($E90,'1.5.UVintensity'!$L$3:$L$14,'1.5.UVintensity'!$U$3:$U$14) -> 0.10539549 | M90: =_xlfn.XLOOKUP($E90,'1.5.UVintensity'!$L$3:$L$14,'1.5.UVintensity'!$U$3:$U$14) -> 0.10539549 | O90: [W*m-2] | P90: PlasticFADE model
C91: UVintensity | D91: Continental | E91: lakesediment | F91: =_xlfn.XLOOKUP($E91,'1.5.UVintensity'!$L$3:$L$14,'1.5.UVintensity'!$U$3:$U$14) -> 0 | G91: =_xlfn.XLOOKUP($E91,'1.5.UVintensity'!$L$3:$L$14,'1.5.UVintensity'!$U$3:$U$14) -> 0 | H91: =_xlfn.XLOOKUP($E91,'1.5.UVintensity'!$L$3:$L$14,'1.5.UVintensity'!$U$3:$U$14) -> 0 | I91: =_xlfn.XLOOKUP($E91,'1.5.UVintensity'!$L$3:$L$14,'1.5.UVintensity'!$U$3:$U$14) -> 0 | J91: =_xlfn.XLOOKUP($E91,'1.5.UVintensity'!$L$3:$L$14,'1.5.UVintensity'!$U$3:$U$14) -> 0 | K91: =_xlfn.XLOOKUP($E91,'1.5.UVintensity'!$L$3:$L$14,'1.5.UVintensity'!$U$3:$U$14) -> 0 | L91: =_xlfn.XLOOKUP($E91,'1.5.UVintensity'!$L$3:$L$14,'1.5.UVintensity'!$U$3:$U$14) -> 0 | M91: =_xlfn.XLOOKUP($E91,'1.5.UVintensity'!$L$3:$L$14,'1.5.UVintensity'!$U$3:$U$14) -> 0 | O91: [W*m-2] | P91: PlasticFADE model
C92: UVintensity | D92: Continental | E92: marinesediment | F92: =_xlfn.XLOOKUP($E92,'1.5.UVintensity'!$L$3:$L$14,'1.5.UVintensity'!$U$3:$U$14) -> 0 | G92: =_xlfn.XLOOKUP($E92,'1.5.UVintensity'!$L$3:$L$14,'1.5.UVintensity'!$U$3:$U$14) -> 0 | H92: =_xlfn.XLOOKUP($E92,'1.5.UVintensity'!$L$3:$L$14,'1.5.UVintensity'!$U$3:$U$14) -> 0 | I92: =_xlfn.XLOOKUP($E92,'1.5.UVintensity'!$L$3:$L$14,'1.5.UVintensity'!$U$3:$U$14) -> 0 | J92: =_xlfn.XLOOKUP($E92,'1.5.UVintensity'!$L$3:$L$14,'1.5.UVintensity'!$U$3:$U$14) -> 0 | K92: =_xlfn.XLOOKUP($E92,'1.5.UVintensity'!$L$3:$L$14,'1.5.UVintensity'!$U$3:$U$14) -> 0 | L92: =_xlfn.XLOOKUP($E92,'1.5.UVintensity'!$L$3:$L$14,'1.5.UVintensity'!$U$3:$U$14) -> 0 | M92: =_xlfn.XLOOKUP($E92,'1.5.UVintensity'!$L$3:$L$14,'1.5.UVintensity'!$U$3:$U$14) -> 0 | O92: [W*m-2] | P92: PlasticFADE model
C93: UVintensity | D93: Continental | E93: naturalsoil | F93: =_xlfn.XLOOKUP($E93,'1.5.UVintensity'!$L$3:$L$14,'1.5.UVintensity'!$U$3:$U$14) -> 0 | G93: =_xlfn.XLOOKUP($E93,'1.5.UVintensity'!$L$3:$L$14,'1.5.UVintensity'!$U$3:$U$14) -> 0 | H93: =_xlfn.XLOOKUP($E93,'1.5.UVintensity'!$L$3:$L$14,'1.5.UVintensity'!$U$3:$U$14) -> 0 | I93: =_xlfn.XLOOKUP($E93,'1.5.UVintensity'!$L$3:$L$14,'1.5.UVintensity'!$U$3:$U$14) -> 0 | J93: =_xlfn.XLOOKUP($E93,'1.5.UVintensity'!$L$3:$L$14,'1.5.UVintensity'!$U$3:$U$14) -> 0 | K93: =_xlfn.XLOOKUP($E93,'1.5.UVintensity'!$L$3:$L$14,'1.5.UVintensity'!$U$3:$U$14) -> 0 | L93: =_xlfn.XLOOKUP($E93,'1.5.UVintensity'!$L$3:$L$14,'1.5.UVintensity'!$U$3:$U$14) -> 0 | M93: =_xlfn.XLOOKUP($E93,'1.5.UVintensity'!$L$3:$L$14,'1.5.UVintensity'!$U$3:$U$14) -> 0 | O93: [W*m-2] | P93: PlasticFADE model
C94: UVintensity | D94: Continental | E94: othersoil | F94: =_xlfn.XLOOKUP($E94,'1.5.UVintensity'!$L$3:$L$14,'1.5.UVintensity'!$U$3:$U$14) -> 0 | G94: =_xlfn.XLOOKUP($E94,'1.5.UVintensity'!$L$3:$L$14,'1.5.UVintensity'!$U$3:$U$14) -> 0 | H94: =_xlfn.XLOOKUP($E94,'1.5.UVintensity'!$L$3:$L$14,'1.5.UVintensity'!$U$3:$U$14) -> 0 | I94: =_xlfn.XLOOKUP($E94,'1.5.UVintensity'!$L$3:$L$14,'1.5.UVintensity'!$U$3:$U$14) -> 0 | J94: =_xlfn.XLOOKUP($E94,'1.5.UVintensity'!$L$3:$L$14,'1.5.UVintensity'!$U$3:$U$14) -> 0 | K94: =_xlfn.XLOOKUP($E94,'1.5.UVintensity'!$L$3:$L$14,'1.5.UVintensity'!$U$3:$U$14) -> 0 | L94: =_xlfn.XLOOKUP($E94,'1.5.UVintensity'!$L$3:$L$14,'1.5.UVintensity'!$U$3:$U$14) -> 0 | M94: =_xlfn.XLOOKUP($E94,'1.5.UVintensity'!$L$3:$L$14,'1.5.UVintensity'!$U$3:$U$14) -> 0 | O94: [W*m-2] | P94: PlasticFADE model
C95: UVintensity | D95: Continental | E95: river | F95: =_xlfn.XLOOKUP($E95,'1.5.UVintensity'!$L$3:$L$14,'1.5.UVintensity'!$U$3:$U$14) -> 0.42624575 | G95: =_xlfn.XLOOKUP($E95,'1.5.UVintensity'!$L$3:$L$14,'1.5.UVintensity'!$U$3:$U$14) -> 0.42624575 | H95: =_xlfn.XLOOKUP($E95,'1.5.UVintensity'!$L$3:$L$14,'1.5.UVintensity'!$U$3:$U$14) -> 0.42624575 | I95: =_xlfn.XLOOKUP($E95,'1.5.UVintensity'!$L$3:$L$14,'1.5.UVintensity'!$U$3:$U$14) -> 0.42624575 | J95: =_xlfn.XLOOKUP($E95,'1.5.UVintensity'!$L$3:$L$14,'1.5.UVintensity'!$U$3:$U$14) -> 0.42624575 | K95: =_xlfn.XLOOKUP($E95,'1.5.UVintensity'!$L$3:$L$14,'1.5.UVintensity'!$U$3:$U$14) -> 0.42624575 | L95: =_xlfn.XLOOKUP($E95,'1.5.UVintensity'!$L$3:$L$14,'1.5.UVintensity'!$U$3:$U$14) -> 0.42624575 | M95: =_xlfn.XLOOKUP($E95,'1.5.UVintensity'!$L$3:$L$14,'1.5.UVintensity'!$U$3:$U$14) -> 0.42624575 | O95: [W*m-2] | P95: PlasticFADE model
C96: UVintensity | D96: Continental | E96: deepocean | F96: =_xlfn.XLOOKUP($E96,'1.5.UVintensity'!$L$3:$L$14,'1.5.UVintensity'!$U$3:$U$14) -> 0 | G96: =_xlfn.XLOOKUP($E96,'1.5.UVintensity'!$L$3:$L$14,'1.5.UVintensity'!$U$3:$U$14) -> 0 | H96: =_xlfn.XLOOKUP($E96,'1.5.UVintensity'!$L$3:$L$14,'1.5.UVintensity'!$U$3:$U$14) -> 0 | I96: =_xlfn.XLOOKUP($E96,'1.5.UVintensity'!$L$3:$L$14,'1.5.UVintensity'!$U$3:$U$14) -> 0 | J96: =_xlfn.XLOOKUP($E96,'1.5.UVintensity'!$L$3:$L$14,'1.5.UVintensity'!$U$3:$U$14) -> 0 | K96: =_xlfn.XLOOKUP($E96,'1.5.UVintensity'!$L$3:$L$14,'1.5.UVintensity'!$U$3:$U$14) -> 0 | L96: =_xlfn.XLOOKUP($E96,'1.5.UVintensity'!$L$3:$L$14,'1.5.UVintensity'!$U$3:$U$14) -> 0 | M96: =_xlfn.XLOOKUP($E96,'1.5.UVintensity'!$L$3:$L$14,'1.5.UVintensity'!$U$3:$U$14) -> 0 | O96: [W*m-2] | P96: PlasticFADE model
C97: UVintensity | D97: Continental | E97: sea | F97: =_xlfn.XLOOKUP($E97,'1.5.UVintensity'!$L$3:$L$14,'1.5.UVintensity'!$U$3:$U$14) -> 3.9785385 | G97: =_xlfn.XLOOKUP($E97,'1.5.UVintensity'!$L$3:$L$14,'1.5.UVintensity'!$U$3:$U$14) -> 3.9785385 | H97: =_xlfn.XLOOKUP($E97,'1.5.UVintensity'!$L$3:$L$14,'1.5.UVintensity'!$U$3:$U$14) -> 3.9785385 | I97: =_xlfn.XLOOKUP($E97,'1.5.UVintensity'!$L$3:$L$14,'1.5.UVintensity'!$U$3:$U$14) -> 3.9785385 | J97: =_xlfn.XLOOKUP($E97,'1.5.UVintensity'!$L$3:$L$14,'1.5.UVintensity'!$U$3:$U$14) -> 3.9785385 | K97: =_xlfn.XLOOKUP($E97,'1.5.UVintensity'!$L$3:$L$14,'1.5.UVintensity'!$U$3:$U$14) -> 3.9785385 | L97: =_xlfn.XLOOKUP($E97,'1.5.UVintensity'!$L$3:$L$14,'1.5.UVintensity'!$U$3:$U$14) -> 3.9785385 | M97: =_xlfn.XLOOKUP($E97,'1.5.UVintensity'!$L$3:$L$14,'1.5.UVintensity'!$U$3:$U$14) -> 3.9785385 | O97: [W*m-2] | P97: PlasticFADE model
C98: MICROBconc | D98: Continental | E98: agriculturalsoil | F98: 121000000 | G98: 121000000 | H98: 121000000 | I98: 121000000 | J98: 121000000 | K98: 121000000 | L98: 121000000 | M98: 121000000 | O98: [CFU*mL-1] | P98: PlasticFADE model
C99: MICROBconc | D99: Continental | E99: air | F99: 0.5 | G99: 0.5 | H99: 0.5 | I99: 0.5 | J99: 0.5 | K99: 0.5 | L99: 0.5 | M99: 0.5 | O99: [CFU*mL-1] | P99: PlasticFADE model
C100: MICROBconc | D100: Continental | E100: cloudwater | F100: 0.5 | G100: 0.5 | H100: 0.5 | I100: 0.5 | J100: 0.5 | K100: 0.5 | L100: 0.5 | M100: 0.5 | O100: [CFU*mL-1] | P100: PlasticFADE model
C101: MICROBconc | D101: Continental | E101: freshwatersediment | F101: 482000 | G101: 482000 | H101: 482000 | I101: 482000 | J101: 482000 | K101: 482000 | L101: 482000 | M101: 482000 | O101: [CFU*mL-1] | P101: PlasticFADE model
...

Sheet 3.2.polymer_list
A1: varName | B1: SubCompart | C1: EPS | D1: HDPE | E1: LDPE | F1: PA_Nylon | G1: PET | H1: PP | I1: PS | J1: PVC | K1: PU | L1: PAN | M1: TRWP | N1: PHA | O1: PLA | P1: PCL | Q1: PBSA | R1: starch_blend | S1: PBAT | T1: Cotton | U1: Linen | V1: Viscose | W1: Rayon | X1: Lyocell | Y1: Modal
A2: RhoS | C2: 36.5 | D2: 955 | E2: 925 | F2: 1240 | G2: 1350 | H2: 885 | I2: 1040 | J2: 1380 | K2: 1200 | L2: 1184 | M2: 1800 | N2: 1220 | O2: 1240 | P2: 1150 | Q2: 1240 | R2: 1250 | S2: 1260 | T2: 1540 | U2: 1500 | V2: 1520 | W2: 1520 | X2: 1500 | Y2: 1520
A3: Kssdr | B3: deepocean | C3: 9.51e-16 | D3: 3.17e-15 | E3: 6.34e-15 | F3: 1.01e-13 | G3: 9.51e-15 | H3: 3.9e-14 | I3: 9.51e-16 | J3: 3.17e-16 | K3: 8.00633e-15 | L3: 3.17e-17 | M3: 3.33e-15 | N3: 3.57e-12 | O3: 2.85e-15 | P3: 4.7057024e-13 | Q3: 4.9642264e-14 | R3: 3.21e-12 | S3: 3.73e-13 | T3: 5.8031411e-13 | U3: 1.227074e-12 | V3: 7.7877128e-13 | W3: 7.7877128e-13 | X3: 1.2652134e-12 | Y3: 1.6460494e-12
A4: Kssdr | B4: river | C4: 9.51e-16 | D4: 3.17e-15 | E4: 6.34e-15 | F4: 1.01e-13 | G4: 9.51e-15 | H4: 3.9e-14 | I4: 9.51e-16 | J4: 3.17e-16 | K4: 8.00633e-15 | L4: 3.17e-17 | M4: 3.33e-15 | N4: 3.57e-12 | O4: 2.85e-15 | P4: 4.7057024e-13 | Q4: 4.9642264e-14 | R4: 3.21e-12 | S4: 3.73e-13 | T4: 5.8031411e-13 | U4: 1.227074e-12 | V4: 7.7877128e-13 | W4: 7.7877128e-13 | X4: 1.2652134e-12 | Y4: 1.6460494e-12
A5: Kssdr | B5: sea | C5: 9.51e-16 | D5: 3.17e-15 | E5: 6.34e-15 | F5: 1.01e-13 | G5: 9.51e-15 | H5: 3.9e-14 | I5: 9.51e-16 | J5: 3.17e-16 | K5: 8.00633e-15 | L5: 3.17e-17 | M5: 3.33e-15 | N5: 3.57e-12 | O5: 2.85e-15 | P5: 4.7057024e-13 | Q5: 4.9642264e-14 | R5: 3.21e-12 | S5: 3.73e-13 | T5: 5.8031411e-13 | U5: 1.227074e-12 | V5: 7.7877128e-13 | W5: 7.7877128e-13 | X5: 1.2652134e-12 | Y5: 1.6460494e-12
A6: Kssdr | B6: lake | C6: 9.51e-16 | D6: 3.17e-15 | E6: 6.34e-15 | F6: 1.01e-13 | G6: 9.51e-15 | H6: 3.9e-14 | I6: 9.51e-16 | J6: 3.17e-16 | K6: 8.00633e-15 | L6: 3.17e-17 | M6: 3.33e-15 | N6: 3.57e-12 | O6: 2.85e-15 | P6: 4.7057024e-13 | Q6: 4.9642264e-14 | R6: 3.21e-12 | S6: 3.73e-13 | T6: 5.8031411e-13 | U6: 1.227074e-12 | V6: 7.7877128e-13 | W6: 7.7877128e-13 | X6: 1.2652134e-12 | Y6: 1.6460494e-12
A7: Kssdr | B7: marinesediment | C7: 9.51e-16 | D7: 3.17e-15 | E7: 2.23e-14 | F7: 1.01e-13 | G7: 9.51e-15 | H7: 2.85e-15 | I7: 9.51e-16 | J7: 3.17e-16 | K7: 8.00633e-15 | L7: 3.17e-17 | M7: 3.33e-15 | N7: 1.96e-13 | O7: 3.49e-17 | P7: 4.7057024e-13 | Q7: 4.9642264e-14 | R7: 3.21e-12 | S7: 3.73e-13 | T7: 5.8031411e-13 | U7: 1.227074e-12 | V7: 7.7877128e-13 | W7: 7.7877128e-13 | X7: 1.2652134e-12 | Y7: 1.6460494e-12
A8: Kssdr | B8: freshwatersediment | C8: 9.51e-16 | D8: 3.17e-15 | E8: 2.23e-14 | F8: 1.01e-13 | G8: 9.51e-15 | H8: 2.85e-15 | I8: 9.51e-16 | J8: 3.17e-16 | K8: 8.00633e-15 | L8: 3.17e-17 | M8: 3.33e-15 | N8: 1.96e-13 | O8: 3.49e-17 | P8: 4.7057024e-13 | Q8: 4.9642264e-14 | R8: 3.21e-12 | S8: 3.73e-13 | T8: 5.8031411e-13 | U8: 1.227074e-12 | V8: 7.7877128e-13 | W8: 7.7877128e-13 | X8: 1.2652134e-12 | Y8: 1.6460494e-12
A9: Kssdr | B9: lakesediment | C9: 9.51e-16 | D9: 3.17e-15 | E9: 2.23e-14 | F9: 1.01e-13 | G9: 9.51e-15 | H9: 2.85e-15 | I9: 9.51e-16 | J9: 3.17e-16 | K9: 8.00633e-15 | L9: 3.17e-17 | M9: 3.33e-15 | N9: 1.96e-13 | O9: 3.49e-17 | P9: 4.7057024e-13 | Q9: 4.9642264e-14 | R9: 3.21e-12 | S9: 3.73e-13 | T9: 5.8031411e-13 | U9: 1.227074e-12 | V9: 7.7877128e-13 | W9: 7.7877128e-13 | X9: 1.2652134e-12 | Y9: 1.6460494e-12
A10: Kssdr | B10: naturalsoil | C10: 9.51e-16 | D10: 3.62e-14 | E10: 4.93e-13 | F10: 1.01e-13 | G10: 1.88e-14 | H10: 2.2e-14 | I10: 9.51e-16 | J10: 3.17e-16 | K10: 8.00633e-15 | L10: 3.17e-17 | M10: 2.67e-13 | N10: 3.79e-11 | O10: 3.84e-12 | P10: 4.7057024e-13 | Q10: 4.9642264e-14 | R10: 1.05e-11 | S10: 1.72e-13 | T10: 1.2567359e-13 | U10: 1.2567359e-13 | V10: 1.2567359e-13 | W10: 1.2567359e-13 | X10: 1.2567359e-13 | Y10: 1.2567359e-13
A11: Kssdr | B11: othersoil | C11: 9.51e-16 | D11: 3.62e-14 | E11: 4.93e-13 | F11: 1.01e-13 | G11: 1.88e-14 | H11: 2.2e-14 | I11: 9.51e-16 | J11: 3.17e-16 | K11: 8.00633e-15 | L11: 3.17e-17 | M11: 2.67e-13 | N11: 3.79e-11 | O11: 3.84e-12 | P11: 4.7057024e-13 | Q11: 4.9642264e-14 | R11: 1.05e-11 | S11: 1.72e-13 | T11: 1.2567359e-13 | U11: 1.2567359e-13 | V11: 1.2567359e-13 | W11: 1.2567359e-13 | X11: 1.2567359e-13 | Y11: 1.2567359e-13
A12: Kssdr | B12: agriculturalsoil | C12: 9.51e-16 | D12: 3.62e-14 | E12: 4.93e-13 | F12: 1.01e-13 | G12: 1.88e-14 | H12: 2.2e-14 | I12: 9.51e-16 | J12: 3.17e-16 | K12: 8.00633e-15 | L12: 3.17e-17 | M12: 2.67e-13 | N12: 3.79e-11 | O12: 3.84e-12 | P12: 4.7057024e-13 | Q12: 4.9642264e-14 | R12: 1.05e-11 | S12: 1.72e-13 | T12: 1.2567359e-13 | U12: 1.2567359e-13 | V12: 1.2567359e-13 | W12: 1.2567359e-13 | X12: 1.2567359e-13 | Y12: 1.2567359e-13
A13: CorFacSSA | C13: 13 | D13: 1 | E13: 1 | F13: 1 | G13: 1 | H13: 1 | I13: 1 | J13: 1 | K13: 1 | L13: 1 | M13: 1 | N13: 1 | O13: 1 | P13: 1 | Q13: 1 | R13: 1 | S13: 1 | T13: 1 | U13: 1 | V13: 1 | W13: 1 | X13: 1 | Y13: 1
A14: MinSettVel | C14: ='2.1.sed_rates'!D7 -> 8.35e-11 | D14: ='2.1.sed_rates'!D9 -> 5.67e-08 | E14: ='2.1.sed_rates'!D10 -> 5.67e-08 | H14: ='2.1.sed_rates'!D8 -> 5.67e-08
A15: DegApproach | C15: Kssdr | D15: PlasticFADE | E15: PlasticFADE | F15: Kssdr | G15: PlasticFADE | H15: PlasticFADE | I15: PlasticFADE | J15: Kssdr | K15: Kssdr | L15: Kssdr | M15: Kssdr | N15: Kssdr | O15: Kssdr | P15: Kssdr | Q15: Kssdr | R15: Kssdr | S15: Kssdr | T15: Kssdr | U15: Kssdr | V15: Kssdr | W15: Kssdr | X15: Kssdr | Y15: Kssdr
A16: degx | C16: NA | D16: 0.0103 | E16: 0.0111 | F16: NA | G16: 0.000243 | H16: 0.0055 | I16: 0.000273 | J16: NA | K16: NA | L16: NA | M16: NA | N16: NA | O16: NA | P16: NA | Q16: NA | R16: NA | S16: NA | T16: NA | U16: NA | V16: NA | W16: NA | X16: NA | Y16: NA
A17: degtau | C17: NA | D17: 3.36e-11 | E17: 5e-13 | F17: NA | G17: 0.791 | H17: 0.0137 | I17: 0.243 | J17: NA | K17: NA | L17: NA | M17: NA | N17: NA | O17: NA | P17: NA | Q17: NA | R17: NA | S17: NA | T17: NA | U17: NA | V17: NA | W17: NA | X17: NA | Y17: NA
A18: degy | C18: NA | D18: 0.00218 | E18: 0.0103 | F18: NA | G18: 1.33e-05 | H18: 0.0172 | I18: 0.0144 | J18: NA | K18: NA | L18: NA | M18: NA | N18: NA | O18: NA | P18: NA | Q18: NA | R18: NA | S18: NA | T18: NA | U18: NA | V18: NA | W18: NA | X18: NA | Y18: NA
A19: degtheta | C19: NA | D19: 0.299 | E19: 0.00436 | F19: NA | G19: 1.88 | H19: 0.705 | I19: 1.01 | J19: NA | K19: NA | L19: NA | M19: NA | N19: NA | O19: NA | P19: NA | Q19: NA | R19: NA | S19: NA | T19: NA | U19: NA | V19: NA | W19: NA | X19: NA | Y19: NA
A20: degz | C20: NA | D20: 0.000378 | E20: 0.000105 | F20: NA | G20: 0.0152 | H20: 1.62e-05 | I20: 6.23e-05 | J20: NA | K20: NA | L20: NA | M20: NA | N20: NA | O20: NA | P20: NA | Q20: NA | R20: NA | S20: NA | T20: NA | U20: NA | V20: NA | W20: NA | X20: NA | Y20: NA
A21: degeta | C21: NA | D21: 0.216 | E21: 0.324 | F21: NA | G21: 0.0785 | H21: 0.442 | I21: 0.496 | J21: NA | K21: NA | L21: NA | M21: NA | N21: NA | O21: NA | P21: NA | Q21: NA | R21: NA | S21: NA | T21: NA | U21: NA | V21: NA | W21: NA | X21: NA | Y21: NA
A22: Degrading_enzyme | C22: FALSE | D22: FALSE | E22: FALSE | F22: TRUE | G22: TRUE | H22: FALSE | I22: FALSE | J22: FALSE | K22: TRUE | L22: TRUE | M22: TRUE | N22: TRUE | O22: TRUE | P22: TRUE | Q22: TRUE | R22: TRUE | S22: TRUE | T22: TRUE | U22: TRUE | V22: TRUE | W22: TRUE | X22: TRUE | Y22: TRUE

Sheet 3.3.polymer_data_CI
A1: pol | B1: varName | C1: Scale | D1: SubCompart | E1: Species | F1: Distribution | G1: a | H1: b | I1: c | J1: Data Source | L1: a = left truncation (none here)
A2: EPS | B2: Kssdr | D2: deepocean | F2: log normal | G2: 0 | H2: =_xlfn.XLOOKUP($A2,'1.1.SSDR_water'!$B$7:$B$29,'1.1.SSDR_water'!$J$7:$J$29) -> 1.340791 | I2: =_xlfn.XLOOKUP($A2,'1.1.SSDR_water'!$B$7:$B$29,'1.1.SSDR_water'!$I$7:$I$29) -> -34.536029 | L2: b = sigma = sd log
A3: EPS | B3: Kssdr | D3: river | F3: log normal | G3: 0 | H3: =_xlfn.XLOOKUP($A3,'1.1.SSDR_water'!$B$7:$B$29,'1.1.SSDR_water'!$J$7:$J$29) -> 1.340791 | I3: =_xlfn.XLOOKUP($A3,'1.1.SSDR_water'!$B$7:$B$29,'1.1.SSDR_water'!$I$7:$I$29) -> -34.536029 | L3: c = mu = LN(GEOMEAN)
A4: EPS | B4: Kssdr | D4: sea | F4: log normal | G4: 0 | H4: =_xlfn.XLOOKUP($A4,'1.1.SSDR_water'!$B$7:$B$29,'1.1.SSDR_water'!$J$7:$J$29) -> 1.340791 | I4: =_xlfn.XLOOKUP($A4,'1.1.SSDR_water'!$B$7:$B$29,'1.1.SSDR_water'!$I$7:$I$29) -> -34.536029
A5: EPS | B5: Kssdr | D5: lake | F5: log normal | G5: 0 | H5: =_xlfn.XLOOKUP($A5,'1.1.SSDR_water'!$B$7:$B$29,'1.1.SSDR_water'!$J$7:$J$29) -> 1.340791 | I5: =_xlfn.XLOOKUP($A5,'1.1.SSDR_water'!$B$7:$B$29,'1.1.SSDR_water'!$I$7:$I$29) -> -34.536029 | L5: In this sheet, the distribution of the degradation parameters used in the monte carlo simulation are summarized. If plasticFADE inputs are provided, no Kssdr is used in the monte carlo simulation. SBoo uses this sheet as an input.
A6: EPS | B6: Kssdr | D6: marinesediment | F6: log normal | G6: 0 | H6: =_xlfn.XLOOKUP($A6,'1.2.SSDR_sediment'!$B$7:$B$29,'1.2.SSDR_sediment'!$J$7:$J$29) -> 1.340791 | I6: =_xlfn.XLOOKUP($A6,'1.2.SSDR_sediment'!$B$7:$B$29,'1.2.SSDR_sediment'!$I$7:$I$29) -> -34.536029
A7: EPS | B7: Kssdr | D7: freshwatersediment | F7: log normal | G7: 0 | H7: =_xlfn.XLOOKUP($A7,'1.2.SSDR_sediment'!$B$7:$B$29,'1.2.SSDR_sediment'!$J$7:$J$29) -> 1.340791 | I7: =_xlfn.XLOOKUP($A7,'1.2.SSDR_sediment'!$B$7:$B$29,'1.2.SSDR_sediment'!$I$7:$I$29) -> -34.536029
A8: EPS | B8: Kssdr | D8: lakesediment | F8: log normal | G8: 0 | H8: =_xlfn.XLOOKUP($A8,'1.2.SSDR_sediment'!$B$7:$B$29,'1.2.SSDR_sediment'!$J$7:$J$29) -> 1.340791 | I8: =_xlfn.XLOOKUP($A8,'1.2.SSDR_sediment'!$B$7:$B$29,'1.2.SSDR_sediment'!$I$7:$I$29) -> -34.536029
A9: EPS | B9: Kssdr | D9: naturalsoil | F9: log normal | G9: 0 | H9: =_xlfn.XLOOKUP($A9,'1.3.SSDR_soil'!$B$7:$B$29,'1.3.SSDR_soil'!$J$7:$J$29) -> 1.340791 | I9: =_xlfn.XLOOKUP($A9,'1.3.SSDR_soil'!$B$7:$B$29,'1.3.SSDR_soil'!$I$7:$I$29) -> -34.536029
A10: EPS | B10: Kssdr | D10: othersoil | F10: log normal | G10: 0 | H10: =_xlfn.XLOOKUP($A10,'1.3.SSDR_soil'!$B$7:$B$29,'1.3.SSDR_soil'!$J$7:$J$29) -> 1.340791 | I10: =_xlfn.XLOOKUP($A10,'1.3.SSDR_soil'!$B$7:$B$29,'1.3.SSDR_soil'!$I$7:$I$29) -> -34.536029
A11: EPS | B11: Kssdr | D11: agriculturalsoil | F11: log normal | G11: 0 | H11: =_xlfn.XLOOKUP($A11,'1.3.SSDR_soil'!$B$7:$B$29,'1.3.SSDR_soil'!$J$7:$J$29) -> 1.340791 | I11: =_xlfn.XLOOKUP($A11,'1.3.SSDR_soil'!$B$7:$B$29,'1.3.SSDR_soil'!$I$7:$I$29) -> -34.536029
A12: HDPE | B12: degx | F12: log normal | G12: 0 | H12: =_xlfn.XLOOKUP($B12,'1.4.plasticFADE constants'!$B$8:$B$13,'1.4.plasticFADE constants'!$F$8:$F$13) -> 0.00088522569 | I12: =_xlfn.XLOOKUP($B12,'1.4.plasticFADE constants'!$B$8:$B$13,'1.4.plasticFADE constants'!$E$8:$E$13) -> -4.5792341
A13: HDPE | B13: degtau | F13: log normal | G13: 0 | H13: =_xlfn.XLOOKUP($B13,'1.4.plasticFADE constants'!$B$8:$B$13,'1.4.plasticFADE constants'!$F$8:$F$13) -> 0.18031552 | I13: =_xlfn.XLOOKUP($B13,'1.4.plasticFADE constants'!$B$8:$B$13,'1.4.plasticFADE constants'!$E$8:$E$13) -> -24.116969
A14: HDPE | B14: degy | F14: log normal | G14: 0 | H14: =_xlfn.XLOOKUP($B14,'1.4.plasticFADE constants'!$B$8:$B$13,'1.4.plasticFADE constants'!$F$8:$F$13) -> 0.004283861 | I14: =_xlfn.XLOOKUP($B14,'1.4.plasticFADE constants'!$B$8:$B$13,'1.4.plasticFADE constants'!$E$8:$E$13) -> -6.1272713
A15: HDPE | B15: degtheta | F15: log normal | G15: 0 | H15: =_xlfn.XLOOKUP($B15,'1.4.plasticFADE constants'!$B$8:$B$13,'1.4.plasticFADE constants'!$F$8:$F$13) -> 0.56576349 | I15: =_xlfn.XLOOKUP($B15,'1.4.plasticFADE constants'!$B$8:$B$13,'1.4.plasticFADE constants'!$E$8:$E$13) -> -1.2071491
A16: HDPE | B16: degz | F16: log normal | G16: 0 | H16: =_xlfn.XLOOKUP($B16,'1.4.plasticFADE constants'!$B$8:$B$13,'1.4.plasticFADE constants'!$F$8:$F$13) -> 0.0010821863 | I16: =_xlfn.XLOOKUP($B16,'1.4.plasticFADE constants'!$B$8:$B$13,'1.4.plasticFADE constants'!$E$8:$E$13) -> -7.8805316
A17: HDPE | B17: degeta | F17: log normal | G17: 0 | H17: =_xlfn.XLOOKUP($B17,'1.4.plasticFADE constants'!$B$8:$B$13,'1.4.plasticFADE constants'!$F$8:$F$13) -> 0.17415974 | I17: =_xlfn.XLOOKUP($B17,'1.4.plasticFADE constants'!$B$8:$B$13,'1.4.plasticFADE constants'!$E$8:$E$13) -> -1.5302212
A18: LDPE | B18: degx | F18: log normal | G18: 0 | H18: =_xlfn.XLOOKUP($B18,'1.4.plasticFADE constants'!$B$8:$B$13,'1.4.plasticFADE constants'!$J$8:$J$13) -> 0.0057046217 | I18: =_xlfn.XLOOKUP($B18,'1.4.plasticFADE constants'!$B$8:$B$13,'1.4.plasticFADE constants'!$I$8:$I$13) -> -4.5052715
A19: LDPE | B19: degtau | F19: log normal | G19: 0 | H19: =_xlfn.XLOOKUP($B19,'1.4.plasticFADE constants'!$B$8:$B$13,'1.4.plasticFADE constants'!$J$8:$J$13) -> 0.10974721 | I19: =_xlfn.XLOOKUP($B19,'1.4.plasticFADE constants'!$B$8:$B$13,'1.4.plasticFADE constants'!$I$8:$I$13) -> -28.324168
A20: LDPE | B20: degy | F20: log normal | G20: 0 | H20: =_xlfn.XLOOKUP($B20,'1.4.plasticFADE constants'!$B$8:$B$13,'1.4.plasticFADE constants'!$J$8:$J$13) -> 0.0061122893 | I20: =_xlfn.XLOOKUP($B20,'1.4.plasticFADE constants'!$B$8:$B$13,'1.4.plasticFADE constants'!$I$8:$I$13) -> -4.5741988
A21: LDPE | B21: degtheta | F21: log normal | G21: 0 | H21: =_xlfn.XLOOKUP($B21,'1.4.plasticFADE constants'!$B$8:$B$13,'1.4.plasticFADE constants'!$J$8:$J$13) -> 3.6211087e-05 | I21: =_xlfn.XLOOKUP($B21,'1.4.plasticFADE constants'!$B$8:$B$13,'1.4.plasticFADE constants'!$I$8:$I$13) -> -5.4348195
A22: LDPE | B22: degz | F22: log normal | G22: 0 | H22: =_xlfn.XLOOKUP($B22,'1.4.plasticFADE constants'!$B$8:$B$13,'1.4.plasticFADE constants'!$J$8:$J$13) -> 0.00044412819 | I22: =_xlfn.XLOOKUP($B22,'1.4.plasticFADE constants'!$B$8:$B$13,'1.4.plasticFADE constants'!$I$8:$I$13) -> -9.1638822
A23: LDPE | B23: degeta | F23: log normal | G23: 0 | H23: =_xlfn.XLOOKUP($B23,'1.4.plasticFADE constants'!$B$8:$B$13,'1.4.plasticFADE constants'!$J$8:$J$13) -> 0.19223313 | I23: =_xlfn.XLOOKUP($B23,'1.4.plasticFADE constants'!$B$8:$B$13,'1.4.plasticFADE constants'!$I$8:$I$13) -> -1.1268275
A24: PA_Nylon | B24: Kssdr | D24: deepocean | F24: log normal | G24: 0 | H24: =_xlfn.XLOOKUP($A24,'1.1.SSDR_water'!$B$7:$B$29,'1.1.SSDR_water'!$J$7:$J$29) -> 1.7877213 | I24: =_xlfn.XLOOKUP($A24,'1.1.SSDR_water'!$B$7:$B$29,'1.1.SSDR_water'!$I$7:$I$29) -> -29.919
A25: PA_Nylon | B25: Kssdr | D25: river | F25: log normal | G25: 0 | H25: =_xlfn.XLOOKUP($A25,'1.1.SSDR_water'!$B$7:$B$29,'1.1.SSDR_water'!$J$7:$J$29) -> 1.7877213 | I25: =_xlfn.XLOOKUP($A25,'1.1.SSDR_water'!$B$7:$B$29,'1.1.SSDR_water'!$I$7:$I$29) -> -29.919
A26: PA_Nylon | B26: Kssdr | D26: sea | F26: log normal | G26: 0 | H26: =_xlfn.XLOOKUP($A26,'1.1.SSDR_water'!$B$7:$B$29,'1.1.SSDR_water'!$J$7:$J$29) -> 1.7877213 | I26: =_xlfn.XLOOKUP($A26,'1.1.SSDR_water'!$B$7:$B$29,'1.1.SSDR_water'!$I$7:$I$29) -> -29.919
A27: PA_Nylon | B27: Kssdr | D27: lake | F27: log normal | G27: 0 | H27: =_xlfn.XLOOKUP($A27,'1.1.SSDR_water'!$B$7:$B$29,'1.1.SSDR_water'!$J$7:$J$29) -> 1.7877213 | I27: =_xlfn.XLOOKUP($A27,'1.1.SSDR_water'!$B$7:$B$29,'1.1.SSDR_water'!$I$7:$I$29) -> -29.919
A28: PA_Nylon | B28: Kssdr | D28: marinesediment | F28: log normal | G28: 0 | H28: =_xlfn.XLOOKUP($A28,'1.2.SSDR_sediment'!$B$7:$B$29,'1.2.SSDR_sediment'!$J$7:$J$29) -> 1.7877213 | I28: =_xlfn.XLOOKUP($A28,'1.2.SSDR_sediment'!$B$7:$B$29,'1.2.SSDR_sediment'!$I$7:$I$29) -> -29.919
A29: PA_Nylon | B29: Kssdr | D29: freshwatersediment | F29: log normal | G29: 0 | H29: =_xlfn.XLOOKUP($A29,'1.2.SSDR_sediment'!$B$7:$B$29,'1.2.SSDR_sediment'!$J$7:$J$29) -> 1.7877213 | I29: =_xlfn.XLOOKUP($A29,'1.2.SSDR_sediment'!$B$7:$B$29,'1.2.SSDR_sediment'!$I$7:$I$29) -> -29.919
A30: PA_Nylon | B30: Kssdr | D30: lakesediment | F30: log normal | G30: 0 | H30: =_xlfn.XLOOKUP($A30,'1.2.SSDR_sediment'!$B$7:$B$29,'1.2.SSDR_sediment'!$J$7:$J$29) -> 1.7877213 | I30: =_xlfn.XLOOKUP($A30,'1.2.SSDR_sediment'!$B$7:$B$29,'1.2.SSDR_sediment'!$I$7:$I$29) -> -29.919
A31: PA_Nylon | B31: Kssdr | D31: naturalsoil | F31: log normal | G31: 0 | H31: =_xlfn.XLOOKUP($A31,'1.3.SSDR_soil'!$B$7:$B$29,'1.3.SSDR_soil'!$J$7:$J$29) -> 1.7877213 | I31: =_xlfn.XLOOKUP($A31,'1.3.SSDR_soil'!$B$7:$B$29,'1.3.SSDR_soil'!$I$7:$I$29) -> -29.919
A32: PA_Nylon | B32: Kssdr | D32: othersoil | F32: log normal | G32: 0 | H32: =_xlfn.XLOOKUP($A32,'1.3.SSDR_soil'!$B$7:$B$29,'1.3.SSDR_soil'!$J$7:$J$29) -> 1.7877213 | I32: =_xlfn.XLOOKUP($A32,'1.3.SSDR_soil'!$B$7:$B$29,'1.3.SSDR_soil'!$I$7:$I$29) -> -29.919
A33: PA_Nylon | B33: Kssdr | D33: agriculturalsoil | F33: log normal | G33: 0 | H33: =_xlfn.XLOOKUP($A33,'1.3.SSDR_soil'!$B$7:$B$29,'1.3.SSDR_soil'!$J$7:$J$29) -> 1.7877213 | I33: =_xlfn.XLOOKUP($A33,'1.3.SSDR_soil'!$B$7:$B$29,'1.3.SSDR_soil'!$I$7:$I$29) -> -29.919
A34: PET | B34: degx | F34: log normal | G34: 0 | H34: =_xlfn.XLOOKUP($B34,'1.4.plasticFADE constants'!$B$8:$B$13,'1.4.plasticFADE constants'!$N$8:$N$13) -> 0.00029524826 | I34: =_xlfn.XLOOKUP($B34,'1.4.plasticFADE constants'!$B$8:$B$13,'1.4.plasticFADE constants'!$M$8:$M$13) -> -8.3213129
A35: PET | B35: degtau | F35: log normal | G35: 0 | H35: =_xlfn.XLOOKUP($B35,'1.4.plasticFADE constants'!$B$8:$B$13,'1.4.plasticFADE constants'!$N$8:$N$13) -> 0.1933289 | I35: =_xlfn.XLOOKUP($B35,'1.4.plasticFADE constants'!$B$8:$B$13,'1.4.plasticFADE constants'!$M$8:$M$13) -> -0.23448794
A36: PET | B36: degy | F36: log normal | G36: 0 | H36: =_xlfn.XLOOKUP($B36,'1.4.plasticFADE constants'!$B$8:$B$13,'1.4.plasticFADE constants'!$N$8:$N$13) -> 2.1960389e-05 | I36: =_xlfn.XLOOKUP($B36,'1.4.plasticFADE constants'!$B$8:$B$13,'1.4.plasticFADE constants'!$M$8:$M$13) -> -11.230611
A37: PET | B37: degtheta | F37: log normal | G37: 0 | H37: =_xlfn.XLOOKUP($B37,'1.4.plasticFADE constants'!$B$8:$B$13,'1.4.plasticFADE constants'!$N$8:$N$13) -> 0.22318783 | I37: =_xlfn.XLOOKUP($B37,'1.4.plasticFADE constants'!$B$8:$B$13,'1.4.plasticFADE constants'!$M$8:$M$13) -> 0.62930293
A38: PET | B38: degz | F38: log normal | G38: 0 | H38: =_xlfn.XLOOKUP($B38,'1.4.plasticFADE constants'!$B$8:$B$13,'1.4.plasticFADE constants'!$N$8:$N$13) -> 4.4013893e-06 | I38: =_xlfn.XLOOKUP($B38,'1.4.plasticFADE constants'!$B$8:$B$13,'1.4.plasticFADE constants'!$M$8:$M$13) -> -4.1852835
A39: PET | B39: degeta | F39: log normal | G39: 0 | H39: =_xlfn.XLOOKUP($B39,'1.4.plasticFADE constants'!$B$8:$B$13,'1.4.plasticFADE constants'!$N$8:$N$13) -> 0.045684842 | I39: =_xlfn.XLOOKUP($B39,'1.4.plasticFADE constants'!$B$8:$B$13,'1.4.plasticFADE constants'!$M$8:$M$13) -> -2.5451415
A40: PP | B40: degx | F40: log normal | G40: 0 | H40: =_xlfn.XLOOKUP($B40,'1.4.plasticFADE constants'!$B$8:$B$13,'1.4.plasticFADE constants'!$R$8:$R$13) -> 0.0050951617 | I40: =_xlfn.XLOOKUP($B40,'1.4.plasticFADE constants'!$B$8:$B$13,'1.4.plasticFADE constants'!$Q$8:$Q$13) -> -5.2033361
A41: PP | B41: degtau | F41: log normal | G41: 0 | H41: =_xlfn.XLOOKUP($B41,'1.4.plasticFADE constants'!$B$8:$B$13,'1.4.plasticFADE constants'!$R$8:$R$13) -> 0.11216725 | I41: =_xlfn.XLOOKUP($B41,'1.4.plasticFADE constants'!$B$8:$B$13,'1.4.plasticFADE constants'!$Q$8:$Q$13) -> -4.288843
A42: PP | B42: degy | F42: log normal | G42: 0 | H42: =_xlfn.XLOOKUP($B42,'1.4.plasticFADE constants'!$B$8:$B$13,'1.4.plasticFADE constants'!$R$8:$R$13) -> 0.0016245855 | I42: =_xlfn.XLOOKUP($B42,'1.4.plasticFADE constants'!$B$8:$B$13,'1.4.plasticFADE constants'!$Q$8:$Q$13) -> -4.0602197
A43: PP | B43: degtheta | F43: log normal | G43: 0 | H43: =_xlfn.XLOOKUP($B43,'1.4.plasticFADE constants'!$B$8:$B$13,'1.4.plasticFADE constants'!$R$8:$R$13) -> 0.3804722 | I43: =_xlfn.XLOOKUP($B43,'1.4.plasticFADE constants'!$B$8:$B$13,'1.4.plasticFADE constants'!$Q$8:$Q$13) -> -0.34885869
A44: PP | B44: degz | F44: log normal | G44: 0 | H44: =_xlfn.XLOOKUP($B44,'1.4.plasticFADE constants'!$B$8:$B$13,'1.4.plasticFADE constants'!$R$8:$R$13) -> 3.8147496e-05 | I44: =_xlfn.XLOOKUP($B44,'1.4.plasticFADE constants'!$B$8:$B$13,'1.4.plasticFADE constants'!$Q$8:$Q$13) -> -11.033062
A45: PP | B45: degeta | F45: log normal | G45: 0 | H45: =_xlfn.XLOOKUP($B45,'1.4.plasticFADE constants'!$B$8:$B$13,'1.4.plasticFADE constants'!$R$8:$R$13) -> 0.11138573 | I45: =_xlfn.XLOOKUP($B45,'1.4.plasticFADE constants'!$B$8:$B$13,'1.4.plasticFADE constants'!$Q$8:$Q$13) -> -0.8161984
A46: PS | B46: degx | F46: log normal | H46: =_xlfn.XLOOKUP($B46,'1.4.plasticFADE constants'!$B$8:$B$13,'1.4.plasticFADE constants'!$V$8:$V$13) -> 0.00020039698 | I46: =_xlfn.XLOOKUP($B46,'1.4.plasticFADE constants'!$B$8:$B$13,'1.4.plasticFADE constants'!$U$8:$U$13) -> -8.2051082
A47: PS | B47: degtau | F47: log normal | H47: =_xlfn.XLOOKUP($B47,'1.4.plasticFADE constants'!$B$8:$B$13,'1.4.plasticFADE constants'!$V$8:$V$13) -> 0.067550473 | I47: =_xlfn.XLOOKUP($B47,'1.4.plasticFADE constants'!$B$8:$B$13,'1.4.plasticFADE constants'!$U$8:$U$13) -> -1.4134913
A48: PS | B48: degy | F48: log normal | H48: =_xlfn.XLOOKUP($B48,'1.4.plasticFADE constants'!$B$8:$B$13,'1.4.plasticFADE constants'!$V$8:$V$13) -> 4.3872181e-06 | I48: =_xlfn.XLOOKUP($B48,'1.4.plasticFADE constants'!$B$8:$B$13,'1.4.plasticFADE constants'!$U$8:$U$13) -> -4.2372718
A49: PS | B49: degtheta | F49: log normal | H49: =_xlfn.XLOOKUP($B49,'1.4.plasticFADE constants'!$B$8:$B$13,'1.4.plasticFADE constants'!$V$8:$V$13) -> 0.16004413 | I49: =_xlfn.XLOOKUP($B49,'1.4.plasticFADE constants'!$B$8:$B$13,'1.4.plasticFADE constants'!$U$8:$U$13) -> 0.0090322632
A50: PS | B50: degz | F50: log normal | H50: =_xlfn.XLOOKUP($B50,'1.4.plasticFADE constants'!$B$8:$B$13,'1.4.plasticFADE constants'!$V$8:$V$13) -> 0.00017657694 | I50: =_xlfn.XLOOKUP($B50,'1.4.plasticFADE constants'!$B$8:$B$13,'1.4.plasticFADE constants'!$U$8:$U$13) -> -9.6830593
A51: PS | B51: degeta | F51: log normal | H51: =_xlfn.XLOOKUP($B51,'1.4.plasticFADE constants'!$B$8:$B$13,'1.4.plasticFADE constants'!$V$8:$V$13) -> 0.1221179 | I51: =_xlfn.XLOOKUP($B51,'1.4.plasticFADE constants'!$B$8:$B$13,'1.4.plasticFADE constants'!$U$8:$U$13) -> -0.70110518
A52: PVC | B52: Kssdr | D52: deepocean | F52: log normal | G52: 0 | H52: =_xlfn.XLOOKUP($A52,'1.1.SSDR_water'!$B$7:$B$29,'1.1.SSDR_water'!$J$7:$J$29) -> 0.89386067 | I52: =_xlfn.XLOOKUP($A52,'1.1.SSDR_water'!$B$7:$B$29,'1.1.SSDR_water'!$I$7:$I$29) -> -35.687321
A53: PVC | B53: Kssdr | D53: river | F53: log normal | G53: 0 | H53: =_xlfn.XLOOKUP($A53,'1.1.SSDR_water'!$B$7:$B$29,'1.1.SSDR_water'!$J$7:$J$29) -> 0.89386067 | I53: =_xlfn.XLOOKUP($A53,'1.1.SSDR_water'!$B$7:$B$29,'1.1.SSDR_water'!$I$7:$I$29) -> -35.687321
A54: PVC | B54: Kssdr | D54: sea | F54: log normal | G54: 0 | H54: =_xlfn.XLOOKUP($A54,'1.1.SSDR_water'!$B$7:$B$29,'1.1.SSDR_water'!$J$7:$J$29) -> 0.89386067 | I54: =_xlfn.XLOOKUP($A54,'1.1.SSDR_water'!$B$7:$B$29,'1.1.SSDR_water'!$I$7:$I$29) -> -35.687321
A55: PVC | B55: Kssdr | D55: lake | F55: log normal | G55: 0 | H55: =_xlfn.XLOOKUP($A55,'1.1.SSDR_water'!$B$7:$B$29,'1.1.SSDR_water'!$J$7:$J$29) -> 0.89386067 | I55: =_xlfn.XLOOKUP($A55,'1.1.SSDR_water'!$B$7:$B$29,'1.1.SSDR_water'!$I$7:$I$29) -> -35.687321
A56: PVC | B56: Kssdr | D56: marinesediment | F56: log normal | G56: 0 | H56: =_xlfn.XLOOKUP($A56,'1.2.SSDR_sediment'!$B$7:$B$29,'1.2.SSDR_sediment'!$J$7:$J$29) -> 0.89386067 | I56: =_xlfn.XLOOKUP($A56,'1.2.SSDR_sediment'!$B$7:$B$29,'1.2.SSDR_sediment'!$I$7:$I$29) -> -35.687321
A57: PVC | B57: Kssdr | D57: freshwatersediment | F57: log normal | G57: 0 | H57: =_xlfn.XLOOKUP($A57,'1.2.SSDR_sediment'!$B$7:$B$29,'1.2.SSDR_sediment'!$J$7:$J$29) -> 0.89386067 | I57: =_xlfn.XLOOKUP($A57,'1.2.SSDR_sediment'!$B$7:$B$29,'1.2.SSDR_sediment'!$I$7:$I$29) -> -35.687321
A58: PVC | B58: Kssdr | D58: lakesediment | F58: log normal | G58: 0 | H58: =_xlfn.XLOOKUP($A58,'1.2.SSDR_sediment'!$B$7:$B$29,'1.2.SSDR_sediment'!$J$7:$J$29) -> 0.89386067 | I58: =_xlfn.XLOOKUP($A58,'1.2.SSDR_sediment'!$B$7:$B$29,'1.2.SSDR_sediment'!$I$7:$I$29) -> -35.687321
A59: PVC | B59: Kssdr | D59: naturalsoil | F59: log normal | G59: 0 | H59: =_xlfn.XLOOKUP($A59,'1.3.SSDR_soil'!$B$7:$B$29,'1.3.SSDR_soil'!$J$7:$J$29) -> 0.89386067 | I59: =_xlfn.XLOOKUP($A59,'1.3.SSDR_soil'!$B$7:$B$29,'1.3.SSDR_soil'!$I$7:$I$29) -> -35.687321
A60: PVC | B60: Kssdr | D60: othersoil | F60: log normal | G60: 0 | H60: =_xlfn.XLOOKUP($A60,'1.3.SSDR_soil'!$B$7:$B$29,'1.3.SSDR_soil'!$J$7:$J$29) -> 0.89386067 | I60: =_xlfn.XLOOKUP($A60,'1.3.SSDR_soil'!$B$7:$B$29,'1.3.SSDR_soil'!$I$7:$I$29) -> -35.687321
A61: PVC | B61: Kssdr | D61: agriculturalsoil | F61: log normal | G61: 0 | H61: =_xlfn.XLOOKUP($A61,'1.3.SSDR_soil'!$B$7:$B$29,'1.3.SSDR_soil'!$J$7:$J$29) -> 0.89386067 | I61: =_xlfn.XLOOKUP($A61,'1.3.SSDR_soil'!$B$7:$B$29,'1.3.SSDR_soil'!$I$7:$I$29) -> -35.687321
A62: PU | B62: Kssdr | D62: deepocean | F62: log normal | G62: 0 | H62: =_xlfn.XLOOKUP($A62,'1.1.SSDR_water'!$B$7:$B$29,'1.1.SSDR_water'!$J$7:$J$29) -> 2.1472679 | I62: =_xlfn.XLOOKUP($A62,'1.1.SSDR_water'!$B$7:$B$29,'1.1.SSDR_water'!$I$7:$I$29) -> -32.458544
A63: PU | B63: Kssdr | D63: river | F63: log normal | G63: 0 | H63: =_xlfn.XLOOKUP($A63,'1.1.SSDR_water'!$B$7:$B$29,'1.1.SSDR_water'!$J$7:$J$29) -> 2.1472679 | I63: =_xlfn.XLOOKUP($A63,'1.1.SSDR_water'!$B$7:$B$29,'1.1.SSDR_water'!$I$7:$I$29) -> -32.458544
A64: PU | B64: Kssdr | D64: sea | F64: log normal | G64: 0 | H64: =_xlfn.XLOOKUP($A64,'1.1.SSDR_water'!$B$7:$B$29,'1.1.SSDR_water'!$J$7:$J$29) -> 2.1472679 | I64: =_xlfn.XLOOKUP($A64,'1.1.SSDR_water'!$B$7:$B$29,'1.1.SSDR_water'!$I$7:$I$29) -> -32.458544
A65: PU | B65: Kssdr | D65: lake | F65: log normal | G65: 0 | H65: =_xlfn.XLOOKUP($A65,'1.1.SSDR_water'!$B$7:$B$29,'1.1.SSDR_water'!$J$7:$J$29) -> 2.1472679 | I65: =_xlfn.XLOOKUP($A65,'1.1.SSDR_water'!$B$7:$B$29,'1.1.SSDR_water'!$I$7:$I$29) -> -32.458544
A66: PU | B66: Kssdr | D66: marinesediment | F66: log normal | G66: 0 | H66: =_xlfn.XLOOKUP($A66,'1.2.SSDR_sediment'!$B$7:$B$29,'1.2.SSDR_sediment'!$J$7:$J$29) -> 2.1472679 | I66: =_xlfn.XLOOKUP($A66,'1.2.SSDR_sediment'!$B$7:$B$29,'1.2.SSDR_sediment'!$I$7:$I$29) -> -32.458544
A67: PU | B67: Kssdr | D67: freshwatersediment | F67: log normal | G67: 0 | H67: =_xlfn.XLOOKUP($A67,'1.2.SSDR_sediment'!$B$7:$B$29,'1.2.SSDR_sediment'!$J$7:$J$29) -> 2.1472679 | I67: =_xlfn.XLOOKUP($A67,'1.2.SSDR_sediment'!$B$7:$B$29,'1.2.SSDR_sediment'!$I$7:$I$29) -> -32.458544
A68: PU | B68: Kssdr | D68: lakesediment | F68: log normal | G68: 0 | H68: =_xlfn.XLOOKUP($A68,'1.2.SSDR_sediment'!$B$7:$B$29,'1.2.SSDR_sediment'!$J$7:$J$29) -> 2.1472679 | I68: =_xlfn.XLOOKUP($A68,'1.2.SSDR_sediment'!$B$7:$B$29,'1.2.SSDR_sediment'!$I$7:$I$29) -> -32.458544
A69: PU | B69: Kssdr | D69: naturalsoil | F69: log normal | G69: 0 | H69: =_xlfn.XLOOKUP($A69,'1.3.SSDR_soil'!$B$7:$B$29,'1.3.SSDR_soil'!$J$7:$J$29) -> 2.1472679 | I69: =_xlfn.XLOOKUP($A69,'1.3.SSDR_soil'!$B$7:$B$29,'1.3.SSDR_soil'!$I$7:$I$29) -> -32.458544
A70: PU | B70: Kssdr | D70: othersoil | F70: log normal | G70: 0 | H70: =_xlfn.XLOOKUP($A70,'1.3.SSDR_soil'!$B$7:$B$29,'1.3.SSDR_soil'!$J$7:$J$29) -> 2.1472679 | I70: =_xlfn.XLOOKUP($A70,'1.3.SSDR_soil'!$B$7:$B$29,'1.3.SSDR_soil'!$I$7:$I$29) -> -32.458544
A71: PU | B71: Kssdr | D71: agriculturalsoil | F71: log normal | G71: 0 | H71: =_xlfn.XLOOKUP($A71,'1.3.SSDR_soil'!$B$7:$B$29,'1.3.SSDR_soil'!$J$7:$J$29) -> 2.1472679 | I71: =_xlfn.XLOOKUP($A71,'1.3.SSDR_soil'!$B$7:$B$29,'1.3.SSDR_soil'!$I$7:$I$29) -> -32.458544
A72: PAN | B72: Kssdr | D72: deepocean | F72: log normal | G72: 0 | H72: =_xlfn.XLOOKUP($A72,'1.1.SSDR_water'!$B$7:$B$29,'1.1.SSDR_water'!$J$7:$J$29) -> 0.89386067 | I72: =_xlfn.XLOOKUP($A72,'1.1.SSDR_water'!$B$7:$B$29,'1.1.SSDR_water'!$I$7:$I$29) -> -35.687321
A73: PAN | B73: Kssdr | D73: river | F73: log normal | G73: 0 | H73: =_xlfn.XLOOKUP($A73,'1.1.SSDR_water'!$B$7:$B$29,'1.1.SSDR_water'!$J$7:$J$29) -> 0.89386067 | I73: =_xlfn.XLOOKUP($A73,'1.1.SSDR_water'!$B$7:$B$29,'1.1.SSDR_water'!$I$7:$I$29) -> -35.687321
A74: PAN | B74: Kssdr | D74: sea | F74: log normal | G74: 0 | H74: =_xlfn.XLOOKUP($A74,'1.1.SSDR_water'!$B$7:$B$29,'1.1.SSDR_water'!$J$7:$J$29) -> 0.89386067 | I74: =_xlfn.XLOOKUP($A74,'1.1.SSDR_water'!$B$7:$B$29,'1.1.SSDR_water'!$I$7:$I$29) -> -35.687321
A75: PAN | B75: Kssdr | D75: lake | F75: log normal | G75: 0 | H75: =_xlfn.XLOOKUP($A75,'1.1.SSDR_water'!$B$7:$B$29,'1.1.SSDR_water'!$J$7:$J$29) -> 0.89386067 | I75: =_xlfn.XLOOKUP($A75,'1.1.SSDR_water'!$B$7:$B$29,'1.1.SSDR_water'!$I$7:$I$29) -> -35.687321
A76: PAN | B76: Kssdr | D76: marinesediment | F76: log normal | G76: 0 | H76: =_xlfn.XLOOKUP($A76,'1.2.SSDR_sediment'!$B$7:$B$29,'1.2.SSDR_sediment'!$J$7:$J$29) -> 0.89386067 | I76: =_xlfn.XLOOKUP($A76,'1.2.SSDR_sediment'!$B$7:$B$29,'1.2.SSDR_sediment'!$I$7:$I$29) -> -35.687321
A77: PAN | B77: Kssdr | D77: freshwatersediment | F77: log normal | G77: 0 | H77: =_xlfn.XLOOKUP($A77,'1.2.SSDR_sediment'!$B$7:$B$29,'1.2.SSDR_sediment'!$J$7:$J$29) -> 0.89386067 | I77: =_xlfn.XLOOKUP($A77,'1.2.SSDR_sediment'!$B$7:$B$29,'1.2.SSDR_sediment'!$I$7:$I$29) -> -35.687321
A78: PAN | B78: Kssdr | D78: lakesediment | F78: log normal | G78: 0 | H78: =_xlfn.XLOOKUP($A78,'1.2.SSDR_sediment'!$B$7:$B$29,'1.2.SSDR_sediment'!$J$7:$J$29) -> 0.89386067 | I78: =_xlfn.XLOOKUP($A78,'1.2.SSDR_sediment'!$B$7:$B$29,'1.2.SSDR_sediment'!$I$7:$I$29) -> -35.687321
A79: PAN | B79: Kssdr | D79: naturalsoil | F79: log normal | G79: 0 | H79: =_xlfn.XLOOKUP($A79,'1.3.SSDR_soil'!$B$7:$B$29,'1.3.SSDR_soil'!$J$7:$J$29) -> 0.89386067 | I79: =_xlfn.XLOOKUP($A79,'1.3.SSDR_soil'!$B$7:$B$29,'1.3.SSDR_soil'!$I$7:$I$29) -> -35.687321
A80: PAN | B80: Kssdr | D80: othersoil | F80: log normal | G80: 0 | H80: =_xlfn.XLOOKUP($A80,'1.3.SSDR_soil'!$B$7:$B$29,'1.3.SSDR_soil'!$J$7:$J$29) -> 0.89386067 | I80: =_xlfn.XLOOKUP($A80,'1.3.SSDR_soil'!$B$7:$B$29,'1.3.SSDR_soil'!$I$7:$I$29) -> -35.687321
A81: PAN | B81: Kssdr | D81: agriculturalsoil | F81: log normal | G81: 0 | H81: =_xlfn.XLOOKUP($A81,'1.3.SSDR_soil'!$B$7:$B$29,'1.3.SSDR_soil'!$J$7:$J$29) -> 0.89386067 | I81: =_xlfn.XLOOKUP($A81,'1.3.SSDR_soil'!$B$7:$B$29,'1.3.SSDR_soil'!$I$7:$I$29) -> -35.687321
A82: TRWP | B82: Kssdr | D82: deepocean | F82: log normal | G82: 0 | H82: =_xlfn.XLOOKUP($A82,'1.1.SSDR_water'!$B$7:$B$29,'1.1.SSDR_water'!$J$7:$J$29) -> 1.8068414 | I82: =_xlfn.XLOOKUP($A82,'1.1.SSDR_water'!$B$7:$B$29,'1.1.SSDR_water'!$I$7:$I$29) -> -33.336167
A83: TRWP | B83: Kssdr | D83: river | F83: log normal | G83: 0 | H83: =_xlfn.XLOOKUP($A83,'1.1.SSDR_water'!$B$7:$B$29,'1.1.SSDR_water'!$J$7:$J$29) -> 1.8068414 | I83: =_xlfn.XLOOKUP($A83,'1.1.SSDR_water'!$B$7:$B$29,'1.1.SSDR_water'!$I$7:$I$29) -> -33.336167
A84: TRWP | B84: Kssdr | D84: sea | F84: log normal | G84: 0 | H84: =_xlfn.XLOOKUP($A84,'1.1.SSDR_water'!$B$7:$B$29,'1.1.SSDR_water'!$J$7:$J$29) -> 1.8068414 | I84: =_xlfn.XLOOKUP($A84,'1.1.SSDR_water'!$B$7:$B$29,'1.1.SSDR_water'!$I$7:$I$29) -> -33.336167
A85: TRWP | B85: Kssdr | D85: lake | F85: log normal | G85: 0 | H85: =_xlfn.XLOOKUP($A85,'1.1.SSDR_water'!$B$7:$B$29,'1.1.SSDR_water'!$J$7:$J$29) -> 1.8068414 | I85: =_xlfn.XLOOKUP($A85,'1.1.SSDR_water'!$B$7:$B$29,'1.1.SSDR_water'!$I$7:$I$29) -> -33.336167
A86: TRWP | B86: Kssdr | D86: marinesediment | F86: log normal | G86: 0 | H86: =_xlfn.XLOOKUP($A86,'1.2.SSDR_sediment'!$B$7:$B$29,'1.2.SSDR_sediment'!$J$7:$J$29) -> 1.8068414 | I86: =_xlfn.XLOOKUP($A86,'1.2.SSDR_sediment'!$B$7:$B$29,'1.2.SSDR_sediment'!$I$7:$I$29) -> -33.336167
A87: TRWP | B87: Kssdr | D87: freshwatersediment | F87: log normal | G87: 0 | H87: =_xlfn.XLOOKUP($A87,'1.2.SSDR_sediment'!$B$7:$B$29,'1.2.SSDR_sediment'!$J$7:$J$29) -> 1.8068414 | I87: =_xlfn.XLOOKUP($A87,'1.2.SSDR_sediment'!$B$7:$B$29,'1.2.SSDR_sediment'!$I$7:$I$29) -> -33.336167
A88: TRWP | B88: Kssdr | D88: lakesediment | F88: log normal | G88: 0 | H88: =_xlfn.XLOOKUP($A88,'1.2.SSDR_sediment'!$B$7:$B$29,'1.2.SSDR_sediment'!$J$7:$J$29) -> 1.8068414 | I88: =_xlfn.XLOOKUP($A88,'1.2.SSDR_sediment'!$B$7:$B$29,'1.2.SSDR_sediment'!$I$7:$I$29) -> -33.336167
A89: TRWP | B89: Kssdr | D89: naturalsoil | F89: log normal | G89: 0 | H89: =_xlfn.XLOOKUP($A89,'1.3.SSDR_soil'!$B$7:$B$29,'1.3.SSDR_soil'!$J$7:$J$29) -> 0.5705114 | I89: =_xlfn.XLOOKUP($A89,'1.3.SSDR_soil'!$B$7:$B$29,'1.3.SSDR_soil'!$I$7:$I$29) -> -28.950025
A90: TRWP | B90: Kssdr | D90: othersoil | F90: log normal | G90: 0 | H90: =_xlfn.XLOOKUP($A90,'1.3.SSDR_soil'!$B$7:$B$29,'1.3.SSDR_soil'!$J$7:$J$29) -> 0.5705114 | I90: =_xlfn.XLOOKUP($A90,'1.3.SSDR_soil'!$B$7:$B$29,'1.3.SSDR_soil'!$I$7:$I$29) -> -28.950025
A91: TRWP | B91: Kssdr | D91: agriculturalsoil | F91: log normal | G91: 0 | H91: =_xlfn.XLOOKUP($A91,'1.3.SSDR_soil'!$B$7:$B$29,'1.3.SSDR_soil'!$J$7:$J$29) -> 0.5705114 | I91: =_xlfn.XLOOKUP($A91,'1.3.SSDR_soil'!$B$7:$B$29,'1.3.SSDR_soil'!$I$7:$I$29) -> -28.950025
A92: PHA | B92: Kssdr | D92: deepocean | F92: log normal | G92: 0 | H92: =_xlfn.XLOOKUP($A92,'1.1.SSDR_water'!$B$7:$B$29,'1.1.SSDR_water'!$J$7:$J$29) -> 1.0491074 | I92: =_xlfn.XLOOKUP($A92,'1.1.SSDR_water'!$B$7:$B$29,'1.1.SSDR_water'!$I$7:$I$29) -> -26.358103
A93: PHA | B93: Kssdr | D93: river | F93: log normal | G93: 0 | H93: =_xlfn.XLOOKUP($A93,'1.1.SSDR_water'!$B$7:$B$29,'1.1.SSDR_water'!$J$7:$J$29) -> 1.0491074 | I93: =_xlfn.XLOOKUP($A93,'1.1.SSDR_water'!$B$7:$B$29,'1.1.SSDR_water'!$I$7:$I$29) -> -26.358103
A94: PHA | B94: Kssdr | D94: sea | F94: log normal | G94: 0 | H94: =_xlfn.XLOOKUP($A94,'1.1.SSDR_water'!$B$7:$B$29,'1.1.SSDR_water'!$J$7:$J$29) -> 1.0491074 | I94: =_xlfn.XLOOKUP($A94,'1.1.SSDR_water'!$B$7:$B$29,'1.1.SSDR_water'!$I$7:$I$29) -> -26.358103
A95: PHA | B95: Kssdr | D95: lake | F95: log normal | G95: 0 | H95: =_xlfn.XLOOKUP($A95,'1.1.SSDR_water'!$B$7:$B$29,'1.1.SSDR_water'!$J$7:$J$29) -> 1.0491074 | I95: =_xlfn.XLOOKUP($A95,'1.1.SSDR_water'!$B$7:$B$29,'1.1.SSDR_water'!$I$7:$I$29) -> -26.358103
A96: PHA | B96: Kssdr | D96: marinesediment | F96: log normal | G96: 0 | H96: =_xlfn.XLOOKUP($A96,'1.2.SSDR_sediment'!$B$7:$B$29,'1.2.SSDR_sediment'!$J$7:$J$29) -> 1.2773916 | I96: =_xlfn.XLOOKUP($A96,'1.2.SSDR_sediment'!$B$7:$B$29,'1.2.SSDR_sediment'!$I$7:$I$29) -> -29.261266
A97: PHA | B97: Kssdr | D97: freshwatersediment | F97: log normal | G97: 0 | H97: =_xlfn.XLOOKUP($A97,'1.2.SSDR_sediment'!$B$7:$B$29,'1.2.SSDR_sediment'!$J$7:$J$29) -> 1.2773916 | I97: =_xlfn.XLOOKUP($A97,'1.2.SSDR_sediment'!$B$7:$B$29,'1.2.SSDR_sediment'!$I$7:$I$29) -> -29.261266
A98: PHA | B98: Kssdr | D98: lakesediment | F98: log normal | G98: 0 | H98: =_xlfn.XLOOKUP($A98,'1.2.SSDR_sediment'!$B$7:$B$29,'1.2.SSDR_sediment'!$J$7:$J$29) -> 1.2773916 | I98: =_xlfn.XLOOKUP($A98,'1.2.SSDR_sediment'!$B$7:$B$29,'1.2.SSDR_sediment'!$I$7:$I$29) -> -29.261266
A99: PHA | B99: Kssdr | D99: naturalsoil | F99: log normal | G99: 0 | H99: =_xlfn.XLOOKUP($A99,'1.3.SSDR_soil'!$B$7:$B$29,'1.3.SSDR_soil'!$J$7:$J$29) -> 0.10461942 | I99: =_xlfn.XLOOKUP($A99,'1.3.SSDR_soil'!$B$7:$B$29,'1.3.SSDR_soil'!$I$7:$I$29) -> -23.996463
A100: PHA | B100: Kssdr | D100: othersoil | F100: log normal | G100: 0 | H100: =_xlfn.XLOOKUP($A100,'1.3.SSDR_soil'!$B$7:$B$29,'1.3.SSDR_soil'!$J$7:$J$29) -> 0.10461942 | I100: =_xlfn.XLOOKUP($A100,'1.3.SSDR_soil'!$B$7:$B$29,'1.3.SSDR_soil'!$I$7:$I$29) -> -23.996463
...

Sheet 3.4.EEF_CI
A1: varName | B1: Scale | C1: SubCompart | D1: Species | E1: Distribution | F1: a | G1: b | H1: c | I1: Data Source | K1: Value (PAF m3/kg) | L1: Lower limit | M1: Upper limit | N1: Note
A2: EEF_w | E2: log normal | F2: 0 | G2: =LN(K2) -> 6.9730811 | H2: =(LN(M2)-LN(L2))/(2*1.96) -> 0.55726717 | I2: Corella-Puertas et al. (2023) | K2: 1067.5067 | L2: 358.109 | M2: 3182.1894 | N2: 95% CI provided (z0.975=1.96)
A3: EEF_sed | E3: log normal | F3: 0 | G3: =LN(K3) -> 2.7833432 | H3: =(LN(M3)-LN(L3))/(2*1.96) -> 1.1462822 | I3: Saadi et al. (2025) | K3: 16.173 | L3: 1.7102619 | M3: 152.94416 | N3: 95% CI provided (z0.975=1.96)
A4: EEF_s | E4: log normal | F4: 0 | G4: =LN(GEOMEAN(L4:M4)) -> -0.50343694 | H4: =(LN(M4)-LN(L4))/(2*0.674) -> 0.59737721 | I4: Tunali & Nowack (2025) | K4: =0.79/1.46 -> 0.54109589 | L4: =0.59/1.46 -> 0.40410959 | M4: =1.32/1.46 -> 0.90410959 | N4: Q1 and Q3 provided and log normality is assumed to derive mu and sigma (z0.75=0.674)

Sheet 3.5.trackmpd_input
A1: region | B1: polymer | C1: Density code | D1: size | E1: shape | F1: Scale | G1: SubCompart | H1: varName | I1: Waarde
A2: North America | B2: EPS | C2: =_xlfn.XLOOKUP(B2,'2.1.trackMPD'!$R$7:$R$29,'2.1.trackMPD'!$T$7:$T$29) -> 1 | D2: 1 | E2: Sphere | F2: Regional | G2: sea | H2: VelInput | I2: 8.35e-11
A3: North America | B3: EPS | C3: =_xlfn.XLOOKUP(B3,'2.1.trackMPD'!$R$7:$R$29,'2.1.trackMPD'!$T$7:$T$29) -> 1 | D3: 1 | E3: Sphere | F3: Regional | G3: deepocean | H3: VelInput | I3: 8.35e-11
A4: North America | B4: EPS | C4: =_xlfn.XLOOKUP(B4,'2.1.trackMPD'!$R$7:$R$29,'2.1.trackMPD'!$T$7:$T$29) -> 1 | D4: 1 | E4: Sphere | F4: Continental | G4: sea | H4: VelInput | I4: 8.35e-11
A5: North America | B5: EPS | C5: =_xlfn.XLOOKUP(B5,'2.1.trackMPD'!$R$7:$R$29,'2.1.trackMPD'!$T$7:$T$29) -> 1 | D5: 1 | E5: Sphere | F5: Continental | G5: deepocean | H5: VelInput | I5: 8.35e-11
A6: North America | B6: EPS | C6: =_xlfn.XLOOKUP(B6,'2.1.trackMPD'!$R$7:$R$29,'2.1.trackMPD'!$T$7:$T$29) -> 1 | D6: 1 | E6: Sphere | F6: Regional | G6: sea | H6: AdvInput | I6: 6e-08
A7: North America | B7: EPS | C7: =_xlfn.XLOOKUP(B7,'2.1.trackMPD'!$R$7:$R$29,'2.1.trackMPD'!$T$7:$T$29) -> 1 | D7: 1 | E7: Sphere | F7: Regional | G7: deepocean | H7: AdvInput | I7: 6e-09
A8: North America | B8: EPS | C8: =_xlfn.XLOOKUP(B8,'2.1.trackMPD'!$R$7:$R$29,'2.1.trackMPD'!$T$7:$T$29) -> 1 | D8: 10 | E8: Sphere | F8: Regional | G8: sea | H8: VelInput | I8: 8.35e-11
A9: North America | B9: EPS | C9: =_xlfn.XLOOKUP(B9,'2.1.trackMPD'!$R$7:$R$29,'2.1.trackMPD'!$T$7:$T$29) -> 1 | D9: 10 | E9: Sphere | F9: Regional | G9: deepocean | H9: VelInput | I9: 8.35e-11
A10: North America | B10: EPS | C10: =_xlfn.XLOOKUP(B10,'2.1.trackMPD'!$R$7:$R$29,'2.1.trackMPD'!$T$7:$T$29) -> 1 | D10: 10 | E10: Sphere | F10: Continental | G10: sea | H10: VelInput | I10: 8.35e-11
A11: North America | B11: EPS | C11: =_xlfn.XLOOKUP(B11,'2.1.trackMPD'!$R$7:$R$29,'2.1.trackMPD'!$T$7:$T$29) -> 1 | D11: 10 | E11: Sphere | F11: Continental | G11: deepocean | H11: VelInput | I11: 8.35e-11
A12: North America | B12: EPS | C12: =_xlfn.XLOOKUP(B12,'2.1.trackMPD'!$R$7:$R$29,'2.1.trackMPD'!$T$7:$T$29) -> 1 | D12: 10 | E12: Sphere | F12: Regional | G12: sea | H12: AdvInput | I12: 6e-08
A13: North America | B13: EPS | C13: =_xlfn.XLOOKUP(B13,'2.1.trackMPD'!$R$7:$R$29,'2.1.trackMPD'!$T$7:$T$29) -> 1 | D13: 10 | E13: Sphere | F13: Regional | G13: deepocean | H13: AdvInput | I13: 6e-09
... A83: North America | B83: HDPE | C83: =_xlfn.XLOOKUP(B83,'2.1.trackMPD'!$R$7:$R$29,'2.1.trackMPD'!$T$7:$T$29) -> 4 | D83: 1 | E83: Sphere | F83: Continental | G83: deepocean | H83: VelInput | I83: 5.67e-08
A84: North America | B84: HDPE | C84: =_xlfn.XLOOKUP(B84,'2.1.trackMPD'!$R$7:$R$29,'2.1.trackMPD'!$T$7:$T$29) -> 4 | D84: 1 | E84: Sphere | F84: Regional | G84: sea | H84: AdvInput
A85: North America | B85: HDPE | C85: =_xlfn.XLOOKUP(B85,'2.1.trackMPD'!$R$7:$R$29,'2.1.trackMPD'!$T$7:$T$29) -> 4 | D85: 1 | E85: Sphere | F85: Regional | G85: deepocean | H85: AdvInput
A86: North America | B86: HDPE | C86: =_xlfn.XLOOKUP(B86,'2.1.trackMPD'!$R$7:$R$29,'2.1.trackMPD'!$T$7:$T$29) -> 4 | D86: 10 | E86: Sphere | F86: Regional | G86: sea | H86: VelInput | I86: 5.67e-08
A87: North America | B87: HDPE | C87: =_xlfn.XLOOKUP(B87,'2.1.trackMPD'!$R$7:$R$29,'2.1.trackMPD'!$T$7:$T$29) -> 4 | D87: 10 | E87: Sphere | F87: Regional | G87: deepocean | H87: VelInput | I87: 5.67e-08
A88: North America | B88: HDPE | C88: =_xlfn.XLOOKUP(B88,'2.1.trackMPD'!$R$7:$R$29,'2.1.trackMPD'!$T$7:$T$29) -> 4 | D88: 10 | E88: Sphere | F88: Continental | G88: sea | H88: VelInput | I88: 5.67e-08
A89: North America | B89: HDPE | C89: =_xlfn.XLOOKUP(B89,'2.1.trackMPD'!$R$7:$R$29,'2.1.trackMPD'!$T$7:$T$29) -> 4 | D89: 10 | E89: Sphere | F89: Continental | G89: deepocean | H89: VelInput | I89: 5.67e-08
A90: North America | B90: HDPE | C90: =_xlfn.XLOOKUP(B90,'2.1.trackMPD'!$R$7:$R$29,'2.1.trackMPD'!$T$7:$T$29) -> 4 | D90: 10 | E90: Sphere | F90: Regional | G90: sea | H90: AdvInput
A91: North America | B91: HDPE | C91: =_xlfn.XLOOKUP(B91,'2.1.trackMPD'!$R$7:$R$29,'2.1.trackMPD'!$T$7:$T$29) -> 4 | D91: 10 | E91: Sphere | F91: Regional | G91: deepocean | H91: AdvInput
A92: North America | B92: HDPE | C92: =_xlfn.XLOOKUP(B92,'2.1.trackMPD'!$R$7:$R$29,'2.1.trackMPD'!$T$7:$T$29) -> 4 | D92: 100 | E92: Sphere | F92: Regional | G92: sea | H92: VelInput | I92: 5.67e-08
A93: North America | B93: HDPE | C93: =_xlfn.XLOOKUP(B93,'2.1.trackMPD'!$R$7:$R$29,'2.1.trackMPD'!$T$7:$T$29) -> 4 | D93: 100 | E93: Sphere | F93: Regional | G93: deepocean | H93: VelInput | I93: 5.67e-08
A94: North America | B94: HDPE | C94: =_xlfn.XLOOKUP(B94,'2.1.trackMPD'!$R$7:$R$29,'2.1.trackMPD'!$T$7:$T$29) -> 4 | D94: 100 | E94: Sphere | F94: Continental | G94: sea | H94: VelInput | I94: 5.67e-08
A95: North America | B95: HDPE | C95: =_xlfn.XLOOKUP(B95,'2.1.trackMPD'!$R$7:$R$29,'2.1.trackMPD'!$T$7:$T$29) -> 4 | D95: 100 | E95: Sphere | F95: Continental | G95: deepocean | H95: VelInput | I95: 5.67e-08
A96: North America | B96: HDPE | C96: =_xlfn.XLOOKUP(B96,'2.1.trackMPD'!$R$7:$R$29,'2.1.trackMPD'!$T$7:$T$29) -> 4 | D96: 100 | E96: Sphere | F96: Regional | G96: sea | H96: AdvInput
A97: North America | B97: HDPE | C97: =_xlfn.XLOOKUP(B97,'2.1.trackMPD'!$R$7:$R$29,'2.1.trackMPD'!$T$7:$T$29) -> 4 | D97: 100 | E97: Sphere | F97: Regional | G97: deepocean | H97: AdvInput
A98: North America | B98: HDPE | C98: =_xlfn.XLOOKUP(B98,'2.1.trackMPD'!$R$7:$R$29,'2.1.trackMPD'!$T$7:$T$29) -> 4 | D98: 1000 | E98: Sphere | F98: Regional | G98: sea | H98: VelInput | I98: 5.67e-08
A99: North America | B99: HDPE | C99: =_xlfn.XLOOKUP(B99,'2.1.trackMPD'!$R$7:$R$29,'2.1.trackMPD'!$T$7:$T$29) -> 4 | D99: 1000 | E99: Sphere | F99: Regional | G99: deepocean | H99: VelInput | I99: 5.67e-08
A100: North America | B100: HDPE | C100: =_xlfn.XLOOKUP(B100,'2.1.trackMPD'!$R$7:$R$29,'2.1.trackMPD'!$T$7:$T$29) -> 4 | D100: 1000 | E100: Sphere | F100: Continental | G100: sea | H100: VelInput | I100: 5.67e-08
A101: North America | B101: HDPE | C101: =_xlfn.XLOOKUP(B101,'2.1.trackMPD'!$R$7:$R$29,'2.1.trackMPD'!$T$7:$T$29) -> 4 | D101: 1000 | E101: Sphere | F101: Continental | G101: deepocean | H101: VelInput | I101: 5.67e-08
A102: North America | B102: HDPE | C102: =_xlfn.XLOOKUP(B102,'2.1.trackMPD'!$R$7:$R$29,'2.1.trackMPD'!$T$7:$T$29) -> 4 | D102: 1000 | E102: Sphere | F102: Regional | G102: sea | H102: AdvInput
A103: North America | B103: HDPE | C103: =_xlfn.XLOOKUP(B103,'2.1.trackMPD'!$R$7:$R$29,'2.1.trackMPD'!$T$7:$T$29) -> 4 | D103: 1000 | E103: Sphere | F103: Regional | G103: deepocean | H103: AdvInput
A104: North America | B104: HDPE | C104: =_xlfn.XLOOKUP(B104,'2.1.trackMPD'!$R$7:$R$29,'2.1.trackMPD'!$T$7:$T$29) -> 4 | D104: 5000 | E104: Sphere | F104: Regional | G104: sea | H104: VelInput | I104: 5.67e-08
A105: North America | B105: HDPE | C105: =_xlfn.XLOOKUP(B105,'2.1.trackMPD'!$R$7:$R$29,'2.1.trackMPD'!$T$7:$T$29) -> 4 | D105: 5000 | E105: Sphere | F105: Regional | G105: deepocean | H105: VelInput | I105: 5.67e-08
A106: North America | B106: HDPE | C106: =_xlfn.XLOOKUP(B106,'2.1.trackMPD'!$R$7:$R$29,'2.1.trackMPD'!$T$7:$T$29) -> 4 | D106: 5000 | E106: Sphere | F106: Continental | G106: sea | H106: VelInput | I106: 5.67e-08
A107: North America | B107: HDPE | C107: =_xlfn.XLOOKUP(B107,'2.1.trackMPD'!$R$7:$R$29,'2.1.trackMPD'!$T$7:$T$29) -> 4 | D107: 5000 | E107: Sphere | F107: Continental | G107: deepocean | H107: VelInput | I107: 5.67e-08
A108: North America | B108: HDPE | C108: =_xlfn.XLOOKUP(B108,'2.1.trackMPD'!$R$7:$R$29,'2.1.trackMPD'!$T$7:$T$29) -> 4 | D108: 5000 | E108: Sphere | F108: Regional | G108: sea | H108: AdvInput
A109: North America | B109: HDPE | C109: =_xlfn.XLOOKUP(B109,'2.1.trackMPD'!$R$7:$R$29,'2.1.trackMPD'!$T$7:$T$29) -> 4 | D109: 5000 | E109: Sphere | F109: Regional | G109: deepocean | H109: AdvInput
A110: North America | B110: HDPE | C110: =_xlfn.XLOOKUP(B110,'2.1.trackMPD'!$R$7:$R$29,'2.1.trackMPD'!$T$7:$T$29) -> 4 | D110: 1 | E110: Fiber | F110: Regional | G110: sea | H110: VelInput | I110: 5.67e-08
A111: North America | B111: HDPE | C111: =_xlfn.XLOOKUP(B111,'2.1.trackMPD'!$R$7:$R$29,'2.1.trackMPD'!$T$7:$T$29) -> 4 | D111: 1 | E111: Fiber | F111: Regional | G111: deepocean | H111: VelInput | I111: 5.67e-08
A112: North America | B112: HDPE | C112: =_xlfn.XLOOKUP(B112,'2.1.trackMPD'!$R$7:$R$29,'2.1.trackMPD'!$T$7:$T$29) -> 4 | D112: 1 | E112: Fiber | F112: Continental | G112: sea | H112: VelInput | I112: 5.67e-08
A113: North America | B113: HDPE | C113: =_xlfn.XLOOKUP(B113,'2.1.trackMPD'!$R$7:$R$29,'2.1.trackMPD'!$T$7:$T$29) -> 4 | D113: 1 | E113: Fiber | F113: Continental | G113: deepocean | H113: VelInput | I113: 5.67e-08
A114: North America | B114: HDPE | C114: =_xlfn.XLOOKUP(B114,'2.1.trackMPD'!$R$7:$R$29,'2.1.trackMPD'!$T$7:$T$29) -> 4 | D114: 1 | E114: Fiber | F114: Regional | G114: sea | H114: AdvInput
A115: North America | B115: HDPE | C115: =_xlfn.XLOOKUP(B115,'2.1.trackMPD'!$R$7:$R$29,'2.1.trackMPD'!$T$7:$T$29) -> 4 | D115: 1 | E115: Fiber | F115: Regional | G115: deepocean | H115: AdvInput
A116: North America | B116: HDPE | C116: =_xlfn.XLOOKUP(B116,'2.1.trackMPD'!$R$7:$R$29,'2.1.trackMPD'!$T$7:$T$29) -> 4 | D116: 10 | E116: Fiber | F116: Regional | G116: sea | H116: VelInput | I116: 5.67e-08
A117: North America | B117: HDPE | C117: =_xlfn.XLOOKUP(B117,'2.1.trackMPD'!$R$7:$R$29,'2.1.trackMPD'!$T$7:$T$29) -> 4 | D117: 10 | E117: Fiber | F117: Regional | G117: deepocean | H117: VelInput | I117: 5.67e-08
A118: North America | B118: HDPE | C118: =_xlfn.XLOOKUP(B118,'2.1.trackMPD'!$R$7:$R$29,'2.1.trackMPD'!$T$7:$T$29) -> 4 | D118: 10 | E118: Fiber | F118: Continental | G118: sea | H118: VelInput | I118: 5.67e-08
A119: North America | B119: HDPE | C119: =_xlfn.XLOOKUP(B119,'2.1.trackMPD'!$R$7:$R$29,'2.1.trackMPD'!$T$7:$T$29) -> 4 | D119: 10 | E119: Fiber | F119: Continental | G119: deepocean | H119: VelInput | I119: 5.67e-08
A120: North America | B120: HDPE | C120: =_xlfn.XLOOKUP(B120,'2.1.trackMPD'!$R$7:$R$29,'2.1.trackMPD'!$T$7:$T$29) -> 4 | D120: 10 | E120: Fiber | F120: Regional | G120: sea | H120: AdvInput
A121: North America | B121: HDPE | C121: =_xlfn.XLOOKUP(B121,'2.1.trackMPD'!$R$7:$R$29,'2.1.trackMPD'!$T$7:$T$29) -> 4 | D121: 10 | E121: Fiber | F121: Regional | G121: deepocean | H121: AdvInput
A122: North America | B122: HDPE | C122: =_xlfn.XLOOKUP(B122,'2.1.trackMPD'!$R$7:$R$29,'2.1.trackMPD'!$T$7:$T$29) -> 4 | D122: 100 | E122: Fiber | F122: Regional | G122: sea | H122: VelInput | I122: 5.67e-08
A123: North America | B123: HDPE | C123: =_xlfn.XLOOKUP(B123,'2.1.trackMPD'!$R$7:$R$29,'2.1.trackMPD'!$T$7:$T$29) -> 4 | D123: 100 | E123: Fiber | F123: Regional | G123: deepocean | H123: VelInput | I123: 5.67e-08
A124: North America | B124: HDPE | C124: =_xlfn.XLOOKUP(B124,'2.1.trackMPD'!$R$7:$R$29,'2.1.trackMPD'!$T$7:$T$29) -> 4 | D124: 100 | E124: Fiber | F124: Continental | G124: sea | H124: VelInput | I124: 5.67e-08
A125: North America | B125: HDPE | C125: =_xlfn.XLOOKUP(B125,'2.1.trackMPD'!$R$7:$R$29,'2.1.trackMPD'!$T$7:$T$29) -> 4 | D125: 100 | E125: Fiber | F125: Continental | G125: deepocean | H125: VelInput | I125: 5.67e-08
A126: North America | B126: HDPE | C126: =_xlfn.XLOOKUP(B126,'2.1.trackMPD'!$R$7:$R$29,'2.1.trackMPD'!$T$7:$T$29) -> 4 | D126: 100 | E126: Fiber | F126: Regional | G126: sea | H126: AdvInput
A127: North America | B127: HDPE | C127: =_xlfn.XLOOKUP(B127,'2.1.trackMPD'!$R$7:$R$29,'2.1.trackMPD'!$T$7:$T$29) -> 4 | D127: 100 | E127: Fiber | F127: Regional | G127: deepocean | H127: AdvInput
A128: North America | B128: HDPE | C128: =_xlfn.XLOOKUP(B128,'2.1.trackMPD'!$R$7:$R$29,'2.1.trackMPD'!$T$7:$T$29) -> 4 | D128: 1000 | E128: Fiber | F128: Regional | G128: sea | H128: VelInput | I128: 5.67e-08
A129: North America | B129: HDPE | C129: =_xlfn.XLOOKUP(B129,'2.1.trackMPD'!$R$7:$R$29,'2.1.trackMPD'!$T$7:$T$29) -> 4 | D129: 1000 | E129: Fiber | F129: Regional | G129: deepocean | H129: VelInput | I129: 5.67e-08
A130: North America | B130: HDPE | C130: =_xlfn.XLOOKUP(B130,'2.1.trackMPD'!$R$7:$R$29,'2.1.trackMPD'!$T$7:$T$29) -> 4 | D130: 1000 | E130: Fiber | F130: Continental | G130: sea | H130: VelInput | I130: 5.67e-08
A131: North America | B131: HDPE | C131: =_xlfn.XLOOKUP(B131,'2.1.trackMPD'!$R$7:$R$29,'2.1.trackMPD'!$T$7:$T$29) -> 4 | D131: 1000 | E131: Fiber | F131: Continental | G131: deepocean | H131: VelInput | I131: 5.67e-08
A132: North America | B132: HDPE | C132: =_xlfn.XLOOKUP(B132,'2.1.trackMPD'!$R$7:$R$29,'2.1.trackMPD'!$T$7:$T$29) -> 4 | D132: 1000 | E132: Fiber | F132: Regional | G132: sea | H132: AdvInput
A133: North America | B133: HDPE | C133: =_xlfn.XLOOKUP(B133,'2.1.trackMPD'!$R$7:$R$29,'2.1.trackMPD'!$T$7:$T$29) -> 4 | D133: 1000 | E133: Fiber | F133: Regional | G133: deepocean | H133: AdvInput
A134: North America | B134: HDPE | C134: =_xlfn.XLOOKUP(B134,'2.1.trackMPD'!$R$7:$R$29,'2.1.trackMPD'!$T$7:$T$29) -> 4 | D134: 5000 | E134: Fiber | F134: Regional | G134: sea | H134: VelInput | I134: 5.67e-08
A135: North America | B135: HDPE | C135: =_xlfn.XLOOKUP(B135,'2.1.trackMPD'!$R$7:$R$29,'2.1.trackMPD'!$T$7:$T$29) -> 4 | D135: 5000 | E135: Fiber | F135: Regional | G135: deepocean | H135: VelInput | I135: 5.67e-08
A136: North America | B136: HDPE | C136: =_xlfn.XLOOKUP(B136,'2.1.trackMPD'!$R$7:$R$29,'2.1.trackMPD'!$T$7:$T$29) -> 4 | D136: 5000 | E136: Fiber | F136: Continental | G136: sea | H136: VelInput | I136: 5.67e-08
A137: North America | B137: HDPE | C137: =_xlfn.XLOOKUP(B137,'2.1.trackMPD'!$R$7:$R$29,'2.1.trackMPD'!$T$7:$T$29) -> 4 | D137: 5000 | E137: Fiber | F137: Continental | G137: deepocean | H137: VelInput | I137: 5.67e-08
A138: North America | B138: HDPE | C138: =_xlfn.XLOOKUP(B138,'2.1.trackMPD'!$R$7:$R$29,'2.1.trackMPD'!$T$7:$T$29) -> 4 | D138: 5000 | E138: Fiber | F138: Regional | G138: sea | H138: AdvInput
A139: North America | B139: HDPE | C139: =_xlfn.XLOOKUP(B139,'2.1.trackMPD'!$R$7:$R$29,'2.1.trackMPD'!$T$7:$T$29) -> 4 | D139: 5000 | E139: Fiber | F139: Regional | G139: deepocean | H139: AdvInput
A140: North America | B140: HDPE | C140: =_xlfn.XLOOKUP(B140,'2.1.trackMPD'!$R$7:$R$29,'2.1.trackMPD'!$T$7:$T$29) -> 4 | D140: 1 | E140: Film | F140: Regional | G140: sea | H140: VelInput | I140: 5.67e-08
A141: North America | B141: HDPE | C141: =_xlfn.XLOOKUP(B141,'2.1.trackMPD'!$R$7:$R$29,'2.1.trackMPD'!$T$7:$T$29) -> 4 | D141: 1 | E141: Film | F141: Regional | G141: deepocean | H141: VelInput | I141: 5.67e-08
A142: North America | B142: HDPE | C142: =_xlfn.XLOOKUP(B142,'2.1.trackMPD'!$R$7:$R$29,'2.1.trackMPD'!$T$7:$T$29) -> 4 | D142: 1 | E142: Film | F142: Continental | G142: sea | H142: VelInput | I142: 5.67e-08
A143: North America | B143: HDPE | C143: =_xlfn.XLOOKUP(B143,'2.1.trackMPD'!$R$7:$R$29,'2.1.trackMPD'!$T$7:$T$29) -> 4 | D143: 1 | E143: Film | F143: Continental | G143: deepocean | H143: VelInput | I143: 5.67e-08
A144: North America | B144: HDPE | C144: =_xlfn.XLOOKUP(B144,'2.1.trackMPD'!$R$7:$R$29,'2.1.trackMPD'!$T$7:$T$29) -> 4 | D144: 1 | E144: Film | F144: Regional | G144: sea | H144: AdvInput
A145: North America | B145: HDPE | C145: =_xlfn.XLOOKUP(B145,'2.1.trackMPD'!$R$7:$R$29,'2.1.trackMPD'!$T$7:$T$29) -> 4 | D145: 1 | E145: Film | F145: Regional | G145: deepocean | H145: AdvInput
A146: North America | B146: HDPE | C146: =_xlfn.XLOOKUP(B146,'2.1.trackMPD'!$R$7:$R$29,'2.1.trackMPD'!$T$7:$T$29) -> 4 | D146: 10 | E146: Film | F146: Regional | G146: sea | H146: VelInput | I146: 5.67e-08
A147: North America | B147: HDPE | C147: =_xlfn.XLOOKUP(B147,'2.1.trackMPD'!$R$7:$R$29,'2.1.trackMPD'!$T$7:$T$29) -> 4 | D147: 10 | E147: Film | F147: Regional | G147: deepocean | H147: VelInput | I147: 5.67e-08
A148: North America | B148: HDPE | C148: =_xlfn.XLOOKUP(B148,'2.1.trackMPD'!$R$7:$R$29,'2.1.trackMPD'!$T$7:$T$29) -> 4 | D148: 10 | E148: Film | F148: Continental | G148: sea | H148: VelInput | I148: 5.67e-08
A149: North America | B149: HDPE | C149: =_xlfn.XLOOKUP(B149,'2.1.trackMPD'!$R$7:$R$29,'2.1.trackMPD'!$T$7:$T$29) -> 4 | D149: 10 | E149: Film | F149: Continental | G149: deepocean | H149: VelInput | I149: 5.67e-08
A150: North America | B150: HDPE | C150: =_xlfn.XLOOKUP(B150,'2.1.trackMPD'!$R$7:$R$29,'2.1.trackMPD'!$T$7:$T$29) -> 4 | D150: 10 | E150: Film | F150: Regional | G150: sea | H150: AdvInput
A151: North America | B151: HDPE | C151: =_xlfn.XLOOKUP(B151,'2.1.trackMPD'!$R$7:$R$29,'2.1.trackMPD'!$T$7:$T$29) -> 4 | D151: 10 | E151: Film | F151: Regional | G151: deepocean | H151: AdvInput
A152: North America | B152: HDPE | C152: =_xlfn.XLOOKUP(B152,'2.1.trackMPD'!$R$7:$R$29,'2.1.trackMPD'!$T$7:$T$29) -> 4 | D152: 100 | E152: Film | F152: Regional | G152: sea | H152: VelInput | I152: 5.67e-08
A153: North America | B153: HDPE | C153: =_xlfn.XLOOKUP(B153,'2.1.trackMPD'!$R$7:$R$29,'2.1.trackMPD'!$T$7:$T$29) -> 4 | D153: 100 | E153: Film | F153: Regional | G153: deepocean | H153: VelInput | I153: 5.67e-08
A154: North America | B154: HDPE | C154: =_xlfn.XLOOKUP(B154,'2.1.trackMPD'!$R$7:$R$29,'2.1.trackMPD'!$T$7:$T$29) -> 4 | D154: 100 | E154: Film | F154: Continental | G154: sea | H154: VelInput | I154: 5.67e-08
A155: North America | B155: HDPE | C155: =_xlfn.XLOOKUP(B155,'2.1.trackMPD'!$R$7:$R$29,'2.1.trackMPD'!$T$7:$T$29) -> 4 | D155: 100 | E155: Film | F155: Continental | G155: deepocean | H155: VelInput | I155: 5.67e-08
A156: North America | B156: HDPE | C156: =_xlfn.XLOOKUP(B156,'2.1.trackMPD'!$R$7:$R$29,'2.1.trackMPD'!$T$7:$T$29) -> 4 | D156: 100 | E156: Film | F156: Regional | G156: sea | H156: AdvInput
A157: North America | B157: HDPE | C157: =_xlfn.XLOOKUP(B157,'2.1.trackMPD'!$R$7:$R$29,'2.1.trackMPD'!$T$7:$T$29) -> 4 | D157: 100 | E157: Film | F157: Regional | G157: deepocean | H157: AdvInput
A158: North America | B158: LDPE | C158: =_xlfn.XLOOKUP(B158,'2.1.trackMPD'!$R$7:$R$29,'2.1.trackMPD'!$T$7:$T$29) -> 3 | D158: 1 | E158: Sphere | F158: Regional | G158: sea | H158: VelInput | I158: 5.67e-08
A159: North America | B159: LDPE | C159: =_xlfn.XLOOKUP(B159,'2.1.trackMPD'!$R$7:$R$29,'2.1.trackMPD'!$T$7:$T$29) -> 3 | D159: 1 | E159: Sphere | F159: Regional | G159: deepocean | H159: VelInput | I159: 5.67e-08
A160: North America | B160: LDPE | C160: =_xlfn.XLOOKUP(B160,'2.1.trackMPD'!$R$7:$R$29,'2.1.trackMPD'!$T$7:$T$29) -> 3 | D160: 1 | E160: Sphere | F160: Continental | G160: sea | H160: VelInput | I160: 5.67e-08
A161: North America | B161: LDPE | C161: =_xlfn.XLOOKUP(B161,'2.1.trackMPD'!$R$7:$R$29,'2.1.trackMPD'!$T$7:$T$29) -> 3 | D161: 1 | E161: Sphere | F161: Continental | G161: deepocean | H161: VelInput | I161: 5.67e-08
A162: North America | B162: LDPE | C162: =_xlfn.XLOOKUP(B162,'2.1.trackMPD'!$R$7:$R$29,'2.1.trackMPD'!$T$7:$T$29) -> 3 | D162: 1 | E162: Sphere | F162: Regional | G162: sea | H162: AdvInput
A163: North America | B163: LDPE | C163: =_xlfn.XLOOKUP(B163,'2.1.trackMPD'!$R$7:$R$29,'2.1.trackMPD'!$T$7:$T$29) -> 3 | D163: 1 | E163: Sphere | F163: Regional | G163: deepocean | H163: AdvInput
A164: North America | B164: LDPE | C164: =_xlfn.XLOOKUP(B164,'2.1.trackMPD'!$R$7:$R$29,'2.1.trackMPD'!$T$7:$T$29) -> 3 | D164: 10 | E164: Sphere | F164: Regional | G164: sea | H164: VelInput | I164: 5.67e-08
A165: North America | B165: LDPE | C165: =_xlfn.XLOOKUP(B165,'2.1.trackMPD'!$R$7:$R$29,'2.1.trackMPD'!$T$7:$T$29) -> 3 | D165: 10 | E165: Sphere | F165: Regional | G165: deepocean | H165: VelInput | I165: 5.67e-08
A166: North America | B166: LDPE | C166: =_xlfn.XLOOKUP(B166,'2.1.trackMPD'!$R$7:$R$29,'2.1.trackMPD'!$T$7:$T$29) -> 3 | D166: 10 | E166: Sphere | F166: Continental | G166: sea | H166: VelInput | I166: 5.67e-08
A167: North America | B167: LDPE | C167: =_xlfn.XLOOKUP(B167,'2.1.trackMPD'!$R$7:$R$29,'2.1.trackMPD'!$T$7:$T$29) -> 3 | D167: 10 | E167: Sphere | F167: Continental | G167: deepocean | H167: VelInput | I167: 5.67e-08
A168: North America | B168: LDPE | C168: =_xlfn.XLOOKUP(B168,'2.1.trackMPD'!$R$7:$R$29,'2.1.trackMPD'!$T$7:$T$29) -> 3 | D168: 10 | E168: Sphere | F168: Regional | G168: sea | H168: AdvInput
A169: North America | B169: LDPE | C169: =_xlfn.XLOOKUP(B169,'2.1.trackMPD'!$R$7:$R$29,'2.1.trackMPD'!$T$7:$T$29) -> 3 | D169: 10 | E169: Sphere | F169: Regional | G169: deepocean | H169: AdvInput
...

Sheet 4.1.species_richness
B2: Fractions continental / global for the marine ecosystem
B4: Sheet adapted from Louvet et al. (2026). Based on the IUCN Red List (2024) and FAO (2020)
O5: Update
A6: Region in USEtox | B6: Marine regions in IUCN | C6: Number of coastal species in region (Neritic zone and coastal zone) | D6: Number of coastal species in RoW | E6: Total of coastal species expected | F6: Real total of coastal species | G6: Coastal species in common | H6: Number endemic coastal species | I6: Number RoW only coastal species | J6: Number of species in global water (Marine Oceanic and Marine Deep Benthic) | K6: % of species in Continental scale | L6: % of species in Global scale (RoW) | M6: Total | O6: % of species in Continental scale | P6: % of species in Global scale | Q6: % of species in RoW Continental scale | R6: Sum | T6: % of species in Continental scale | U6: % of species in Global scale
A7: North America | B7: Atlantic Northwest, Atlantic Western Central , Pacific North East, Pacific Eastern Central | C7: 4943 | D7: 10969 | E7: =SUM(C7:D7) -> 15912 | F7: 12523 | G7: =E7-F7 -> 3389 | H7: =(C7-G7) -> 1554 | I7: =(D7-G7) -> 7580 | J7: 5283 | K7: =(G7+H7)/(2*G7+H7+I7+J7) -> 0.23321538 | L7: =(G7+I7+J7)/(2*G7+H7+I7+J7) -> 0.76678462 | M7: =SUM(K7:L7) -> 1 | O7: =C7/(F7+J7) -> 0.27760306 | P7: =J7/(J7+F7) -> 0.29669774 | Q7: =I7/(F7+J7) -> 0.4256992 | R7: =O7+P7+Q7 -> 1 | T7: =H7/(J7+F7) -> 0.087273953 | U7: =J7/(J7+F7) -> 0.29669774 | V7: =I7/(F7+J7) -> 0.4256992 | W7: =SUM(T7:V7) -> 0.8096709
A8: Latin America | B8: Atlantic western central, Atlantic southwest, Pacific Eastern Centreal, Pacific Southeast | C8: 5410 | D8: 9667 | E8: =SUM(C8:D8) -> 15077 | F8: 12523 | G8: =E8-F8 -> 2554 | H8: =(C8-G8) -> 2856 | I8: =(D8-G8) -> 7113 | J8: 5283 | K8: =(G8+H8)/(2*G8+H8+I8+J8) -> 0.26571709 | L8: =(G8+I8+J8)/(2*G8+H8+I8+J8) -> 0.73428291 | M8: =SUM(K8:L8) -> 1 | O8: =C8/(F8+J8) -> 0.30383017 | P8: =J8/(J8+F8) -> 0.29669774 | Q8: =I8/(F8+J8) -> 0.39947209 | R8: =O8+P8+Q8 -> 1 | T8: =H8/(J8+F8) -> 0.16039537 | U8: =J8/(J8+F8) -> 0.29669774 | V8: =I8/(F8+J8) -> 0.39947209 | W8: =SUM(T8:V8) -> 0.8565652
A9: Europe | B9: Atlantic Northeast, Mediterranean and Black sea | C9: 739 | D9: 12362 | E9: =SUM(C9:D9) -> 13101 | F9: 12523 | G9: =E9-F9 -> 578 | H9: =(C9-G9) -> 161 | I9: =(D9-G9) -> 11784 | J9: 5283 | K9: =(G9+H9)/(2*G9+H9+I9+J9) -> 0.040197998 | L9: =(G9+I9+J9)/(2*G9+H9+I9+J9) -> 0.959802 | M9: =SUM(K9:L9) -> 1 | O9: =C9/(F9+J9) -> 0.041502864 | P9: =J9/(J9+F9) -> 0.29669774 | Q9: =I9/(F9+J9) -> 0.66179939 | R9: =O9+P9+Q9 -> 1 | T9: =H9/(J9+F9) -> 0.009041896 | U9: =J9/(J9+F9) -> 0.29669774 | V9: =I9/(F9+J9) -> 0.66179939 | W9: =SUM(T9:V9) -> 0.96753903
A10: Africa + Middle East | B10: Atlantic eastern central, Mediterranean and Black sea, Atlantic Southeast, Indian Ocean Western | C10: 4787 | D10: 10808 | E10: =SUM(C10:D10) -> 15595 | F10: 12523 | G10: =E10-F10 -> 3072 | H10: =(C10-G10) -> 1715 | I10: =(D10-G10) -> 7736 | J10: 5283 | K10: =(G10+H10)/(2*G10+H10+I10+J10) -> 0.22928441 | L10: =(G10+I10+J10)/(2*G10+H10+I10+J10) -> 0.77071559 | M10: =SUM(K10:L10) -> 1 | O10: =C10/(F10+J10) -> 0.26884196 | P10: =J10/(J10+F10) -> 0.29669774 | Q10: =I10/(F10+J10) -> 0.43446029 | R10: =O10+P10+Q10 -> 1 | T10: =H10/(J10+F10) -> 0.096315849 | U10: =J10/(J10+F10) -> 0.29669774 | V10: =I10/(F10+J10) -> 0.43446029 | W10: =SUM(T10:V10) -> 0.82747389
A11: Central Asia | B11: Indian Ocean Western, Pacific Northwest | C11: 5601 | D11: 11181 | E11: =SUM(C11:D11) -> 16782 | F11: 12523 | G11: =E11-F11 -> 4259 | H11: =(C11-G11) -> 1342 | I11: =(D11-G11) -> 6922 | J11: 5283 | K11: =(G11+H11)/(2*G11+H11+I11+J11) -> 0.25384092 | L11: =(G11+I11+J11)/(2*G11+H11+I11+J11) -> 0.74615908 | M11: =SUM(K11:L11) -> 1 | O11: =C11/(F11+J11) -> 0.31455689 | P11: =J11/(J11+F11) -> 0.29669774 | Q11: =I11/(F11+J11) -> 0.38874537 | R11: =O11+P11+Q11 -> 1 | T11: =H11/(J11+F11) -> 0.075367854 | U11: =J11/(J11+F11) -> 0.29669774 | V11: =I11/(F11+J11) -> 0.38874537 | W11: =SUM(T11:V11) -> 0.76081096
A12: Southeast Asia | B12: Indian Ocean Eastern, Indian Ocean Western, Pacific Northwest, Pacific Western Central | C12: 7971 | D12: 7602 | E12: =SUM(C12:D12) -> 15573 | F12: 12523 | G12: =E12-F12 -> 3050 | H12: =(C12-G12) -> 4921 | I12: =(D12-G12) -> 4552 | J12: 5283 | K12: =(G12+H12)/(2*G12+H12+I12+J12) -> 0.38219217 | L12: =(G12+I12+J12)/(2*G12+H12+I12+J12) -> 0.61780783 | M12: =SUM(K12:L12) -> 1 | O12: =C12/(F12+J12) -> 0.44765809 | P12: =J12/(J12+F12) -> 0.29669774 | Q12: =I12/(F12+J12) -> 0.25564416 | R12: =O12+P12+Q12 -> 1 | T12: =H12/(J12+F12) -> 0.27636752 | U12: =J12/(J12+F12) -> 0.29669774 | V12: =I12/(F12+J12) -> 0.25564416 | W12: =SUM(T12:V12) -> 0.82870942
A13: Northern regions | B13: Arctic Sea, Atlantic North East, Atlantic Northwest, Pacific Northwest, Pacific Northeast | C13: 4662 | D13: 11954 | E13: =SUM(C13:D13) -> 16616 | F13: 12523 | G13: =E13-F13 -> 4093 | H13: =(C13-G13) -> 569 | I13: =(D13-G13) -> 7861 | J13: 5283 | K13: =(G13+H13)/(2*G13+H13+I13+J13) -> 0.21288643 | L13: =(G13+I13+J13)/(2*G13+H13+I13+J13) -> 0.78711357 | M13: =SUM(K13:L13) -> 1 | O13: =C13/(F13+J13) -> 0.26182186 | P13: =J13/(J13+F13) -> 0.29669774 | Q13: =I13/(F13+J13) -> 0.4414804 | R13: =O13+P13+Q13 -> 1 | T13: =H13/(J13+F13) -> 0.031955521 | U13: =J13/(J13+F13) -> 0.29669774 | V13: =I13/(F13+J13) -> 0.4414804 | W13: =SUM(T13:V13) -> 0.77013366
A14: Oceania | B14: Indian Ocean Eastern, Pacific Western Central, Pacific Southwest | C14: 3031 | D14: 10203 | E14: =SUM(C14:D14) -> 13234 | F14: 12523 | G14: =E14-F14 -> 711 | H14: =(C14-G14) -> 2320 | I14: =(D14-G14) -> 9492 | J14: 5283 | K14: =(G14+H14)/(2*G14+H14+I14+J14) -> 0.16368742 | L14: =(G14+I14+J14)/(2*G14+H14+I14+J14) -> 0.83631258 | M14: =SUM(K14:L14) -> 1 | O14: =C14/(F14+J14) -> 0.17022352 | P14: =J14/(J14+F14) -> 0.29669774 | Q14: =I14/(F14+J14) -> 0.53307874 | R14: =O14+P14+Q14 -> 1 | T14: =H14/(J14+F14) -> 0.13029316 | U14: =J14/(J14+F14) -> 0.29669774 | V14: =I14/(F14+J14) -> 0.53307874 | W14: =SUM(T14:V14) -> 0.96006964
H16: =SUM(H7:H14) -> 15438 | K16: =SUM(K6:K14) -> 1.7810218 | O16: =SUM(O7:O14) -> 2.0860384 | T16: =SUM(T7:T14) -> 0.86701112
D17: Continental (20%) | E17: Global (30%) | H17: =H16-F7 -> 2915
C18: Water surface (29.5%) | D18: =0.2*29.5/100 -> 0.059 | E18: =0.3*29.5/100 -> 0.0885
C19: Water column (15.1%) | D19: =0.2*15.1/100 -> 0.0302 | E19: =0.3*15.1/100 -> 0.0453
C20: Sediments (55.4%) | D20: =0.2*55.4/100 -> 0.1108 | E20: =0.3*55.4/100 -> 0.1662
C21: Sum | D21: =SUM(D18:D20) -> 0.2 | E21: =SUM(E18:E20) -> 0.3
C22: Sum | D22: =SUM(D21:E21) -> 0.5

Sheet 5.1.usetox_ef
A1: CAS_Harmonized | B1: HC20_gpL
A2: 93763-87-2 | B2: 6.8726143
A3: 91722-10-0 | B3: 2.2308159
A4: 492-62-6 | B4: 2.0748861
A5: 65996-71-6 | B5: 1.8413602
A6: 13963-57-0 | B6: 1.7582068
A7: 65996-69-2 | B7: 1.6966044
A8: 2370-88-9 | B8: 1.5330197
A9: 4316-74-9 | B9: 1.1889994
A10: 14038-43-8 | B10: 0.9120791
A11: 12111-24-9 | B11: 0.83936849
A12: 7681-38-1 | B12: 0.62785221
A13: 100-79-8 | B13: 0.46926854
... A9863: 6517-25-5 | B9863: 2.3090599e-09

Sheet References
B2: References
B4: Chamas et al. (2020) | C4: Chamas, A., Moon, H., Zheng, J., Qiu, Y., Tabassum, T., Jang, J. H., Abu-Omar, M., Scott, S. L., & Suh, S. (2020). Degradation Rates of Plastics in the Environment. ACS Sustainable Chemistry & Engineering, 8(9), 3494–3511. https://doi.org/10.1021/acssuschemeng.9b06635
B5: Corella-Puertas et al. (2023) | C5: Corella-Puertas, E., Hajjar, C., Lavoie, J., & Boulay, A.-M. (2023). MarILCA characterization factors for microplastic impacts in life cycle assessment: Physical effects on biota from emissions to aquatic environments. Journal of Cleaner Production, 418, 138197. https://doi.org/10.1016/j.jclepro.2023.138197
B6: Douziech et al. (2024) | C6: Douziech, M., Oginah, S. A., Golsteijn, L., Hauschild, M. Z., Jolliet, O., Owsianiak, M., Posthuma, L., & Fantke, P. (2024). Characterizing Freshwater Ecotoxicity of More Than 9000 Chemicals by Combining Different Levels of Available Measured Test Data with In Silico Predictions. Environmental Toxicology and Chemistry, 43(8), 1914–1927. https://doi.org/10.1002/etc.5929
B7: Fantke et al. (2017) | C7: Fantke, P., Bijster, M., Guignard, C., Hauschild, M. Z., Huijbregts, M. A. J., Jolliet, O., Kounina, A., Magaud, V., Margni, M., Mckone, T., Posthuma, L., Rosenbaum, R. K., van de Meent, D., van Zelm, R., & Fantke, P. (2017). USEtox 2.0: Documentation (Version 1). USEtox International Center. https://doi.org/10.11581/DTU:00000011
B8: Hajjar et al. (2025) | C8: Hajjar, C., Bulle, C., Agez, M., Corella-Puertas, E., & Boulay, A.-M. (2025). Identifying influencing physical and environmental parameters on fate and characterization factors for microplastic emissions in the marine environment. The International Journal of Life Cycle Assessment. https://doi.org/10.1007/s11367-024-02421-8
B9: Kounina et al. (2014) | C9: Kounina, A., Margni, M., Shaked, S., Bulle, C., & Jolliet, O. (2014). Spatial analysis of toxic emissions in LCA: A sub-continental nested USEtox model with freshwater archetypes. Environment International, 69, 67–89. https://doi.org/10.1016/j.envint.2014.04.004
B10: Lehner et al. (2022) | C10: Lehner, B., Messager, M. L., Korver, M. C., & Linke, S. (2022). Global hydro-environmental lake characteristics at high spatial resolution. Scientific Data, 9(1), 351. https://doi.org/10.1038/s41597-022-01425-z
B11: Li et al. (2010) | C11: Li, L., Frey, M., & Browning, K. J. (2010). Biodegradability Study on Cotton and Polyester Fabrics. Journal of Engineered Fibers and Fabrics, 5(4), 155892501000500406. https://doi.org/10.1177/155892501000500406
B12: Linke et al. (2019) | C12: Linke, S., Lehner, B., Ouellet Dallaire, C., Ariwi, J., Grill, G., Anand, M., Beames, P., Burchard-Levine, V., Maxwell, S., Moidu, H., Tan, F., & Thieme, M. (2019). Global hydro-environmental sub-basin and river reach characteristics at high spatial resolution. Scientific Data, 6(1), 283. https://doi.org/10.1038/s41597-019-0300-6
B13: Louvet et al. (2026) | C13: Louvet, J., Quik, J. T. K., & Boulay, A.-M. (2026). Regionalized characterization factors for microplastic emissions in life cycle assessment considering multimedia fate modelling. Journal of Cleaner Production, 538, 147217. https://doi.org/10.1016/j.jclepro.2025.147217
B14: Maga et al. (2022) | C14: Maga, D., Galafton, C., Blömer, J., Thonemann, N., Özdamar, A., & Bertling, J. (2022). Methodology to address potential impacts of plastic emissions in life cycle assessment. The International Journal of Life Cycle Assessment, 27(3), 469–491. https://doi.org/10.1007/s11367-022-02040-1
B15: Rosenbaum et al. (2008) | C15: Rosenbaum, R. K., Bachmann, T. M., Gold, L. S., Huijbregts, M. A. J., Jolliet, O., Juraske, R., Koehler, A., Larsen, H. F., MacLeod, M., Margni, M., McKone, T. E., Payet, J., Schuhmacher, M., van de Meent, D., & Hauschild, M. Z. (2008). USEtox—the UNEP-SETAC toxicity model: Recommended characterisation factors for human toxicity and freshwater ecotoxicity in life cycle impact assessment. The International Journal of Life Cycle Assessment, 13(7), 532–546. https://doi.org/10.1007/s11367-008-0038-4
... B20: Tunali & Nowack (2025 | C20: Tunali, M., & Nowack, B. (2025). Towards including soil ecotoxicity of microplastics and tire wear particles into life cycle assessment. Ecotoxicology and Environmental Safety, 303, 118856. https://doi.org/10.1016/j.ecoenv.2025.118856
